Using launch settings from src\AgentTrust.Api\Properties\launchSettings.json...
Building...
info: Microsoft.EntityFrameworkCore.Database.Command[20101]
      Executed DbCommand (15ms) [Parameters=[], CommandType='Text', CommandTimeout='30']
      SELECT 1
info: Microsoft.EntityFrameworkCore.Migrations[20411]
      Acquiring an exclusive lock for migration application. See https://aka.ms/efcore-docs-migrations-lock for more information if this takes too long.
info: Microsoft.EntityFrameworkCore.Database.Command[20101]
      Executed DbCommand (27ms) [Parameters=[], CommandType='Text', CommandTimeout='30']
      DECLARE @result int;
      EXEC @result = sp_getapplock @Resource = '__EFMigrationsLock', @LockOwner = 'Session', @LockMode = 'Exclusive';
      SELECT @result
info: Microsoft.EntityFrameworkCore.Database.Command[20101]
      Executed DbCommand (26ms) [Parameters=[], CommandType='Text', CommandTimeout='30']
      IF OBJECT_ID(N'[__EFMigrationsHistory]') IS NULL
      BEGIN
          CREATE TABLE [__EFMigrationsHistory] (
              [MigrationId] nvarchar(150) NOT NULL,
              [ProductVersion] nvarchar(32) NOT NULL,
              CONSTRAINT [PK___EFMigrationsHistory] PRIMARY KEY ([MigrationId])
          );
      END;
info: Microsoft.EntityFrameworkCore.Database.Command[20101]
      Executed DbCommand (0ms) [Parameters=[], CommandType='Text', CommandTimeout='30']
      SELECT 1
info: Microsoft.EntityFrameworkCore.Database.Command[20101]
      Executed DbCommand (0ms) [Parameters=[], CommandType='Text', CommandTimeout='30']
      SELECT OBJECT_ID(N'[__EFMigrationsHistory]');
info: Microsoft.EntityFrameworkCore.Database.Command[20101]
      Executed DbCommand (9ms) [Parameters=[], CommandType='Text', CommandTimeout='30']
      SELECT [MigrationId], [ProductVersion]
      FROM [__EFMigrationsHistory]
      ORDER BY [MigrationId];
info: Microsoft.EntityFrameworkCore.Migrations[20405]
      No migrations were applied. The database is already up to date.
info: Microsoft.EntityFrameworkCore.Database.Command[20101]
      Executed DbCommand (5ms) [Parameters=[], CommandType='Text', CommandTimeout='30']
      DECLARE @result int;
      EXEC @result = sp_releaseapplock @Resource = '__EFMigrationsLock', @LockOwner = 'Session';
      SELECT @result
info: Microsoft.Hosting.Lifetime[14]
      Now listening on: http://localhost:5104
info: Microsoft.Hosting.Lifetime[0]
      Application started. Press Ctrl+C to shut down.
info: Microsoft.Hosting.Lifetime[0]
      Hosting environment: Development
info: Microsoft.Hosting.Lifetime[0]
      Content root path: C:\Users\fenajiro\Documents\Codex\Payment Research\Agentic-Payments-Trust\src\AgentTrust.Api
info: Microsoft.EntityFrameworkCore.Database.Command[20101]
      Executed DbCommand (25ms) [Parameters=[@__p_1='?' (DbType = Int32), @__now_0='?' (DbType = DateTimeOffset)], CommandType='Text', CommandTimeout='30']
      SELECT TOP(@__p_1) [f].[FulfilmentIntentId], [f].[AgentId], [f].[CreatedAt], [f].[Currency], [f].[DestinationReference], [f].[ExpiresAt], [f].[MerchantOrderId], [f].[Mode], [f].[PickupLocationId], [f].[PrincipalId], [f].[ProviderId], [f].[QuoteHash], [f].[QuoteId], [f].[TotalAmount], [f].[Version]
      FROM [FulfilmentIntents] AS [f]
      INNER JOIN [FulfilmentExecutions] AS [f0] ON [f].[FulfilmentIntentId] = [f0].[FulfilmentIntentId]
      WHERE [f0].[Status] IN (N'Unknown', N'Pending') AND ([f0].[NextReconciliationAt] IS NULL OR [f0].[NextReconciliationAt] <= @__now_0) AND [f0].[ReconciliationAttempts] < 8
      ORDER BY [f0].[UpdatedAt]
info: Microsoft.EntityFrameworkCore.Database.Command[20101]
      Executed DbCommand (28ms) [Parameters=[@__provider_0='?' (Size = 128), @__key_1='?' (Size = 256)], CommandType='Text', CommandTimeout='30']
      SELECT TOP(2) [a].[UserId]
      FROM [AspNetUserLogins] AS [a]
      WHERE [a].[LoginProvider] = @__provider_0 AND [a].[ProviderKey] = @__key_1
info: Microsoft.EntityFrameworkCore.Database.Command[20101]
      Executed DbCommand (15ms) [Parameters=[@__provider_0='?' (Size = 128), @__key_1='?' (Size = 256)], CommandType='Text', CommandTimeout='30']
      SELECT TOP(2) [a].[UserId]
      FROM [AspNetUserLogins] AS [a]
      WHERE [a].[LoginProvider] = @__provider_0 AND [a].[ProviderKey] = @__key_1
info: Microsoft.EntityFrameworkCore.Database.Command[20101]
      Executed DbCommand (12ms) [Parameters=[@__provider_0='?' (Size = 128), @__key_1='?' (Size = 256)], CommandType='Text', CommandTimeout='30']
      SELECT TOP(2) [a].[UserId]
      FROM [AspNetUserLogins] AS [a]
      WHERE [a].[LoginProvider] = @__provider_0 AND [a].[ProviderKey] = @__key_1
info: Microsoft.EntityFrameworkCore.Database.Command[20101]
      Executed DbCommand (6ms) [Parameters=[@__provider_0='?' (Size = 128), @__key_1='?' (Size = 256)], CommandType='Text', CommandTimeout='30']
      SELECT TOP(2) [a].[UserId]
      FROM [AspNetUserLogins] AS [a]
      WHERE [a].[LoginProvider] = @__provider_0 AND [a].[ProviderKey] = @__key_1
info: Microsoft.EntityFrameworkCore.Database.Command[20101]
      Executed DbCommand (1ms) [Parameters=[@__provider_0='?' (Size = 128), @__key_1='?' (Size = 256)], CommandType='Text', CommandTimeout='30']
      SELECT TOP(2) [a].[UserId]
      FROM [AspNetUserLogins] AS [a]
      WHERE [a].[LoginProvider] = @__provider_0 AND [a].[ProviderKey] = @__key_1
info: Microsoft.EntityFrameworkCore.Database.Command[20101]
      Executed DbCommand (0ms) [Parameters=[@__provider_0='?' (Size = 128), @__key_1='?' (Size = 256)], CommandType='Text', CommandTimeout='30']
      SELECT TOP(2) [a].[UserId]
      FROM [AspNetUserLogins] AS [a]
      WHERE [a].[LoginProvider] = @__provider_0 AND [a].[ProviderKey] = @__key_1
info: Microsoft.EntityFrameworkCore.Database.Command[20101]
      Executed DbCommand (4ms) [Parameters=[@__id_0='?' (Size = 128)], CommandType='Text', CommandTimeout='30']
      SELECT TOP(2) [a].[Id], [a].[AccessFailedCount], [a].[ConcurrencyStamp], [a].[CreatedAt], [a].[Email], [a].[EmailConfirmed], [a].[ExternalIssuer], [a].[ExternalSubject], [a].[LockoutEnabled], [a].[LockoutEnd], [a].[NormalizedEmail], [a].[NormalizedUserName], [a].[PasswordHash], [a].[PhoneNumber], [a].[PhoneNumberConfirmed], [a].[PrincipalId], [a].[SecurityStamp], [a].[TwoFactorEnabled], [a].[UserName], [a].[Version]
      FROM [AspNetUsers] AS [a]
      WHERE [a].[Id] = @__id_0
info: Microsoft.EntityFrameworkCore.Database.Command[20101]
      Executed DbCommand (4ms) [Parameters=[@__id_0='?' (Size = 128)], CommandType='Text', CommandTimeout='30']
      SELECT TOP(2) [a].[Id], [a].[AccessFailedCount], [a].[ConcurrencyStamp], [a].[CreatedAt], [a].[Email], [a].[EmailConfirmed], [a].[ExternalIssuer], [a].[ExternalSubject], [a].[LockoutEnabled], [a].[LockoutEnd], [a].[NormalizedEmail], [a].[NormalizedUserName], [a].[PasswordHash], [a].[PhoneNumber], [a].[PhoneNumberConfirmed], [a].[PrincipalId], [a].[SecurityStamp], [a].[TwoFactorEnabled], [a].[UserName], [a].[Version]
      FROM [AspNetUsers] AS [a]
      WHERE [a].[Id] = @__id_0
info: Microsoft.EntityFrameworkCore.Database.Command[20101]
      Executed DbCommand (4ms) [Parameters=[@__id_0='?' (Size = 128)], CommandType='Text', CommandTimeout='30']
      SELECT TOP(2) [a].[Id], [a].[AccessFailedCount], [a].[ConcurrencyStamp], [a].[CreatedAt], [a].[Email], [a].[EmailConfirmed], [a].[ExternalIssuer], [a].[ExternalSubject], [a].[LockoutEnabled], [a].[LockoutEnd], [a].[NormalizedEmail], [a].[NormalizedUserName], [a].[PasswordHash], [a].[PhoneNumber], [a].[PhoneNumberConfirmed], [a].[PrincipalId], [a].[SecurityStamp], [a].[TwoFactorEnabled], [a].[UserName], [a].[Version]
      FROM [AspNetUsers] AS [a]
      WHERE [a].[Id] = @__id_0
info: Microsoft.EntityFrameworkCore.Database.Command[20101]
      Executed DbCommand (4ms) [Parameters=[@__id_0='?' (Size = 128)], CommandType='Text', CommandTimeout='30']
      SELECT TOP(2) [a].[Id], [a].[AccessFailedCount], [a].[ConcurrencyStamp], [a].[CreatedAt], [a].[Email], [a].[EmailConfirmed], [a].[ExternalIssuer], [a].[ExternalSubject], [a].[LockoutEnabled], [a].[LockoutEnd], [a].[NormalizedEmail], [a].[NormalizedUserName], [a].[PasswordHash], [a].[PhoneNumber], [a].[PhoneNumberConfirmed], [a].[PrincipalId], [a].[SecurityStamp], [a].[TwoFactorEnabled], [a].[UserName], [a].[Version]
      FROM [AspNetUsers] AS [a]
      WHERE [a].[Id] = @__id_0
info: Microsoft.EntityFrameworkCore.Database.Command[20101]
      Executed DbCommand (4ms) [Parameters=[@__id_0='?' (Size = 128)], CommandType='Text', CommandTimeout='30']
      SELECT TOP(2) [a].[Id], [a].[AccessFailedCount], [a].[ConcurrencyStamp], [a].[CreatedAt], [a].[Email], [a].[EmailConfirmed], [a].[ExternalIssuer], [a].[ExternalSubject], [a].[LockoutEnabled], [a].[LockoutEnd], [a].[NormalizedEmail], [a].[NormalizedUserName], [a].[PasswordHash], [a].[PhoneNumber], [a].[PhoneNumberConfirmed], [a].[PrincipalId], [a].[SecurityStamp], [a].[TwoFactorEnabled], [a].[UserName], [a].[Version]
      FROM [AspNetUsers] AS [a]
      WHERE [a].[Id] = @__id_0
info: Microsoft.EntityFrameworkCore.Database.Command[20101]
      Executed DbCommand (5ms) [Parameters=[@__id_0='?' (Size = 128)], CommandType='Text', CommandTimeout='30']
      SELECT TOP(2) [a].[Id], [a].[AccessFailedCount], [a].[ConcurrencyStamp], [a].[CreatedAt], [a].[Email], [a].[EmailConfirmed], [a].[ExternalIssuer], [a].[ExternalSubject], [a].[LockoutEnabled], [a].[LockoutEnd], [a].[NormalizedEmail], [a].[NormalizedUserName], [a].[PasswordHash], [a].[PhoneNumber], [a].[PhoneNumberConfirmed], [a].[PrincipalId], [a].[SecurityStamp], [a].[TwoFactorEnabled], [a].[UserName], [a].[Version]
      FROM [AspNetUsers] AS [a]
      WHERE [a].[Id] = @__id_0
info: Microsoft.EntityFrameworkCore.Database.Command[20101]
      Executed DbCommand (5ms) [Parameters=[], CommandType='Text', CommandTimeout='30']
      SELECT [a].[SequenceNumber], [a].[AgentId], [a].[AuthorityId], [a].[CurrentHash], [a].[PolicyVersion], [a].[PreviousHash], [a].[PrincipalId], [a].[RecordJson], [a].[Timestamp], [a].[TransactionId]
      FROM [AuditRecords] AS [a]
      ORDER BY [a].[SequenceNumber]
info: Microsoft.EntityFrameworkCore.Database.Command[20101]
      Executed DbCommand (6ms) [Parameters=[], CommandType='Text', CommandTimeout='30']
      SELECT [a].[SequenceNumber], [a].[AgentId], [a].[AuthorityId], [a].[CurrentHash], [a].[PolicyVersion], [a].[PreviousHash], [a].[PrincipalId], [a].[RecordJson], [a].[Timestamp], [a].[TransactionId]
      FROM [AuditRecords] AS [a]
      ORDER BY [a].[SequenceNumber]
info: Microsoft.EntityFrameworkCore.Database.Command[20101]
      Executed DbCommand (5ms) [Parameters=[], CommandType='Text', CommandTimeout='30']
      SELECT [a].[SequenceNumber], [a].[AgentId], [a].[AuthorityId], [a].[CurrentHash], [a].[PolicyVersion], [a].[PreviousHash], [a].[PrincipalId], [a].[RecordJson], [a].[Timestamp], [a].[TransactionId]
      FROM [AuditRecords] AS [a]
      ORDER BY [a].[SequenceNumber]
info: Microsoft.EntityFrameworkCore.Database.Command[20101]
      Executed DbCommand (6ms) [Parameters=[], CommandType='Text', CommandTimeout='30']
      SELECT [a].[SequenceNumber], [a].[AgentId], [a].[AuthorityId], [a].[CurrentHash], [a].[PolicyVersion], [a].[PreviousHash], [a].[PrincipalId], [a].[RecordJson], [a].[Timestamp], [a].[TransactionId]
      FROM [AuditRecords] AS [a]
      ORDER BY [a].[SequenceNumber]
info: Microsoft.EntityFrameworkCore.Database.Command[20101]
      Executed DbCommand (6ms) [Parameters=[], CommandType='Text', CommandTimeout='30']
      SELECT [a].[SequenceNumber], [a].[AgentId], [a].[AuthorityId], [a].[CurrentHash], [a].[PolicyVersion], [a].[PreviousHash], [a].[PrincipalId], [a].[RecordJson], [a].[Timestamp], [a].[TransactionId]
      FROM [AuditRecords] AS [a]
      ORDER BY [a].[SequenceNumber]
info: Microsoft.EntityFrameworkCore.Database.Command[20101]
      Executed DbCommand (5ms) [Parameters=[@__principalId_0='?' (Size = 128)], CommandType='Text', CommandTimeout='30']
      SELECT TOP(2) [a].[Id], [a].[AccessFailedCount], [a].[ConcurrencyStamp], [a].[CreatedAt], [a].[Email], [a].[EmailConfirmed], [a].[ExternalIssuer], [a].[ExternalSubject], [a].[LockoutEnabled], [a].[LockoutEnd], [a].[NormalizedEmail], [a].[NormalizedUserName], [a].[PasswordHash], [a].[PhoneNumber], [a].[PhoneNumberConfirmed], [a].[PrincipalId], [a].[SecurityStamp], [a].[TwoFactorEnabled], [a].[UserName], [a].[Version]
      FROM [AspNetUsers] AS [a]
      WHERE [a].[PrincipalId] = @__principalId_0
info: Microsoft.EntityFrameworkCore.Database.Command[20101]
      Executed DbCommand (3ms) [Parameters=[@__provider_0='?' (Size = 128), @__key_1='?' (Size = 256)], CommandType='Text', CommandTimeout='30']
      SELECT TOP(2) [a].[UserId]
      FROM [AspNetUserLogins] AS [a]
      WHERE [a].[LoginProvider] = @__provider_0 AND [a].[ProviderKey] = @__key_1
info: Microsoft.EntityFrameworkCore.Database.Command[20101]
      Executed DbCommand (3ms) [Parameters=[@__id_0='?' (Size = 128)], CommandType='Text', CommandTimeout='30']
      SELECT TOP(2) [a].[Id], [a].[AccessFailedCount], [a].[ConcurrencyStamp], [a].[CreatedAt], [a].[Email], [a].[EmailConfirmed], [a].[ExternalIssuer], [a].[ExternalSubject], [a].[LockoutEnabled], [a].[LockoutEnd], [a].[NormalizedEmail], [a].[NormalizedUserName], [a].[PasswordHash], [a].[PhoneNumber], [a].[PhoneNumberConfirmed], [a].[PrincipalId], [a].[SecurityStamp], [a].[TwoFactorEnabled], [a].[UserName], [a].[Version]
      FROM [AspNetUsers] AS [a]
      WHERE [a].[Id] = @__id_0
info: Microsoft.EntityFrameworkCore.Database.Command[20101]
      Executed DbCommand (2ms) [Parameters=[], CommandType='Text', CommandTimeout='30']
      SELECT [a].[SequenceNumber], [a].[AgentId], [a].[AuthorityId], [a].[CurrentHash], [a].[PolicyVersion], [a].[PreviousHash], [a].[PrincipalId], [a].[RecordJson], [a].[Timestamp], [a].[TransactionId]
      FROM [AuditRecords] AS [a]
      ORDER BY [a].[SequenceNumber]
info: Microsoft.EntityFrameworkCore.Database.Command[20101]
      Executed DbCommand (4ms) [Parameters=[@__principalId_0='?' (Size = 4000)], CommandType='Text', CommandTimeout='30']
      SELECT [a].[AgentId], [a].[AgentType], [a].[CredentialStatus], [a].[Environment], [a].[ExpiresAt], [a].[IssuedAt], [a].[IssuerTrustAnchor], [a].[PrincipalId]
      FROM [Agents] AS [a]
      WHERE [a].[PrincipalId] = @__principalId_0
info: Microsoft.EntityFrameworkCore.Database.Command[20101]
      Executed DbCommand (2ms) [Parameters=[@__id_0='?' (Size = 450)], CommandType='Text', CommandTimeout='30']
      SELECT [c].[PaymentMethodId], [c].[CardBrand], [c].[ExpiryMonth], [c].[ExpiryYear], [c].[Last4], [c].[PrincipalId], [c].[Provider], [c].[ProviderCustomerReference], [c].[ProviderToken], [c].[Status], [c].[Version]
      FROM [ConsumerPaymentMethods] AS [c]
      WHERE [c].[PrincipalId] = @__id_0
info: Microsoft.EntityFrameworkCore.Database.Command[20101]
      Executed DbCommand (10ms) [Parameters=[@__id_0='?' (Size = 450)], CommandType='Text', CommandTimeout='30']
      SELECT [c].[PaymentMethodId], [c].[CardBrand], [c].[ExpiryMonth], [c].[ExpiryYear], [c].[Last4], [c].[PrincipalId], [c].[Provider], [c].[ProviderCustomerReference], [c].[ProviderToken], [c].[Status], [c].[Version]
      FROM [ConsumerPaymentMethods] AS [c]
      WHERE [c].[PrincipalId] = @__id_0
info: Microsoft.EntityFrameworkCore.Database.Command[20101]
      Executed DbCommand (12ms) [Parameters=[@__principal_0='?' (Size = 450)], CommandType='Text', CommandTimeout='30']
      SELECT [c].[TaskId], [c].[AgentId], [c].[CreatedAt], [c].[Currency], [c].[MandateId], [c].[MandateVersion], [c].[MaximumAmount], [c].[MerchantScopeJson], [c].[NextExecutionAt], [c].[PaymentMethodId], [c].[PreferencesJson], [c].[PrincipalId], [c].[RecipientId], [c].[Schedule], [c].[ShoppingListJson], [c].[Status], [c].[Timezone], [c].[UpdatedAt], [c].[Version]
      FROM [ConsumerPurchaseTasks] AS [c]
      WHERE [c].[PrincipalId] = @__principal_0
info: Microsoft.EntityFrameworkCore.Database.Command[20101]
      Executed DbCommand (10ms) [Parameters=[@__principal_0='?' (Size = 450)], CommandType='Text', CommandTimeout='30']
      SELECT [p].[ExecutionId], [p].[CreatedAt], [p].[PrincipalId], [p].[ProviderPaymentId], [p].[PurchaseIntentId], [p].[ReasonsJson], [p].[RequiredAction], [p].[ScheduledFor], [p].[State], [p].[TaskId], [p].[TransactionId], [p].[UpdatedAt], [p].[Version]
      FROM [PurchaseExecutions] AS [p]
      WHERE [p].[PrincipalId] = @__principal_0
info: Microsoft.EntityFrameworkCore.Database.Command[20101]
      Executed DbCommand (13ms) [Parameters=[@__principal_0='?' (Size = 450)], CommandType='Text', CommandTimeout='30']
      SELECT TOP(2) [c].[PrincipalId], [c].[AllowAlternativeMerchants], [c].[AllowCrossBrandSubstitutions], [c].[AllowSplitOrders], [c].[AskBeforeNonPreferredMerchant], [c].[DeliveryAddress], [c].[ExcludedMerchantsJson], [c].[MaximumAdditionalDeliveryCost], [c].[MaximumDistanceMiles], [c].[Postcode], [c].[PreferredMerchantsJson], [c].[UpdatedAt], [c].[Version]
      FROM [ConsumerShoppingDeliveryPolicies] AS [c]
      WHERE [c].[PrincipalId] = @__principal_0
info: Microsoft.EntityFrameworkCore.Database.Command[20101]
      Executed DbCommand (13ms) [Parameters=[@__id_0='?' (Size = 450)], CommandType='Text', CommandTimeout='30']
      SELECT [f].[MandateId], [f].[Version], [f].[AboveLimit], [f].[AgentId], [f].[ConcurrencyVersion], [f].[CreatedAt], [f].[Currency], [f].[DailyLimit], [f].[EffectiveFrom], [f].[ExpiresAt], [f].[Merchant], [f].[MonthlyLimit], [f].[PaymentMethodId], [f].[PerTransactionLimit], [f].[PrincipalId], [f].[Purpose], [f].[Status], [f].[SupersedesMandateId], [f].[TaskParametersJson], [f].[WeeklyLimit]
      FROM [FinancialMandates] AS [f]
      WHERE [f].[PrincipalId] = @__id_0
info: Microsoft.EntityFrameworkCore.Database.Command[20101]
      Executed DbCommand (4ms) [Parameters=[@__id_0='?' (Size = 450)], CommandType='Text', CommandTimeout='30']
      SELECT [f].[MandateId], [f].[Version], [f].[AboveLimit], [f].[AgentId], [f].[ConcurrencyVersion], [f].[CreatedAt], [f].[Currency], [f].[DailyLimit], [f].[EffectiveFrom], [f].[ExpiresAt], [f].[Merchant], [f].[MonthlyLimit], [f].[PaymentMethodId], [f].[PerTransactionLimit], [f].[PrincipalId], [f].[Purpose], [f].[Status], [f].[SupersedesMandateId], [f].[TaskParametersJson], [f].[WeeklyLimit]
      FROM [FinancialMandates] AS [f]
      WHERE [f].[PrincipalId] = @__id_0
info: Microsoft.EntityFrameworkCore.Database.Command[20101]
      Executed DbCommand (6ms) [Parameters=[@__provider_0='?' (Size = 128), @__key_1='?' (Size = 256)], CommandType='Text', CommandTimeout='30']
      SELECT TOP(2) [a].[UserId]
      FROM [AspNetUserLogins] AS [a]
      WHERE [a].[LoginProvider] = @__provider_0 AND [a].[ProviderKey] = @__key_1
info: Microsoft.EntityFrameworkCore.Database.Command[20101]
      Executed DbCommand (13ms) [Parameters=[@__id_0='?' (Size = 128)], CommandType='Text', CommandTimeout='30']
      SELECT TOP(2) [a].[Id], [a].[AccessFailedCount], [a].[ConcurrencyStamp], [a].[CreatedAt], [a].[Email], [a].[EmailConfirmed], [a].[ExternalIssuer], [a].[ExternalSubject], [a].[LockoutEnabled], [a].[LockoutEnd], [a].[NormalizedEmail], [a].[NormalizedUserName], [a].[PasswordHash], [a].[PhoneNumber], [a].[PhoneNumberConfirmed], [a].[PrincipalId], [a].[SecurityStamp], [a].[TwoFactorEnabled], [a].[UserName], [a].[Version]
      FROM [AspNetUsers] AS [a]
      WHERE [a].[Id] = @__id_0
info: Microsoft.EntityFrameworkCore.Database.Command[20101]
      Executed DbCommand (3ms) [Parameters=[], CommandType='Text', CommandTimeout='30']
      SELECT [a].[SequenceNumber], [a].[AgentId], [a].[AuthorityId], [a].[CurrentHash], [a].[PolicyVersion], [a].[PreviousHash], [a].[PrincipalId], [a].[RecordJson], [a].[Timestamp], [a].[TransactionId]
      FROM [AuditRecords] AS [a]
      ORDER BY [a].[SequenceNumber]
info: Microsoft.EntityFrameworkCore.Database.Command[20101]
      Executed DbCommand (15ms) [Parameters=[@__provider_0='?' (Size = 128), @__key_1='?' (Size = 256)], CommandType='Text', CommandTimeout='30']
      SELECT TOP(2) [a].[UserId]
      FROM [AspNetUserLogins] AS [a]
      WHERE [a].[LoginProvider] = @__provider_0 AND [a].[ProviderKey] = @__key_1
info: Microsoft.EntityFrameworkCore.Database.Command[20101]
      Executed DbCommand (15ms) [Parameters=[@__provider_0='?' (Size = 128), @__key_1='?' (Size = 256)], CommandType='Text', CommandTimeout='30']
      SELECT TOP(2) [a].[UserId]
      FROM [AspNetUserLogins] AS [a]
      WHERE [a].[LoginProvider] = @__provider_0 AND [a].[ProviderKey] = @__key_1
info: Microsoft.EntityFrameworkCore.Database.Command[20101]
      Executed DbCommand (14ms) [Parameters=[@__id_0='?' (Size = 128)], CommandType='Text', CommandTimeout='30']
      SELECT TOP(2) [a].[Id], [a].[AccessFailedCount], [a].[ConcurrencyStamp], [a].[CreatedAt], [a].[Email], [a].[EmailConfirmed], [a].[ExternalIssuer], [a].[ExternalSubject], [a].[LockoutEnabled], [a].[LockoutEnd], [a].[NormalizedEmail], [a].[NormalizedUserName], [a].[PasswordHash], [a].[PhoneNumber], [a].[PhoneNumberConfirmed], [a].[PrincipalId], [a].[SecurityStamp], [a].[TwoFactorEnabled], [a].[UserName], [a].[Version]
      FROM [AspNetUsers] AS [a]
      WHERE [a].[Id] = @__id_0
info: Microsoft.EntityFrameworkCore.Database.Command[20101]
      Executed DbCommand (14ms) [Parameters=[@__id_0='?' (Size = 128)], CommandType='Text', CommandTimeout='30']
      SELECT TOP(2) [a].[Id], [a].[AccessFailedCount], [a].[ConcurrencyStamp], [a].[CreatedAt], [a].[Email], [a].[EmailConfirmed], [a].[ExternalIssuer], [a].[ExternalSubject], [a].[LockoutEnabled], [a].[LockoutEnd], [a].[NormalizedEmail], [a].[NormalizedUserName], [a].[PasswordHash], [a].[PhoneNumber], [a].[PhoneNumberConfirmed], [a].[PrincipalId], [a].[SecurityStamp], [a].[TwoFactorEnabled], [a].[UserName], [a].[Version]
      FROM [AspNetUsers] AS [a]
      WHERE [a].[Id] = @__id_0
info: Microsoft.EntityFrameworkCore.Database.Command[20101]
      Executed DbCommand (1ms) [Parameters=[], CommandType='Text', CommandTimeout='30']
      SELECT [a].[SequenceNumber], [a].[AgentId], [a].[AuthorityId], [a].[CurrentHash], [a].[PolicyVersion], [a].[PreviousHash], [a].[PrincipalId], [a].[RecordJson], [a].[Timestamp], [a].[TransactionId]
      FROM [AuditRecords] AS [a]
      ORDER BY [a].[SequenceNumber]
info: Microsoft.EntityFrameworkCore.Database.Command[20101]
      Executed DbCommand (1ms) [Parameters=[], CommandType='Text', CommandTimeout='30']
      SELECT [a].[SequenceNumber], [a].[AgentId], [a].[AuthorityId], [a].[CurrentHash], [a].[PolicyVersion], [a].[PreviousHash], [a].[PrincipalId], [a].[RecordJson], [a].[Timestamp], [a].[TransactionId]
      FROM [AuditRecords] AS [a]
      ORDER BY [a].[SequenceNumber]
info: Microsoft.EntityFrameworkCore.Database.Command[20101]
      Executed DbCommand (2ms) [Parameters=[@__principal_0='?' (Size = 450), @__now_1='?' (DbType = DateTimeOffset)], CommandType='Text', CommandTimeout='30']
      SELECT [c].[MemoryId], [c].[Confidence], [c].[Content], [c].[CreatedAt], [c].[Deleted], [c].[ExpiresAt], [c].[Kind], [c].[Polarity], [c].[PrincipalId], [c].[Provenance], [c].[SourceConversationId], [c].[SourcePurchaseIntentId], [c].[Subject], [c].[UpdatedAt], [c].[Version]
      FROM [ConsumerMemories] AS [c]
      WHERE [c].[PrincipalId] = @__principal_0 AND [c].[Deleted] = CAST(0 AS bit) AND ([c].[ExpiresAt] IS NULL OR [c].[ExpiresAt] > @__now_1)
info: Microsoft.EntityFrameworkCore.Database.Command[20101]
      Executed DbCommand (2ms) [Parameters=[@__principal_0='?' (Size = 450)], CommandType='Text', CommandTimeout='30']
      SELECT TOP(2) [c].[PrincipalId], [c].[AskBeforeSubstitutions], [c].[InteractionMode], [c].[ShowBasketBeforePayment], [c].[UpdatedAt], [c].[Version]
      FROM [ConsumerConversationPolicies] AS [c]
      WHERE [c].[PrincipalId] = @__principal_0
info: Microsoft.EntityFrameworkCore.Database.Command[20101]
      Executed DbCommand (19ms) [Parameters=[@__principal_0='?' (Size = 450)], CommandType='Text', CommandTimeout='30']
      SELECT [c].[RecipientId], [c].[Active], [c].[AllowSubstitutions], [c].[AllowedCategoriesJson], [c].[CreatedAt], [c].[DeliveryAddress], [c].[DeliveryConsent], [c].[Email], [c].[ExcludedCategoriesJson], [c].[ExcludedMerchantsJson], [c].[Name], [c].[NotifyRecipient], [c].[PayerNotification], [c].[Phone], [c].[PreferredMerchantsJson], [c].[PrincipalId], [c].[Relationship], [c].[UpdatedAt], [c].[Version]
      FROM [ConsumerRecipients] AS [c]
      WHERE [c].[PrincipalId] = @__principal_0
      ORDER BY [c].[Name]
info: Microsoft.EntityFrameworkCore.Database.Command[20101]
      Executed DbCommand (7ms) [Parameters=[@__p_1='?' (DbType = Int32), @__now_0='?' (DbType = DateTimeOffset)], CommandType='Text', CommandTimeout='30']
      SELECT TOP(@__p_1) [f].[FulfilmentIntentId], [f].[AgentId], [f].[CreatedAt], [f].[Currency], [f].[DestinationReference], [f].[ExpiresAt], [f].[MerchantOrderId], [f].[Mode], [f].[PickupLocationId], [f].[PrincipalId], [f].[ProviderId], [f].[QuoteHash], [f].[QuoteId], [f].[TotalAmount], [f].[Version]
      FROM [FulfilmentIntents] AS [f]
      INNER JOIN [FulfilmentExecutions] AS [f0] ON [f].[FulfilmentIntentId] = [f0].[FulfilmentIntentId]
      WHERE [f0].[Status] IN (N'Unknown', N'Pending') AND ([f0].[NextReconciliationAt] IS NULL OR [f0].[NextReconciliationAt] <= @__now_0) AND [f0].[ReconciliationAttempts] < 8
      ORDER BY [f0].[UpdatedAt]
info: Microsoft.EntityFrameworkCore.Database.Command[20101]
      Executed DbCommand (11ms) [Parameters=[@__p_1='?' (DbType = Int32), @__now_0='?' (DbType = DateTimeOffset)], CommandType='Text', CommandTimeout='30']
      SELECT TOP(@__p_1) [f].[FulfilmentIntentId], [f].[AgentId], [f].[CreatedAt], [f].[Currency], [f].[DestinationReference], [f].[ExpiresAt], [f].[MerchantOrderId], [f].[Mode], [f].[PickupLocationId], [f].[PrincipalId], [f].[ProviderId], [f].[QuoteHash], [f].[QuoteId], [f].[TotalAmount], [f].[Version]
      FROM [FulfilmentIntents] AS [f]
      INNER JOIN [FulfilmentExecutions] AS [f0] ON [f].[FulfilmentIntentId] = [f0].[FulfilmentIntentId]
      WHERE [f0].[Status] IN (N'Unknown', N'Pending') AND ([f0].[NextReconciliationAt] IS NULL OR [f0].[NextReconciliationAt] <= @__now_0) AND [f0].[ReconciliationAttempts] < 8
      ORDER BY [f0].[UpdatedAt]
info: Microsoft.EntityFrameworkCore.Database.Command[20101]
      Executed DbCommand (11ms) [Parameters=[@__p_1='?' (DbType = Int32), @__now_0='?' (DbType = DateTimeOffset)], CommandType='Text', CommandTimeout='30']
      SELECT TOP(@__p_1) [f].[FulfilmentIntentId], [f].[AgentId], [f].[CreatedAt], [f].[Currency], [f].[DestinationReference], [f].[ExpiresAt], [f].[MerchantOrderId], [f].[Mode], [f].[PickupLocationId], [f].[PrincipalId], [f].[ProviderId], [f].[QuoteHash], [f].[QuoteId], [f].[TotalAmount], [f].[Version]
      FROM [FulfilmentIntents] AS [f]
      INNER JOIN [FulfilmentExecutions] AS [f0] ON [f].[FulfilmentIntentId] = [f0].[FulfilmentIntentId]
      WHERE [f0].[Status] IN (N'Unknown', N'Pending') AND ([f0].[NextReconciliationAt] IS NULL OR [f0].[NextReconciliationAt] <= @__now_0) AND [f0].[ReconciliationAttempts] < 8
      ORDER BY [f0].[UpdatedAt]
info: Microsoft.EntityFrameworkCore.Database.Command[20101]
      Executed DbCommand (18ms) [Parameters=[@__p_1='?' (DbType = Int32), @__now_0='?' (DbType = DateTimeOffset)], CommandType='Text', CommandTimeout='30']
      SELECT TOP(@__p_1) [f].[FulfilmentIntentId], [f].[AgentId], [f].[CreatedAt], [f].[Currency], [f].[DestinationReference], [f].[ExpiresAt], [f].[MerchantOrderId], [f].[Mode], [f].[PickupLocationId], [f].[PrincipalId], [f].[ProviderId], [f].[QuoteHash], [f].[QuoteId], [f].[TotalAmount], [f].[Version]
      FROM [FulfilmentIntents] AS [f]
      INNER JOIN [FulfilmentExecutions] AS [f0] ON [f].[FulfilmentIntentId] = [f0].[FulfilmentIntentId]
      WHERE [f0].[Status] IN (N'Unknown', N'Pending') AND ([f0].[NextReconciliationAt] IS NULL OR [f0].[NextReconciliationAt] <= @__now_0) AND [f0].[ReconciliationAttempts] < 8
      ORDER BY [f0].[UpdatedAt]
info: Microsoft.EntityFrameworkCore.Database.Command[20101]
      Executed DbCommand (14ms) [Parameters=[@__provider_0='?' (Size = 128), @__key_1='?' (Size = 256)], CommandType='Text', CommandTimeout='30']
      SELECT TOP(2) [a].[UserId]
      FROM [AspNetUserLogins] AS [a]
      WHERE [a].[LoginProvider] = @__provider_0 AND [a].[ProviderKey] = @__key_1
info: Microsoft.EntityFrameworkCore.Database.Command[20101]
      Executed DbCommand (4ms) [Parameters=[@__id_0='?' (Size = 128)], CommandType='Text', CommandTimeout='30']
      SELECT TOP(2) [a].[Id], [a].[AccessFailedCount], [a].[ConcurrencyStamp], [a].[CreatedAt], [a].[Email], [a].[EmailConfirmed], [a].[ExternalIssuer], [a].[ExternalSubject], [a].[LockoutEnabled], [a].[LockoutEnd], [a].[NormalizedEmail], [a].[NormalizedUserName], [a].[PasswordHash], [a].[PhoneNumber], [a].[PhoneNumberConfirmed], [a].[PrincipalId], [a].[SecurityStamp], [a].[TwoFactorEnabled], [a].[UserName], [a].[Version]
      FROM [AspNetUsers] AS [a]
      WHERE [a].[Id] = @__id_0
info: Microsoft.EntityFrameworkCore.Database.Command[20101]
      Executed DbCommand (7ms) [Parameters=[@__provider_0='?' (Size = 128), @__key_1='?' (Size = 256)], CommandType='Text', CommandTimeout='30']
      SELECT TOP(2) [a].[UserId]
      FROM [AspNetUserLogins] AS [a]
      WHERE [a].[LoginProvider] = @__provider_0 AND [a].[ProviderKey] = @__key_1
info: Microsoft.EntityFrameworkCore.Database.Command[20101]
      Executed DbCommand (1ms) [Parameters=[@__provider_0='?' (Size = 128), @__key_1='?' (Size = 256)], CommandType='Text', CommandTimeout='30']
      SELECT TOP(2) [a].[UserId]
      FROM [AspNetUserLogins] AS [a]
      WHERE [a].[LoginProvider] = @__provider_0 AND [a].[ProviderKey] = @__key_1
info: Microsoft.EntityFrameworkCore.Database.Command[20101]
      Executed DbCommand (4ms) [Parameters=[@__provider_0='?' (Size = 128), @__key_1='?' (Size = 256)], CommandType='Text', CommandTimeout='30']
      SELECT TOP(2) [a].[UserId]
      FROM [AspNetUserLogins] AS [a]
      WHERE [a].[LoginProvider] = @__provider_0 AND [a].[ProviderKey] = @__key_1
info: Microsoft.EntityFrameworkCore.Database.Command[20101]
      Executed DbCommand (1ms) [Parameters=[@__provider_0='?' (Size = 128), @__key_1='?' (Size = 256)], CommandType='Text', CommandTimeout='30']
      SELECT TOP(2) [a].[UserId]
      FROM [AspNetUserLogins] AS [a]
      WHERE [a].[LoginProvider] = @__provider_0 AND [a].[ProviderKey] = @__key_1
info: Microsoft.EntityFrameworkCore.Database.Command[20101]
      Executed DbCommand (0ms) [Parameters=[@__provider_0='?' (Size = 128), @__key_1='?' (Size = 256)], CommandType='Text', CommandTimeout='30']
      SELECT TOP(2) [a].[UserId]
      FROM [AspNetUserLogins] AS [a]
      WHERE [a].[LoginProvider] = @__provider_0 AND [a].[ProviderKey] = @__key_1
info: Microsoft.EntityFrameworkCore.Database.Command[20101]
      Executed DbCommand (3ms) [Parameters=[@__id_0='?' (Size = 128)], CommandType='Text', CommandTimeout='30']
      SELECT TOP(2) [a].[Id], [a].[AccessFailedCount], [a].[ConcurrencyStamp], [a].[CreatedAt], [a].[Email], [a].[EmailConfirmed], [a].[ExternalIssuer], [a].[ExternalSubject], [a].[LockoutEnabled], [a].[LockoutEnd], [a].[NormalizedEmail], [a].[NormalizedUserName], [a].[PasswordHash], [a].[PhoneNumber], [a].[PhoneNumberConfirmed], [a].[PrincipalId], [a].[SecurityStamp], [a].[TwoFactorEnabled], [a].[UserName], [a].[Version]
      FROM [AspNetUsers] AS [a]
      WHERE [a].[Id] = @__id_0
info: Microsoft.EntityFrameworkCore.Database.Command[20101]
      Executed DbCommand (3ms) [Parameters=[@__id_0='?' (Size = 128)], CommandType='Text', CommandTimeout='30']
      SELECT TOP(2) [a].[Id], [a].[AccessFailedCount], [a].[ConcurrencyStamp], [a].[CreatedAt], [a].[Email], [a].[EmailConfirmed], [a].[ExternalIssuer], [a].[ExternalSubject], [a].[LockoutEnabled], [a].[LockoutEnd], [a].[NormalizedEmail], [a].[NormalizedUserName], [a].[PasswordHash], [a].[PhoneNumber], [a].[PhoneNumberConfirmed], [a].[PrincipalId], [a].[SecurityStamp], [a].[TwoFactorEnabled], [a].[UserName], [a].[Version]
      FROM [AspNetUsers] AS [a]
      WHERE [a].[Id] = @__id_0
info: Microsoft.EntityFrameworkCore.Database.Command[20101]
      Executed DbCommand (3ms) [Parameters=[@__id_0='?' (Size = 128)], CommandType='Text', CommandTimeout='30']
      SELECT TOP(2) [a].[Id], [a].[AccessFailedCount], [a].[ConcurrencyStamp], [a].[CreatedAt], [a].[Email], [a].[EmailConfirmed], [a].[ExternalIssuer], [a].[ExternalSubject], [a].[LockoutEnabled], [a].[LockoutEnd], [a].[NormalizedEmail], [a].[NormalizedUserName], [a].[PasswordHash], [a].[PhoneNumber], [a].[PhoneNumberConfirmed], [a].[PrincipalId], [a].[SecurityStamp], [a].[TwoFactorEnabled], [a].[UserName], [a].[Version]
      FROM [AspNetUsers] AS [a]
      WHERE [a].[Id] = @__id_0
info: Microsoft.EntityFrameworkCore.Database.Command[20101]
      Executed DbCommand (1ms) [Parameters=[@__provider_0='?' (Size = 128), @__key_1='?' (Size = 256)], CommandType='Text', CommandTimeout='30']
      SELECT TOP(2) [a].[UserId]
      FROM [AspNetUserLogins] AS [a]
      WHERE [a].[LoginProvider] = @__provider_0 AND [a].[ProviderKey] = @__key_1
info: Microsoft.EntityFrameworkCore.Database.Command[20101]
      Executed DbCommand (0ms) [Parameters=[@__id_0='?' (Size = 128)], CommandType='Text', CommandTimeout='30']
      SELECT TOP(2) [a].[Id], [a].[AccessFailedCount], [a].[ConcurrencyStamp], [a].[CreatedAt], [a].[Email], [a].[EmailConfirmed], [a].[ExternalIssuer], [a].[ExternalSubject], [a].[LockoutEnabled], [a].[LockoutEnd], [a].[NormalizedEmail], [a].[NormalizedUserName], [a].[PasswordHash], [a].[PhoneNumber], [a].[PhoneNumberConfirmed], [a].[PrincipalId], [a].[SecurityStamp], [a].[TwoFactorEnabled], [a].[UserName], [a].[Version]
      FROM [AspNetUsers] AS [a]
      WHERE [a].[Id] = @__id_0
info: Microsoft.EntityFrameworkCore.Database.Command[20101]
      Executed DbCommand (2ms) [Parameters=[@__id_0='?' (Size = 128)], CommandType='Text', CommandTimeout='30']
      SELECT TOP(2) [a].[Id], [a].[AccessFailedCount], [a].[ConcurrencyStamp], [a].[CreatedAt], [a].[Email], [a].[EmailConfirmed], [a].[ExternalIssuer], [a].[ExternalSubject], [a].[LockoutEnabled], [a].[LockoutEnd], [a].[NormalizedEmail], [a].[NormalizedUserName], [a].[PasswordHash], [a].[PhoneNumber], [a].[PhoneNumberConfirmed], [a].[PrincipalId], [a].[SecurityStamp], [a].[TwoFactorEnabled], [a].[UserName], [a].[Version]
      FROM [AspNetUsers] AS [a]
      WHERE [a].[Id] = @__id_0
info: Microsoft.EntityFrameworkCore.Database.Command[20101]
      Executed DbCommand (0ms) [Parameters=[@__id_0='?' (Size = 128)], CommandType='Text', CommandTimeout='30']
      SELECT TOP(2) [a].[Id], [a].[AccessFailedCount], [a].[ConcurrencyStamp], [a].[CreatedAt], [a].[Email], [a].[EmailConfirmed], [a].[ExternalIssuer], [a].[ExternalSubject], [a].[LockoutEnabled], [a].[LockoutEnd], [a].[NormalizedEmail], [a].[NormalizedUserName], [a].[PasswordHash], [a].[PhoneNumber], [a].[PhoneNumberConfirmed], [a].[PrincipalId], [a].[SecurityStamp], [a].[TwoFactorEnabled], [a].[UserName], [a].[Version]
      FROM [AspNetUsers] AS [a]
      WHERE [a].[Id] = @__id_0
info: Microsoft.EntityFrameworkCore.Database.Command[20101]
      Executed DbCommand (4ms) [Parameters=[], CommandType='Text', CommandTimeout='30']
      SELECT [a].[SequenceNumber], [a].[AgentId], [a].[AuthorityId], [a].[CurrentHash], [a].[PolicyVersion], [a].[PreviousHash], [a].[PrincipalId], [a].[RecordJson], [a].[Timestamp], [a].[TransactionId]
      FROM [AuditRecords] AS [a]
      ORDER BY [a].[SequenceNumber]
info: Microsoft.EntityFrameworkCore.Database.Command[20101]
      Executed DbCommand (4ms) [Parameters=[], CommandType='Text', CommandTimeout='30']
      SELECT [a].[SequenceNumber], [a].[AgentId], [a].[AuthorityId], [a].[CurrentHash], [a].[PolicyVersion], [a].[PreviousHash], [a].[PrincipalId], [a].[RecordJson], [a].[Timestamp], [a].[TransactionId]
      FROM [AuditRecords] AS [a]
      ORDER BY [a].[SequenceNumber]
info: Microsoft.EntityFrameworkCore.Database.Command[20101]
      Executed DbCommand (4ms) [Parameters=[@__principalId_0='?' (Size = 128)], CommandType='Text', CommandTimeout='30']
      SELECT TOP(2) [a].[Id], [a].[AccessFailedCount], [a].[ConcurrencyStamp], [a].[CreatedAt], [a].[Email], [a].[EmailConfirmed], [a].[ExternalIssuer], [a].[ExternalSubject], [a].[LockoutEnabled], [a].[LockoutEnd], [a].[NormalizedEmail], [a].[NormalizedUserName], [a].[PasswordHash], [a].[PhoneNumber], [a].[PhoneNumberConfirmed], [a].[PrincipalId], [a].[SecurityStamp], [a].[TwoFactorEnabled], [a].[UserName], [a].[Version]
      FROM [AspNetUsers] AS [a]
      WHERE [a].[PrincipalId] = @__principalId_0
info: Microsoft.EntityFrameworkCore.Database.Command[20101]
      Executed DbCommand (4ms) [Parameters=[], CommandType='Text', CommandTimeout='30']
      SELECT [a].[SequenceNumber], [a].[AgentId], [a].[AuthorityId], [a].[CurrentHash], [a].[PolicyVersion], [a].[PreviousHash], [a].[PrincipalId], [a].[RecordJson], [a].[Timestamp], [a].[TransactionId]
      FROM [AuditRecords] AS [a]
      ORDER BY [a].[SequenceNumber]
info: Microsoft.EntityFrameworkCore.Database.Command[20101]
      Executed DbCommand (5ms) [Parameters=[], CommandType='Text', CommandTimeout='30']
      SELECT [a].[SequenceNumber], [a].[AgentId], [a].[AuthorityId], [a].[CurrentHash], [a].[PolicyVersion], [a].[PreviousHash], [a].[PrincipalId], [a].[RecordJson], [a].[Timestamp], [a].[TransactionId]
      FROM [AuditRecords] AS [a]
      ORDER BY [a].[SequenceNumber]
info: Microsoft.EntityFrameworkCore.Database.Command[20101]
      Executed DbCommand (5ms) [Parameters=[], CommandType='Text', CommandTimeout='30']
      SELECT [a].[SequenceNumber], [a].[AgentId], [a].[AuthorityId], [a].[CurrentHash], [a].[PolicyVersion], [a].[PreviousHash], [a].[PrincipalId], [a].[RecordJson], [a].[Timestamp], [a].[TransactionId]
      FROM [AuditRecords] AS [a]
      ORDER BY [a].[SequenceNumber]
info: Microsoft.EntityFrameworkCore.Database.Command[20101]
      Executed DbCommand (2ms) [Parameters=[@__provider_0='?' (Size = 128), @__key_1='?' (Size = 256)], CommandType='Text', CommandTimeout='30']
      SELECT TOP(2) [a].[UserId]
      FROM [AspNetUserLogins] AS [a]
      WHERE [a].[LoginProvider] = @__provider_0 AND [a].[ProviderKey] = @__key_1
info: Microsoft.EntityFrameworkCore.Database.Command[20101]
      Executed DbCommand (1ms) [Parameters=[@__id_0='?' (Size = 128)], CommandType='Text', CommandTimeout='30']
      SELECT TOP(2) [a].[Id], [a].[AccessFailedCount], [a].[ConcurrencyStamp], [a].[CreatedAt], [a].[Email], [a].[EmailConfirmed], [a].[ExternalIssuer], [a].[ExternalSubject], [a].[LockoutEnabled], [a].[LockoutEnd], [a].[NormalizedEmail], [a].[NormalizedUserName], [a].[PasswordHash], [a].[PhoneNumber], [a].[PhoneNumberConfirmed], [a].[PrincipalId], [a].[SecurityStamp], [a].[TwoFactorEnabled], [a].[UserName], [a].[Version]
      FROM [AspNetUsers] AS [a]
      WHERE [a].[Id] = @__id_0
info: Microsoft.EntityFrameworkCore.Database.Command[20101]
      Executed DbCommand (0ms) [Parameters=[], CommandType='Text', CommandTimeout='30']
      SELECT [a].[SequenceNumber], [a].[AgentId], [a].[AuthorityId], [a].[CurrentHash], [a].[PolicyVersion], [a].[PreviousHash], [a].[PrincipalId], [a].[RecordJson], [a].[Timestamp], [a].[TransactionId]
      FROM [AuditRecords] AS [a]
      ORDER BY [a].[SequenceNumber]
info: Microsoft.EntityFrameworkCore.Database.Command[20101]
      Executed DbCommand (4ms) [Parameters=[@__principal_0='?' (Size = 450)], CommandType='Text', CommandTimeout='30']
      SELECT [c].[TaskId], [c].[AgentId], [c].[CreatedAt], [c].[Currency], [c].[MandateId], [c].[MandateVersion], [c].[MaximumAmount], [c].[MerchantScopeJson], [c].[NextExecutionAt], [c].[PaymentMethodId], [c].[PreferencesJson], [c].[PrincipalId], [c].[RecipientId], [c].[Schedule], [c].[ShoppingListJson], [c].[Status], [c].[Timezone], [c].[UpdatedAt], [c].[Version]
      FROM [ConsumerPurchaseTasks] AS [c]
      WHERE [c].[PrincipalId] = @__principal_0
info: Microsoft.EntityFrameworkCore.Database.Command[20101]
      Executed DbCommand (6ms) [Parameters=[@__id_0='?' (Size = 450)], CommandType='Text', CommandTimeout='30']
      SELECT [f].[MandateId], [f].[Version], [f].[AboveLimit], [f].[AgentId], [f].[ConcurrencyVersion], [f].[CreatedAt], [f].[Currency], [f].[DailyLimit], [f].[EffectiveFrom], [f].[ExpiresAt], [f].[Merchant], [f].[MonthlyLimit], [f].[PaymentMethodId], [f].[PerTransactionLimit], [f].[PrincipalId], [f].[Purpose], [f].[Status], [f].[SupersedesMandateId], [f].[TaskParametersJson], [f].[WeeklyLimit]
      FROM [FinancialMandates] AS [f]
      WHERE [f].[PrincipalId] = @__id_0
info: Microsoft.EntityFrameworkCore.Database.Command[20101]
      Executed DbCommand (3ms) [Parameters=[@__principal_0='?' (Size = 450), @__now_1='?' (DbType = DateTimeOffset)], CommandType='Text', CommandTimeout='30']
      SELECT [c].[MemoryId], [c].[Confidence], [c].[Content], [c].[CreatedAt], [c].[Deleted], [c].[ExpiresAt], [c].[Kind], [c].[Polarity], [c].[PrincipalId], [c].[Provenance], [c].[SourceConversationId], [c].[SourcePurchaseIntentId], [c].[Subject], [c].[UpdatedAt], [c].[Version]
      FROM [ConsumerMemories] AS [c]
      WHERE [c].[PrincipalId] = @__principal_0 AND [c].[Deleted] = CAST(0 AS bit) AND ([c].[ExpiresAt] IS NULL OR [c].[ExpiresAt] > @__now_1)
info: Microsoft.EntityFrameworkCore.Database.Command[20101]
      Executed DbCommand (1ms) [Parameters=[@__provider_0='?' (Size = 128), @__key_1='?' (Size = 256)], CommandType='Text', CommandTimeout='30']
      SELECT TOP(2) [a].[UserId]
      FROM [AspNetUserLogins] AS [a]
      WHERE [a].[LoginProvider] = @__provider_0 AND [a].[ProviderKey] = @__key_1
info: Microsoft.EntityFrameworkCore.Database.Command[20101]
      Executed DbCommand (1ms) [Parameters=[@__id_0='?' (Size = 128)], CommandType='Text', CommandTimeout='30']
      SELECT TOP(2) [a].[Id], [a].[AccessFailedCount], [a].[ConcurrencyStamp], [a].[CreatedAt], [a].[Email], [a].[EmailConfirmed], [a].[ExternalIssuer], [a].[ExternalSubject], [a].[LockoutEnabled], [a].[LockoutEnd], [a].[NormalizedEmail], [a].[NormalizedUserName], [a].[PasswordHash], [a].[PhoneNumber], [a].[PhoneNumberConfirmed], [a].[PrincipalId], [a].[SecurityStamp], [a].[TwoFactorEnabled], [a].[UserName], [a].[Version]
      FROM [AspNetUsers] AS [a]
      WHERE [a].[Id] = @__id_0
info: Microsoft.EntityFrameworkCore.Database.Command[20101]
      Executed DbCommand (0ms) [Parameters=[@__provider_0='?' (Size = 128), @__key_1='?' (Size = 256)], CommandType='Text', CommandTimeout='30']
      SELECT TOP(2) [a].[UserId]
      FROM [AspNetUserLogins] AS [a]
      WHERE [a].[LoginProvider] = @__provider_0 AND [a].[ProviderKey] = @__key_1
info: Microsoft.EntityFrameworkCore.Database.Command[20101]
      Executed DbCommand (0ms) [Parameters=[], CommandType='Text', CommandTimeout='30']
      SELECT [a].[SequenceNumber], [a].[AgentId], [a].[AuthorityId], [a].[CurrentHash], [a].[PolicyVersion], [a].[PreviousHash], [a].[PrincipalId], [a].[RecordJson], [a].[Timestamp], [a].[TransactionId]
      FROM [AuditRecords] AS [a]
      ORDER BY [a].[SequenceNumber]
info: Microsoft.EntityFrameworkCore.Database.Command[20101]
      Executed DbCommand (0ms) [Parameters=[@__id_0='?' (Size = 128)], CommandType='Text', CommandTimeout='30']
      SELECT TOP(2) [a].[Id], [a].[AccessFailedCount], [a].[ConcurrencyStamp], [a].[CreatedAt], [a].[Email], [a].[EmailConfirmed], [a].[ExternalIssuer], [a].[ExternalSubject], [a].[LockoutEnabled], [a].[LockoutEnd], [a].[NormalizedEmail], [a].[NormalizedUserName], [a].[PasswordHash], [a].[PhoneNumber], [a].[PhoneNumberConfirmed], [a].[PrincipalId], [a].[SecurityStamp], [a].[TwoFactorEnabled], [a].[UserName], [a].[Version]
      FROM [AspNetUsers] AS [a]
      WHERE [a].[Id] = @__id_0
info: Microsoft.EntityFrameworkCore.Database.Command[20101]
      Executed DbCommand (0ms) [Parameters=[@__provider_0='?' (Size = 128), @__key_1='?' (Size = 256)], CommandType='Text', CommandTimeout='30']
      SELECT TOP(2) [a].[UserId]
      FROM [AspNetUserLogins] AS [a]
      WHERE [a].[LoginProvider] = @__provider_0 AND [a].[ProviderKey] = @__key_1
info: Microsoft.EntityFrameworkCore.Database.Command[20101]
      Executed DbCommand (0ms) [Parameters=[@__id_0='?' (Size = 128)], CommandType='Text', CommandTimeout='30']
      SELECT TOP(2) [a].[Id], [a].[AccessFailedCount], [a].[ConcurrencyStamp], [a].[CreatedAt], [a].[Email], [a].[EmailConfirmed], [a].[ExternalIssuer], [a].[ExternalSubject], [a].[LockoutEnabled], [a].[LockoutEnd], [a].[NormalizedEmail], [a].[NormalizedUserName], [a].[PasswordHash], [a].[PhoneNumber], [a].[PhoneNumberConfirmed], [a].[PrincipalId], [a].[SecurityStamp], [a].[TwoFactorEnabled], [a].[UserName], [a].[Version]
      FROM [AspNetUsers] AS [a]
      WHERE [a].[Id] = @__id_0
info: Microsoft.EntityFrameworkCore.Database.Command[20101]
      Executed DbCommand (0ms) [Parameters=[], CommandType='Text', CommandTimeout='30']
      SELECT [a].[SequenceNumber], [a].[AgentId], [a].[AuthorityId], [a].[CurrentHash], [a].[PolicyVersion], [a].[PreviousHash], [a].[PrincipalId], [a].[RecordJson], [a].[Timestamp], [a].[TransactionId]
      FROM [AuditRecords] AS [a]
      ORDER BY [a].[SequenceNumber]
info: Microsoft.EntityFrameworkCore.Database.Command[20101]
      Executed DbCommand (59ms) [Parameters=[], CommandType='Text', CommandTimeout='30']
      SELECT [a].[SequenceNumber], [a].[AgentId], [a].[AuthorityId], [a].[CurrentHash], [a].[PolicyVersion], [a].[PreviousHash], [a].[PrincipalId], [a].[RecordJson], [a].[Timestamp], [a].[TransactionId]
      FROM [AuditRecords] AS [a]
      ORDER BY [a].[SequenceNumber]
info: Microsoft.EntityFrameworkCore.Database.Command[20101]
      Executed DbCommand (53ms) [Parameters=[@__principal_0='?' (Size = 450)], CommandType='Text', CommandTimeout='30']
      SELECT TOP(2) [c].[PrincipalId], [c].[AskBeforeSubstitutions], [c].[InteractionMode], [c].[ShowBasketBeforePayment], [c].[UpdatedAt], [c].[Version]
      FROM [ConsumerConversationPolicies] AS [c]
      WHERE [c].[PrincipalId] = @__principal_0
info: Microsoft.EntityFrameworkCore.Database.Command[20101]
      Executed DbCommand (75ms) [Parameters=[@__id_0='?' (Size = 450)], CommandType='Text', CommandTimeout='30']
      SELECT [c].[PaymentMethodId], [c].[CardBrand], [c].[ExpiryMonth], [c].[ExpiryYear], [c].[Last4], [c].[PrincipalId], [c].[Provider], [c].[ProviderCustomerReference], [c].[ProviderToken], [c].[Status], [c].[Version]
      FROM [ConsumerPaymentMethods] AS [c]
      WHERE [c].[PrincipalId] = @__id_0
info: Microsoft.EntityFrameworkCore.Database.Command[20101]
      Executed DbCommand (75ms) [Parameters=[@__principalId_0='?' (Size = 4000)], CommandType='Text', CommandTimeout='30']
      SELECT [a].[AgentId], [a].[AgentType], [a].[CredentialStatus], [a].[Environment], [a].[ExpiresAt], [a].[IssuedAt], [a].[IssuerTrustAnchor], [a].[PrincipalId]
      FROM [Agents] AS [a]
      WHERE [a].[PrincipalId] = @__principalId_0
info: Microsoft.EntityFrameworkCore.Database.Command[20101]
      Executed DbCommand (76ms) [Parameters=[@__principal_0='?' (Size = 450)], CommandType='Text', CommandTimeout='30']
      SELECT [p].[ExecutionId], [p].[CreatedAt], [p].[PrincipalId], [p].[ProviderPaymentId], [p].[PurchaseIntentId], [p].[ReasonsJson], [p].[RequiredAction], [p].[ScheduledFor], [p].[State], [p].[TaskId], [p].[TransactionId], [p].[UpdatedAt], [p].[Version]
      FROM [PurchaseExecutions] AS [p]
      WHERE [p].[PrincipalId] = @__principal_0
info: Microsoft.EntityFrameworkCore.Database.Command[20101]
      Executed DbCommand (1ms) [Parameters=[@__id_0='?' (Size = 450)], CommandType='Text', CommandTimeout='30']
      SELECT [c].[PaymentMethodId], [c].[CardBrand], [c].[ExpiryMonth], [c].[ExpiryYear], [c].[Last4], [c].[PrincipalId], [c].[Provider], [c].[ProviderCustomerReference], [c].[ProviderToken], [c].[Status], [c].[Version]
      FROM [ConsumerPaymentMethods] AS [c]
      WHERE [c].[PrincipalId] = @__id_0
info: Microsoft.EntityFrameworkCore.Database.Command[20101]
      Executed DbCommand (54ms) [Parameters=[@__principal_0='?' (Size = 450)], CommandType='Text', CommandTimeout='30']
      SELECT [c].[RecipientId], [c].[Active], [c].[AllowSubstitutions], [c].[AllowedCategoriesJson], [c].[CreatedAt], [c].[DeliveryAddress], [c].[DeliveryConsent], [c].[Email], [c].[ExcludedCategoriesJson], [c].[ExcludedMerchantsJson], [c].[Name], [c].[NotifyRecipient], [c].[PayerNotification], [c].[Phone], [c].[PreferredMerchantsJson], [c].[PrincipalId], [c].[Relationship], [c].[UpdatedAt], [c].[Version]
      FROM [ConsumerRecipients] AS [c]
      WHERE [c].[PrincipalId] = @__principal_0
      ORDER BY [c].[Name]
info: Microsoft.EntityFrameworkCore.Database.Command[20101]
      Executed DbCommand (1ms) [Parameters=[@__id_0='?' (Size = 450)], CommandType='Text', CommandTimeout='30']
      SELECT [f].[MandateId], [f].[Version], [f].[AboveLimit], [f].[AgentId], [f].[ConcurrencyVersion], [f].[CreatedAt], [f].[Currency], [f].[DailyLimit], [f].[EffectiveFrom], [f].[ExpiresAt], [f].[Merchant], [f].[MonthlyLimit], [f].[PaymentMethodId], [f].[PerTransactionLimit], [f].[PrincipalId], [f].[Purpose], [f].[Status], [f].[SupersedesMandateId], [f].[TaskParametersJson], [f].[WeeklyLimit]
      FROM [FinancialMandates] AS [f]
      WHERE [f].[PrincipalId] = @__id_0
info: Microsoft.EntityFrameworkCore.Database.Command[20101]
      Executed DbCommand (3ms) [Parameters=[@__principal_0='?' (Size = 450)], CommandType='Text', CommandTimeout='30']
      SELECT TOP(2) [c].[PrincipalId], [c].[AllowAlternativeMerchants], [c].[AllowCrossBrandSubstitutions], [c].[AllowSplitOrders], [c].[AskBeforeNonPreferredMerchant], [c].[DeliveryAddress], [c].[ExcludedMerchantsJson], [c].[MaximumAdditionalDeliveryCost], [c].[MaximumDistanceMiles], [c].[Postcode], [c].[PreferredMerchantsJson], [c].[UpdatedAt], [c].[Version]
      FROM [ConsumerShoppingDeliveryPolicies] AS [c]
      WHERE [c].[PrincipalId] = @__principal_0
info: Microsoft.EntityFrameworkCore.Database.Command[20101]
      Executed DbCommand (22ms) [Parameters=[@__p_1='?' (DbType = Int32), @__now_0='?' (DbType = DateTimeOffset)], CommandType='Text', CommandTimeout='30']
      SELECT TOP(@__p_1) [f].[FulfilmentIntentId], [f].[AgentId], [f].[CreatedAt], [f].[Currency], [f].[DestinationReference], [f].[ExpiresAt], [f].[MerchantOrderId], [f].[Mode], [f].[PickupLocationId], [f].[PrincipalId], [f].[ProviderId], [f].[QuoteHash], [f].[QuoteId], [f].[TotalAmount], [f].[Version]
      FROM [FulfilmentIntents] AS [f]
      INNER JOIN [FulfilmentExecutions] AS [f0] ON [f].[FulfilmentIntentId] = [f0].[FulfilmentIntentId]
      WHERE [f0].[Status] IN (N'Unknown', N'Pending') AND ([f0].[NextReconciliationAt] IS NULL OR [f0].[NextReconciliationAt] <= @__now_0) AND [f0].[ReconciliationAttempts] < 8
      ORDER BY [f0].[UpdatedAt]
info: Microsoft.EntityFrameworkCore.Database.Command[20101]
      Executed DbCommand (3ms) [Parameters=[@__provider_0='?' (Size = 128), @__key_1='?' (Size = 256)], CommandType='Text', CommandTimeout='30']
      SELECT TOP(2) [a].[UserId]
      FROM [AspNetUserLogins] AS [a]
      WHERE [a].[LoginProvider] = @__provider_0 AND [a].[ProviderKey] = @__key_1
info: Microsoft.EntityFrameworkCore.Database.Command[20101]
      Executed DbCommand (2ms) [Parameters=[@__provider_0='?' (Size = 128), @__key_1='?' (Size = 256)], CommandType='Text', CommandTimeout='30']
      SELECT TOP(2) [a].[UserId]
      FROM [AspNetUserLogins] AS [a]
      WHERE [a].[LoginProvider] = @__provider_0 AND [a].[ProviderKey] = @__key_1
info: Microsoft.EntityFrameworkCore.Database.Command[20101]
      Executed DbCommand (2ms) [Parameters=[@__provider_0='?' (Size = 128), @__key_1='?' (Size = 256)], CommandType='Text', CommandTimeout='30']
      SELECT TOP(2) [a].[UserId]
      FROM [AspNetUserLogins] AS [a]
      WHERE [a].[LoginProvider] = @__provider_0 AND [a].[ProviderKey] = @__key_1
info: Microsoft.EntityFrameworkCore.Database.Command[20101]
      Executed DbCommand (2ms) [Parameters=[@__provider_0='?' (Size = 128), @__key_1='?' (Size = 256)], CommandType='Text', CommandTimeout='30']
      SELECT TOP(2) [a].[UserId]
      FROM [AspNetUserLogins] AS [a]
      WHERE [a].[LoginProvider] = @__provider_0 AND [a].[ProviderKey] = @__key_1
info: Microsoft.EntityFrameworkCore.Database.Command[20101]
      Executed DbCommand (2ms) [Parameters=[@__provider_0='?' (Size = 128), @__key_1='?' (Size = 256)], CommandType='Text', CommandTimeout='30']
      SELECT TOP(2) [a].[UserId]
      FROM [AspNetUserLogins] AS [a]
      WHERE [a].[LoginProvider] = @__provider_0 AND [a].[ProviderKey] = @__key_1
info: Microsoft.EntityFrameworkCore.Database.Command[20101]
      Executed DbCommand (3ms) [Parameters=[@__id_0='?' (Size = 128)], CommandType='Text', CommandTimeout='30']
      SELECT TOP(2) [a].[Id], [a].[AccessFailedCount], [a].[ConcurrencyStamp], [a].[CreatedAt], [a].[Email], [a].[EmailConfirmed], [a].[ExternalIssuer], [a].[ExternalSubject], [a].[LockoutEnabled], [a].[LockoutEnd], [a].[NormalizedEmail], [a].[NormalizedUserName], [a].[PasswordHash], [a].[PhoneNumber], [a].[PhoneNumberConfirmed], [a].[PrincipalId], [a].[SecurityStamp], [a].[TwoFactorEnabled], [a].[UserName], [a].[Version]
      FROM [AspNetUsers] AS [a]
      WHERE [a].[Id] = @__id_0
info: Microsoft.EntityFrameworkCore.Database.Command[20101]
      Executed DbCommand (3ms) [Parameters=[@__id_0='?' (Size = 128)], CommandType='Text', CommandTimeout='30']
      SELECT TOP(2) [a].[Id], [a].[AccessFailedCount], [a].[ConcurrencyStamp], [a].[CreatedAt], [a].[Email], [a].[EmailConfirmed], [a].[ExternalIssuer], [a].[ExternalSubject], [a].[LockoutEnabled], [a].[LockoutEnd], [a].[NormalizedEmail], [a].[NormalizedUserName], [a].[PasswordHash], [a].[PhoneNumber], [a].[PhoneNumberConfirmed], [a].[PrincipalId], [a].[SecurityStamp], [a].[TwoFactorEnabled], [a].[UserName], [a].[Version]
      FROM [AspNetUsers] AS [a]
      WHERE [a].[Id] = @__id_0
info: Microsoft.EntityFrameworkCore.Database.Command[20101]
      Executed DbCommand (3ms) [Parameters=[@__id_0='?' (Size = 128)], CommandType='Text', CommandTimeout='30']
      SELECT TOP(2) [a].[Id], [a].[AccessFailedCount], [a].[ConcurrencyStamp], [a].[CreatedAt], [a].[Email], [a].[EmailConfirmed], [a].[ExternalIssuer], [a].[ExternalSubject], [a].[LockoutEnabled], [a].[LockoutEnd], [a].[NormalizedEmail], [a].[NormalizedUserName], [a].[PasswordHash], [a].[PhoneNumber], [a].[PhoneNumberConfirmed], [a].[PrincipalId], [a].[SecurityStamp], [a].[TwoFactorEnabled], [a].[UserName], [a].[Version]
      FROM [AspNetUsers] AS [a]
      WHERE [a].[Id] = @__id_0
info: Microsoft.EntityFrameworkCore.Database.Command[20101]
      Executed DbCommand (3ms) [Parameters=[@__id_0='?' (Size = 128)], CommandType='Text', CommandTimeout='30']
      SELECT TOP(2) [a].[Id], [a].[AccessFailedCount], [a].[ConcurrencyStamp], [a].[CreatedAt], [a].[Email], [a].[EmailConfirmed], [a].[ExternalIssuer], [a].[ExternalSubject], [a].[LockoutEnabled], [a].[LockoutEnd], [a].[NormalizedEmail], [a].[NormalizedUserName], [a].[PasswordHash], [a].[PhoneNumber], [a].[PhoneNumberConfirmed], [a].[PrincipalId], [a].[SecurityStamp], [a].[TwoFactorEnabled], [a].[UserName], [a].[Version]
      FROM [AspNetUsers] AS [a]
      WHERE [a].[Id] = @__id_0
info: Microsoft.EntityFrameworkCore.Database.Command[20101]
      Executed DbCommand (2ms) [Parameters=[@__id_0='?' (Size = 128)], CommandType='Text', CommandTimeout='30']
      SELECT TOP(2) [a].[Id], [a].[AccessFailedCount], [a].[ConcurrencyStamp], [a].[CreatedAt], [a].[Email], [a].[EmailConfirmed], [a].[ExternalIssuer], [a].[ExternalSubject], [a].[LockoutEnabled], [a].[LockoutEnd], [a].[NormalizedEmail], [a].[NormalizedUserName], [a].[PasswordHash], [a].[PhoneNumber], [a].[PhoneNumberConfirmed], [a].[PrincipalId], [a].[SecurityStamp], [a].[TwoFactorEnabled], [a].[UserName], [a].[Version]
      FROM [AspNetUsers] AS [a]
      WHERE [a].[Id] = @__id_0
info: Microsoft.EntityFrameworkCore.Database.Command[20101]
      Executed DbCommand (7ms) [Parameters=[], CommandType='Text', CommandTimeout='30']
      SELECT [m].[MerchantId], [m].[Name], [m].[Category], [m].[Approved]
      FROM [Merchants] AS [m]
info: Microsoft.EntityFrameworkCore.Database.Command[20101]
      Executed DbCommand (5ms) [Parameters=[@__p_0='?' (DbType = Int32)], CommandType='Text', CommandTimeout='30']
      SELECT TOP(@__p_0) [a].[Id], [a].[PrincipalId], [a].[UserName], [a].[Email], [a].[CreatedAt]
      FROM [AspNetUsers] AS [a]
      ORDER BY [a].[CreatedAt] DESC
info: Microsoft.EntityFrameworkCore.Database.Command[20101]
      Executed DbCommand (7ms) [Parameters=[@__p_0='?' (DbType = Int32)], CommandType='Text', CommandTimeout='30']
      SELECT TOP(@__p_0) [c].[CycleId], [c].[PrincipalId], [c].[TaskId], [c].[PurchaseIntentId], [c].[Status], [c].[CycleNumber], [c].[UpdatedAt]
      FROM [CommerceOodaCycles] AS [c]
      ORDER BY [c].[UpdatedAt] DESC
info: Microsoft.EntityFrameworkCore.Database.Command[20101]
      Executed DbCommand (6ms) [Parameters=[], CommandType='Text', CommandTimeout='30']
      SELECT [a].[Channel], [a].[Provider], [a].[Sender], CASE
          WHEN [a].[SecretReference] <> N'' THEN CAST(1 AS bit)
          ELSE CAST(0 AS bit)
      END AS [hasSecret], [a].[Enabled], [a].[UpdatedAt], [a].[Version]
      FROM [AdminNotificationProviders] AS [a]
      ORDER BY [a].[Channel]
info: Microsoft.EntityFrameworkCore.Database.Command[20101]
      Executed DbCommand (3ms) [Parameters=[], CommandType='Text', CommandTimeout='30']
      SELECT COUNT(*)
      FROM [AspNetUsers] AS [a]
info: Microsoft.EntityFrameworkCore.Database.Command[20101]
      Executed DbCommand (3ms) [Parameters=[], CommandType='Text', CommandTimeout='30']
      SELECT COUNT(*)
      FROM [Merchants] AS [m]
info: Microsoft.EntityFrameworkCore.Database.Command[20101]
      Executed DbCommand (3ms) [Parameters=[], CommandType='Text', CommandTimeout='30']
      SELECT COUNT(*)
      FROM [Agents] AS [a]
info: Microsoft.EntityFrameworkCore.Database.Command[20101]
      Executed DbCommand (17ms) [Parameters=[], CommandType='Text', CommandTimeout='30']
      SELECT COUNT(*)
      FROM [ConsumerPurchaseTasks] AS [c]
      WHERE [c].[Status] = N'Active'
info: Microsoft.EntityFrameworkCore.Database.Command[20101]
      Executed DbCommand (5ms) [Parameters=[], CommandType='Text', CommandTimeout='30']
      SELECT COUNT(*)
      FROM [CommerceOodaCycles] AS [c]
      WHERE [c].[Status] NOT IN (N'Completed', N'Failed')
info: Microsoft.EntityFrameworkCore.Database.Command[20101]
      Executed DbCommand (10ms) [Parameters=[], CommandType='Text', CommandTimeout='30']
      SELECT COUNT(*)
      FROM [PurchaseExecutions] AS [p]
      WHERE [p].[State] IN (N'Failed', N'Unknown', N'RequiresAction')
info: Microsoft.EntityFrameworkCore.Database.Command[20101]
      Executed DbCommand (11ms) [Parameters=[@__p_1='?' (DbType = Int32), @__now_0='?' (DbType = DateTimeOffset)], CommandType='Text', CommandTimeout='30']
      SELECT TOP(@__p_1) [f].[FulfilmentIntentId], [f].[AgentId], [f].[CreatedAt], [f].[Currency], [f].[DestinationReference], [f].[ExpiresAt], [f].[MerchantOrderId], [f].[Mode], [f].[PickupLocationId], [f].[PrincipalId], [f].[ProviderId], [f].[QuoteHash], [f].[QuoteId], [f].[TotalAmount], [f].[Version]
      FROM [FulfilmentIntents] AS [f]
      INNER JOIN [FulfilmentExecutions] AS [f0] ON [f].[FulfilmentIntentId] = [f0].[FulfilmentIntentId]
      WHERE [f0].[Status] IN (N'Unknown', N'Pending') AND ([f0].[NextReconciliationAt] IS NULL OR [f0].[NextReconciliationAt] <= @__now_0) AND [f0].[ReconciliationAttempts] < 8
      ORDER BY [f0].[UpdatedAt]
info: Microsoft.EntityFrameworkCore.Database.Command[20101]
      Executed DbCommand (7ms) [Parameters=[@__p_1='?' (DbType = Int32), @__now_0='?' (DbType = DateTimeOffset)], CommandType='Text', CommandTimeout='30']
      SELECT TOP(@__p_1) [f].[FulfilmentIntentId], [f].[AgentId], [f].[CreatedAt], [f].[Currency], [f].[DestinationReference], [f].[ExpiresAt], [f].[MerchantOrderId], [f].[Mode], [f].[PickupLocationId], [f].[PrincipalId], [f].[ProviderId], [f].[QuoteHash], [f].[QuoteId], [f].[TotalAmount], [f].[Version]
      FROM [FulfilmentIntents] AS [f]
      INNER JOIN [FulfilmentExecutions] AS [f0] ON [f].[FulfilmentIntentId] = [f0].[FulfilmentIntentId]
      WHERE [f0].[Status] IN (N'Unknown', N'Pending') AND ([f0].[NextReconciliationAt] IS NULL OR [f0].[NextReconciliationAt] <= @__now_0) AND [f0].[ReconciliationAttempts] < 8
      ORDER BY [f0].[UpdatedAt]
info: Microsoft.EntityFrameworkCore.Database.Command[20101]
      Executed DbCommand (6ms) [Parameters=[@__p_1='?' (DbType = Int32), @__now_0='?' (DbType = DateTimeOffset)], CommandType='Text', CommandTimeout='30']
      SELECT TOP(@__p_1) [f].[FulfilmentIntentId], [f].[AgentId], [f].[CreatedAt], [f].[Currency], [f].[DestinationReference], [f].[ExpiresAt], [f].[MerchantOrderId], [f].[Mode], [f].[PickupLocationId], [f].[PrincipalId], [f].[ProviderId], [f].[QuoteHash], [f].[QuoteId], [f].[TotalAmount], [f].[Version]
      FROM [FulfilmentIntents] AS [f]
      INNER JOIN [FulfilmentExecutions] AS [f0] ON [f].[FulfilmentIntentId] = [f0].[FulfilmentIntentId]
      WHERE [f0].[Status] IN (N'Unknown', N'Pending') AND ([f0].[NextReconciliationAt] IS NULL OR [f0].[NextReconciliationAt] <= @__now_0) AND [f0].[ReconciliationAttempts] < 8
      ORDER BY [f0].[UpdatedAt]
info: Microsoft.EntityFrameworkCore.Database.Command[20101]
      Executed DbCommand (6ms) [Parameters=[@__p_1='?' (DbType = Int32), @__now_0='?' (DbType = DateTimeOffset)], CommandType='Text', CommandTimeout='30']
      SELECT TOP(@__p_1) [f].[FulfilmentIntentId], [f].[AgentId], [f].[CreatedAt], [f].[Currency], [f].[DestinationReference], [f].[ExpiresAt], [f].[MerchantOrderId], [f].[Mode], [f].[PickupLocationId], [f].[PrincipalId], [f].[ProviderId], [f].[QuoteHash], [f].[QuoteId], [f].[TotalAmount], [f].[Version]
      FROM [FulfilmentIntents] AS [f]
      INNER JOIN [FulfilmentExecutions] AS [f0] ON [f].[FulfilmentIntentId] = [f0].[FulfilmentIntentId]
      WHERE [f0].[Status] IN (N'Unknown', N'Pending') AND ([f0].[NextReconciliationAt] IS NULL OR [f0].[NextReconciliationAt] <= @__now_0) AND [f0].[ReconciliationAttempts] < 8
      ORDER BY [f0].[UpdatedAt]
info: Microsoft.EntityFrameworkCore.Database.Command[20101]
      Executed DbCommand (1ms) [Parameters=[@__p_1='?' (DbType = Int32), @__now_0='?' (DbType = DateTimeOffset)], CommandType='Text', CommandTimeout='30']
      SELECT TOP(@__p_1) [f].[FulfilmentIntentId], [f].[AgentId], [f].[CreatedAt], [f].[Currency], [f].[DestinationReference], [f].[ExpiresAt], [f].[MerchantOrderId], [f].[Mode], [f].[PickupLocationId], [f].[PrincipalId], [f].[ProviderId], [f].[QuoteHash], [f].[QuoteId], [f].[TotalAmount], [f].[Version]
      FROM [FulfilmentIntents] AS [f]
      INNER JOIN [FulfilmentExecutions] AS [f0] ON [f].[FulfilmentIntentId] = [f0].[FulfilmentIntentId]
      WHERE [f0].[Status] IN (N'Unknown', N'Pending') AND ([f0].[NextReconciliationAt] IS NULL OR [f0].[NextReconciliationAt] <= @__now_0) AND [f0].[ReconciliationAttempts] < 8
      ORDER BY [f0].[UpdatedAt]
info: Microsoft.EntityFrameworkCore.Database.Command[20101]
      Executed DbCommand (7ms) [Parameters=[@__p_1='?' (DbType = Int32), @__now_0='?' (DbType = DateTimeOffset)], CommandType='Text', CommandTimeout='30']
      SELECT TOP(@__p_1) [f].[FulfilmentIntentId], [f].[AgentId], [f].[CreatedAt], [f].[Currency], [f].[DestinationReference], [f].[ExpiresAt], [f].[MerchantOrderId], [f].[Mode], [f].[PickupLocationId], [f].[PrincipalId], [f].[ProviderId], [f].[QuoteHash], [f].[QuoteId], [f].[TotalAmount], [f].[Version]
      FROM [FulfilmentIntents] AS [f]
      INNER JOIN [FulfilmentExecutions] AS [f0] ON [f].[FulfilmentIntentId] = [f0].[FulfilmentIntentId]
      WHERE [f0].[Status] IN (N'Unknown', N'Pending') AND ([f0].[NextReconciliationAt] IS NULL OR [f0].[NextReconciliationAt] <= @__now_0) AND [f0].[ReconciliationAttempts] < 8
      ORDER BY [f0].[UpdatedAt]
info: Microsoft.EntityFrameworkCore.Database.Command[20101]
      Executed DbCommand (10ms) [Parameters=[@__p_1='?' (DbType = Int32), @__now_0='?' (DbType = DateTimeOffset)], CommandType='Text', CommandTimeout='30']
      SELECT TOP(@__p_1) [f].[FulfilmentIntentId], [f].[AgentId], [f].[CreatedAt], [f].[Currency], [f].[DestinationReference], [f].[ExpiresAt], [f].[MerchantOrderId], [f].[Mode], [f].[PickupLocationId], [f].[PrincipalId], [f].[ProviderId], [f].[QuoteHash], [f].[QuoteId], [f].[TotalAmount], [f].[Version]
      FROM [FulfilmentIntents] AS [f]
      INNER JOIN [FulfilmentExecutions] AS [f0] ON [f].[FulfilmentIntentId] = [f0].[FulfilmentIntentId]
      WHERE [f0].[Status] IN (N'Unknown', N'Pending') AND ([f0].[NextReconciliationAt] IS NULL OR [f0].[NextReconciliationAt] <= @__now_0) AND [f0].[ReconciliationAttempts] < 8
      ORDER BY [f0].[UpdatedAt]
info: Microsoft.EntityFrameworkCore.Database.Command[20101]
      Executed DbCommand (1ms) [Parameters=[@__p_1='?' (DbType = Int32), @__now_0='?' (DbType = DateTimeOffset)], CommandType='Text', CommandTimeout='30']
      SELECT TOP(@__p_1) [f].[FulfilmentIntentId], [f].[AgentId], [f].[CreatedAt], [f].[Currency], [f].[DestinationReference], [f].[ExpiresAt], [f].[MerchantOrderId], [f].[Mode], [f].[PickupLocationId], [f].[PrincipalId], [f].[ProviderId], [f].[QuoteHash], [f].[QuoteId], [f].[TotalAmount], [f].[Version]
      FROM [FulfilmentIntents] AS [f]
      INNER JOIN [FulfilmentExecutions] AS [f0] ON [f].[FulfilmentIntentId] = [f0].[FulfilmentIntentId]
      WHERE [f0].[Status] IN (N'Unknown', N'Pending') AND ([f0].[NextReconciliationAt] IS NULL OR [f0].[NextReconciliationAt] <= @__now_0) AND [f0].[ReconciliationAttempts] < 8
      ORDER BY [f0].[UpdatedAt]
info: Microsoft.EntityFrameworkCore.Database.Command[20101]
      Executed DbCommand (28ms) [Parameters=[@__p_1='?' (DbType = Int32), @__now_0='?' (DbType = DateTimeOffset)], CommandType='Text', CommandTimeout='30']
      SELECT TOP(@__p_1) [f].[FulfilmentIntentId], [f].[AgentId], [f].[CreatedAt], [f].[Currency], [f].[DestinationReference], [f].[ExpiresAt], [f].[MerchantOrderId], [f].[Mode], [f].[PickupLocationId], [f].[PrincipalId], [f].[ProviderId], [f].[QuoteHash], [f].[QuoteId], [f].[TotalAmount], [f].[Version]
      FROM [FulfilmentIntents] AS [f]
      INNER JOIN [FulfilmentExecutions] AS [f0] ON [f].[FulfilmentIntentId] = [f0].[FulfilmentIntentId]
      WHERE [f0].[Status] IN (N'Unknown', N'Pending') AND ([f0].[NextReconciliationAt] IS NULL OR [f0].[NextReconciliationAt] <= @__now_0) AND [f0].[ReconciliationAttempts] < 8
      ORDER BY [f0].[UpdatedAt]
info: Microsoft.EntityFrameworkCore.Database.Command[20101]
      Executed DbCommand (7ms) [Parameters=[@__p_1='?' (DbType = Int32), @__now_0='?' (DbType = DateTimeOffset)], CommandType='Text', CommandTimeout='30']
      SELECT TOP(@__p_1) [f].[FulfilmentIntentId], [f].[AgentId], [f].[CreatedAt], [f].[Currency], [f].[DestinationReference], [f].[ExpiresAt], [f].[MerchantOrderId], [f].[Mode], [f].[PickupLocationId], [f].[PrincipalId], [f].[ProviderId], [f].[QuoteHash], [f].[QuoteId], [f].[TotalAmount], [f].[Version]
      FROM [FulfilmentIntents] AS [f]
      INNER JOIN [FulfilmentExecutions] AS [f0] ON [f].[FulfilmentIntentId] = [f0].[FulfilmentIntentId]
      WHERE [f0].[Status] IN (N'Unknown', N'Pending') AND ([f0].[NextReconciliationAt] IS NULL OR [f0].[NextReconciliationAt] <= @__now_0) AND [f0].[ReconciliationAttempts] < 8
      ORDER BY [f0].[UpdatedAt]
info: Microsoft.EntityFrameworkCore.Database.Command[20101]
      Executed DbCommand (27ms) [Parameters=[@__p_1='?' (DbType = Int32), @__now_0='?' (DbType = DateTimeOffset)], CommandType='Text', CommandTimeout='30']
      SELECT TOP(@__p_1) [f].[FulfilmentIntentId], [f].[AgentId], [f].[CreatedAt], [f].[Currency], [f].[DestinationReference], [f].[ExpiresAt], [f].[MerchantOrderId], [f].[Mode], [f].[PickupLocationId], [f].[PrincipalId], [f].[ProviderId], [f].[QuoteHash], [f].[QuoteId], [f].[TotalAmount], [f].[Version]
      FROM [FulfilmentIntents] AS [f]
      INNER JOIN [FulfilmentExecutions] AS [f0] ON [f].[FulfilmentIntentId] = [f0].[FulfilmentIntentId]
      WHERE [f0].[Status] IN (N'Unknown', N'Pending') AND ([f0].[NextReconciliationAt] IS NULL OR [f0].[NextReconciliationAt] <= @__now_0) AND [f0].[ReconciliationAttempts] < 8
      ORDER BY [f0].[UpdatedAt]
info: Microsoft.EntityFrameworkCore.Database.Command[20101]
      Executed DbCommand (1ms) [Parameters=[@__p_1='?' (DbType = Int32), @__now_0='?' (DbType = DateTimeOffset)], CommandType='Text', CommandTimeout='30']
      SELECT TOP(@__p_1) [f].[FulfilmentIntentId], [f].[AgentId], [f].[CreatedAt], [f].[Currency], [f].[DestinationReference], [f].[ExpiresAt], [f].[MerchantOrderId], [f].[Mode], [f].[PickupLocationId], [f].[PrincipalId], [f].[ProviderId], [f].[QuoteHash], [f].[QuoteId], [f].[TotalAmount], [f].[Version]
      FROM [FulfilmentIntents] AS [f]
      INNER JOIN [FulfilmentExecutions] AS [f0] ON [f].[FulfilmentIntentId] = [f0].[FulfilmentIntentId]
      WHERE [f0].[Status] IN (N'Unknown', N'Pending') AND ([f0].[NextReconciliationAt] IS NULL OR [f0].[NextReconciliationAt] <= @__now_0) AND [f0].[ReconciliationAttempts] < 8
      ORDER BY [f0].[UpdatedAt]
info: Microsoft.EntityFrameworkCore.Database.Command[20101]
      Executed DbCommand (48ms) [Parameters=[@__p_1='?' (DbType = Int32), @__now_0='?' (DbType = DateTimeOffset)], CommandType='Text', CommandTimeout='30']
      SELECT TOP(@__p_1) [f].[FulfilmentIntentId], [f].[AgentId], [f].[CreatedAt], [f].[Currency], [f].[DestinationReference], [f].[ExpiresAt], [f].[MerchantOrderId], [f].[Mode], [f].[PickupLocationId], [f].[PrincipalId], [f].[ProviderId], [f].[QuoteHash], [f].[QuoteId], [f].[TotalAmount], [f].[Version]
      FROM [FulfilmentIntents] AS [f]
      INNER JOIN [FulfilmentExecutions] AS [f0] ON [f].[FulfilmentIntentId] = [f0].[FulfilmentIntentId]
      WHERE [f0].[Status] IN (N'Unknown', N'Pending') AND ([f0].[NextReconciliationAt] IS NULL OR [f0].[NextReconciliationAt] <= @__now_0) AND [f0].[ReconciliationAttempts] < 8
      ORDER BY [f0].[UpdatedAt]
info: Microsoft.EntityFrameworkCore.Database.Command[20101]
      Executed DbCommand (6ms) [Parameters=[@__p_1='?' (DbType = Int32), @__now_0='?' (DbType = DateTimeOffset)], CommandType='Text', CommandTimeout='30']
      SELECT TOP(@__p_1) [f].[FulfilmentIntentId], [f].[AgentId], [f].[CreatedAt], [f].[Currency], [f].[DestinationReference], [f].[ExpiresAt], [f].[MerchantOrderId], [f].[Mode], [f].[PickupLocationId], [f].[PrincipalId], [f].[ProviderId], [f].[QuoteHash], [f].[QuoteId], [f].[TotalAmount], [f].[Version]
      FROM [FulfilmentIntents] AS [f]
      INNER JOIN [FulfilmentExecutions] AS [f0] ON [f].[FulfilmentIntentId] = [f0].[FulfilmentIntentId]
      WHERE [f0].[Status] IN (N'Unknown', N'Pending') AND ([f0].[NextReconciliationAt] IS NULL OR [f0].[NextReconciliationAt] <= @__now_0) AND [f0].[ReconciliationAttempts] < 8
      ORDER BY [f0].[UpdatedAt]
info: Microsoft.EntityFrameworkCore.Database.Command[20101]
      Executed DbCommand (22ms) [Parameters=[@__p_1='?' (DbType = Int32), @__now_0='?' (DbType = DateTimeOffset)], CommandType='Text', CommandTimeout='30']
      SELECT TOP(@__p_1) [f].[FulfilmentIntentId], [f].[AgentId], [f].[CreatedAt], [f].[Currency], [f].[DestinationReference], [f].[ExpiresAt], [f].[MerchantOrderId], [f].[Mode], [f].[PickupLocationId], [f].[PrincipalId], [f].[ProviderId], [f].[QuoteHash], [f].[QuoteId], [f].[TotalAmount], [f].[Version]
      FROM [FulfilmentIntents] AS [f]
      INNER JOIN [FulfilmentExecutions] AS [f0] ON [f].[FulfilmentIntentId] = [f0].[FulfilmentIntentId]
      WHERE [f0].[Status] IN (N'Unknown', N'Pending') AND ([f0].[NextReconciliationAt] IS NULL OR [f0].[NextReconciliationAt] <= @__now_0) AND [f0].[ReconciliationAttempts] < 8
      ORDER BY [f0].[UpdatedAt]
info: Microsoft.EntityFrameworkCore.Database.Command[20101]
      Executed DbCommand (18ms) [Parameters=[@__p_1='?' (DbType = Int32), @__now_0='?' (DbType = DateTimeOffset)], CommandType='Text', CommandTimeout='30']
      SELECT TOP(@__p_1) [f].[FulfilmentIntentId], [f].[AgentId], [f].[CreatedAt], [f].[Currency], [f].[DestinationReference], [f].[ExpiresAt], [f].[MerchantOrderId], [f].[Mode], [f].[PickupLocationId], [f].[PrincipalId], [f].[ProviderId], [f].[QuoteHash], [f].[QuoteId], [f].[TotalAmount], [f].[Version]
      FROM [FulfilmentIntents] AS [f]
      INNER JOIN [FulfilmentExecutions] AS [f0] ON [f].[FulfilmentIntentId] = [f0].[FulfilmentIntentId]
      WHERE [f0].[Status] IN (N'Unknown', N'Pending') AND ([f0].[NextReconciliationAt] IS NULL OR [f0].[NextReconciliationAt] <= @__now_0) AND [f0].[ReconciliationAttempts] < 8
      ORDER BY [f0].[UpdatedAt]
info: Microsoft.EntityFrameworkCore.Database.Command[20101]
      Executed DbCommand (6ms) [Parameters=[@__p_1='?' (DbType = Int32), @__now_0='?' (DbType = DateTimeOffset)], CommandType='Text', CommandTimeout='30']
      SELECT TOP(@__p_1) [f].[FulfilmentIntentId], [f].[AgentId], [f].[CreatedAt], [f].[Currency], [f].[DestinationReference], [f].[ExpiresAt], [f].[MerchantOrderId], [f].[Mode], [f].[PickupLocationId], [f].[PrincipalId], [f].[ProviderId], [f].[QuoteHash], [f].[QuoteId], [f].[TotalAmount], [f].[Version]
      FROM [FulfilmentIntents] AS [f]
      INNER JOIN [FulfilmentExecutions] AS [f0] ON [f].[FulfilmentIntentId] = [f0].[FulfilmentIntentId]
      WHERE [f0].[Status] IN (N'Unknown', N'Pending') AND ([f0].[NextReconciliationAt] IS NULL OR [f0].[NextReconciliationAt] <= @__now_0) AND [f0].[ReconciliationAttempts] < 8
      ORDER BY [f0].[UpdatedAt]
info: Microsoft.EntityFrameworkCore.Database.Command[20101]
      Executed DbCommand (23ms) [Parameters=[@__p_1='?' (DbType = Int32), @__now_0='?' (DbType = DateTimeOffset)], CommandType='Text', CommandTimeout='30']
      SELECT TOP(@__p_1) [f].[FulfilmentIntentId], [f].[AgentId], [f].[CreatedAt], [f].[Currency], [f].[DestinationReference], [f].[ExpiresAt], [f].[MerchantOrderId], [f].[Mode], [f].[PickupLocationId], [f].[PrincipalId], [f].[ProviderId], [f].[QuoteHash], [f].[QuoteId], [f].[TotalAmount], [f].[Version]
      FROM [FulfilmentIntents] AS [f]
      INNER JOIN [FulfilmentExecutions] AS [f0] ON [f].[FulfilmentIntentId] = [f0].[FulfilmentIntentId]
      WHERE [f0].[Status] IN (N'Unknown', N'Pending') AND ([f0].[NextReconciliationAt] IS NULL OR [f0].[NextReconciliationAt] <= @__now_0) AND [f0].[ReconciliationAttempts] < 8
      ORDER BY [f0].[UpdatedAt]
info: Microsoft.EntityFrameworkCore.Database.Command[20101]
      Executed DbCommand (8ms) [Parameters=[@__p_1='?' (DbType = Int32), @__now_0='?' (DbType = DateTimeOffset)], CommandType='Text', CommandTimeout='30']
      SELECT TOP(@__p_1) [f].[FulfilmentIntentId], [f].[AgentId], [f].[CreatedAt], [f].[Currency], [f].[DestinationReference], [f].[ExpiresAt], [f].[MerchantOrderId], [f].[Mode], [f].[PickupLocationId], [f].[PrincipalId], [f].[ProviderId], [f].[QuoteHash], [f].[QuoteId], [f].[TotalAmount], [f].[Version]
      FROM [FulfilmentIntents] AS [f]
      INNER JOIN [FulfilmentExecutions] AS [f0] ON [f].[FulfilmentIntentId] = [f0].[FulfilmentIntentId]
      WHERE [f0].[Status] IN (N'Unknown', N'Pending') AND ([f0].[NextReconciliationAt] IS NULL OR [f0].[NextReconciliationAt] <= @__now_0) AND [f0].[ReconciliationAttempts] < 8
      ORDER BY [f0].[UpdatedAt]
info: Microsoft.EntityFrameworkCore.Database.Command[20101]
      Executed DbCommand (24ms) [Parameters=[@__p_1='?' (DbType = Int32), @__now_0='?' (DbType = DateTimeOffset)], CommandType='Text', CommandTimeout='30']
      SELECT TOP(@__p_1) [f].[FulfilmentIntentId], [f].[AgentId], [f].[CreatedAt], [f].[Currency], [f].[DestinationReference], [f].[ExpiresAt], [f].[MerchantOrderId], [f].[Mode], [f].[PickupLocationId], [f].[PrincipalId], [f].[ProviderId], [f].[QuoteHash], [f].[QuoteId], [f].[TotalAmount], [f].[Version]
      FROM [FulfilmentIntents] AS [f]
      INNER JOIN [FulfilmentExecutions] AS [f0] ON [f].[FulfilmentIntentId] = [f0].[FulfilmentIntentId]
      WHERE [f0].[Status] IN (N'Unknown', N'Pending') AND ([f0].[NextReconciliationAt] IS NULL OR [f0].[NextReconciliationAt] <= @__now_0) AND [f0].[ReconciliationAttempts] < 8
      ORDER BY [f0].[UpdatedAt]
info: Microsoft.EntityFrameworkCore.Database.Command[20101]
      Executed DbCommand (5ms) [Parameters=[@__p_1='?' (DbType = Int32), @__now_0='?' (DbType = DateTimeOffset)], CommandType='Text', CommandTimeout='30']
      SELECT TOP(@__p_1) [f].[FulfilmentIntentId], [f].[AgentId], [f].[CreatedAt], [f].[Currency], [f].[DestinationReference], [f].[ExpiresAt], [f].[MerchantOrderId], [f].[Mode], [f].[PickupLocationId], [f].[PrincipalId], [f].[ProviderId], [f].[QuoteHash], [f].[QuoteId], [f].[TotalAmount], [f].[Version]
      FROM [FulfilmentIntents] AS [f]
      INNER JOIN [FulfilmentExecutions] AS [f0] ON [f].[FulfilmentIntentId] = [f0].[FulfilmentIntentId]
      WHERE [f0].[Status] IN (N'Unknown', N'Pending') AND ([f0].[NextReconciliationAt] IS NULL OR [f0].[NextReconciliationAt] <= @__now_0) AND [f0].[ReconciliationAttempts] < 8
      ORDER BY [f0].[UpdatedAt]
info: Microsoft.EntityFrameworkCore.Database.Command[20101]
      Executed DbCommand (28ms) [Parameters=[@__p_1='?' (DbType = Int32), @__now_0='?' (DbType = DateTimeOffset)], CommandType='Text', CommandTimeout='30']
      SELECT TOP(@__p_1) [f].[FulfilmentIntentId], [f].[AgentId], [f].[CreatedAt], [f].[Currency], [f].[DestinationReference], [f].[ExpiresAt], [f].[MerchantOrderId], [f].[Mode], [f].[PickupLocationId], [f].[PrincipalId], [f].[ProviderId], [f].[QuoteHash], [f].[QuoteId], [f].[TotalAmount], [f].[Version]
      FROM [FulfilmentIntents] AS [f]
      INNER JOIN [FulfilmentExecutions] AS [f0] ON [f].[FulfilmentIntentId] = [f0].[FulfilmentIntentId]
      WHERE [f0].[Status] IN (N'Unknown', N'Pending') AND ([f0].[NextReconciliationAt] IS NULL OR [f0].[NextReconciliationAt] <= @__now_0) AND [f0].[ReconciliationAttempts] < 8
      ORDER BY [f0].[UpdatedAt]
info: Microsoft.EntityFrameworkCore.Database.Command[20101]
      Executed DbCommand (21ms) [Parameters=[@__p_1='?' (DbType = Int32), @__now_0='?' (DbType = DateTimeOffset)], CommandType='Text', CommandTimeout='30']
      SELECT TOP(@__p_1) [f].[FulfilmentIntentId], [f].[AgentId], [f].[CreatedAt], [f].[Currency], [f].[DestinationReference], [f].[ExpiresAt], [f].[MerchantOrderId], [f].[Mode], [f].[PickupLocationId], [f].[PrincipalId], [f].[ProviderId], [f].[QuoteHash], [f].[QuoteId], [f].[TotalAmount], [f].[Version]
      FROM [FulfilmentIntents] AS [f]
      INNER JOIN [FulfilmentExecutions] AS [f0] ON [f].[FulfilmentIntentId] = [f0].[FulfilmentIntentId]
      WHERE [f0].[Status] IN (N'Unknown', N'Pending') AND ([f0].[NextReconciliationAt] IS NULL OR [f0].[NextReconciliationAt] <= @__now_0) AND [f0].[ReconciliationAttempts] < 8
      ORDER BY [f0].[UpdatedAt]
info: Microsoft.EntityFrameworkCore.Database.Command[20101]
      Executed DbCommand (29ms) [Parameters=[@__p_1='?' (DbType = Int32), @__now_0='?' (DbType = DateTimeOffset)], CommandType='Text', CommandTimeout='30']
      SELECT TOP(@__p_1) [f].[FulfilmentIntentId], [f].[AgentId], [f].[CreatedAt], [f].[Currency], [f].[DestinationReference], [f].[ExpiresAt], [f].[MerchantOrderId], [f].[Mode], [f].[PickupLocationId], [f].[PrincipalId], [f].[ProviderId], [f].[QuoteHash], [f].[QuoteId], [f].[TotalAmount], [f].[Version]
      FROM [FulfilmentIntents] AS [f]
      INNER JOIN [FulfilmentExecutions] AS [f0] ON [f].[FulfilmentIntentId] = [f0].[FulfilmentIntentId]
      WHERE [f0].[Status] IN (N'Unknown', N'Pending') AND ([f0].[NextReconciliationAt] IS NULL OR [f0].[NextReconciliationAt] <= @__now_0) AND [f0].[ReconciliationAttempts] < 8
      ORDER BY [f0].[UpdatedAt]
info: Microsoft.EntityFrameworkCore.Database.Command[20101]
      Executed DbCommand (9ms) [Parameters=[@__p_1='?' (DbType = Int32), @__now_0='?' (DbType = DateTimeOffset)], CommandType='Text', CommandTimeout='30']
      SELECT TOP(@__p_1) [f].[FulfilmentIntentId], [f].[AgentId], [f].[CreatedAt], [f].[Currency], [f].[DestinationReference], [f].[ExpiresAt], [f].[MerchantOrderId], [f].[Mode], [f].[PickupLocationId], [f].[PrincipalId], [f].[ProviderId], [f].[QuoteHash], [f].[QuoteId], [f].[TotalAmount], [f].[Version]
      FROM [FulfilmentIntents] AS [f]
      INNER JOIN [FulfilmentExecutions] AS [f0] ON [f].[FulfilmentIntentId] = [f0].[FulfilmentIntentId]
      WHERE [f0].[Status] IN (N'Unknown', N'Pending') AND ([f0].[NextReconciliationAt] IS NULL OR [f0].[NextReconciliationAt] <= @__now_0) AND [f0].[ReconciliationAttempts] < 8
      ORDER BY [f0].[UpdatedAt]
info: Microsoft.EntityFrameworkCore.Database.Command[20101]
      Executed DbCommand (8ms) [Parameters=[@__p_1='?' (DbType = Int32), @__now_0='?' (DbType = DateTimeOffset)], CommandType='Text', CommandTimeout='30']
      SELECT TOP(@__p_1) [f].[FulfilmentIntentId], [f].[AgentId], [f].[CreatedAt], [f].[Currency], [f].[DestinationReference], [f].[ExpiresAt], [f].[MerchantOrderId], [f].[Mode], [f].[PickupLocationId], [f].[PrincipalId], [f].[ProviderId], [f].[QuoteHash], [f].[QuoteId], [f].[TotalAmount], [f].[Version]
      FROM [FulfilmentIntents] AS [f]
      INNER JOIN [FulfilmentExecutions] AS [f0] ON [f].[FulfilmentIntentId] = [f0].[FulfilmentIntentId]
      WHERE [f0].[Status] IN (N'Unknown', N'Pending') AND ([f0].[NextReconciliationAt] IS NULL OR [f0].[NextReconciliationAt] <= @__now_0) AND [f0].[ReconciliationAttempts] < 8
      ORDER BY [f0].[UpdatedAt]
info: Microsoft.EntityFrameworkCore.Database.Command[20101]
      Executed DbCommand (6ms) [Parameters=[@__p_1='?' (DbType = Int32), @__now_0='?' (DbType = DateTimeOffset)], CommandType='Text', CommandTimeout='30']
      SELECT TOP(@__p_1) [f].[FulfilmentIntentId], [f].[AgentId], [f].[CreatedAt], [f].[Currency], [f].[DestinationReference], [f].[ExpiresAt], [f].[MerchantOrderId], [f].[Mode], [f].[PickupLocationId], [f].[PrincipalId], [f].[ProviderId], [f].[QuoteHash], [f].[QuoteId], [f].[TotalAmount], [f].[Version]
      FROM [FulfilmentIntents] AS [f]
      INNER JOIN [FulfilmentExecutions] AS [f0] ON [f].[FulfilmentIntentId] = [f0].[FulfilmentIntentId]
      WHERE [f0].[Status] IN (N'Unknown', N'Pending') AND ([f0].[NextReconciliationAt] IS NULL OR [f0].[NextReconciliationAt] <= @__now_0) AND [f0].[ReconciliationAttempts] < 8
      ORDER BY [f0].[UpdatedAt]
info: Microsoft.EntityFrameworkCore.Database.Command[20101]
      Executed DbCommand (1ms) [Parameters=[@__p_1='?' (DbType = Int32), @__now_0='?' (DbType = DateTimeOffset)], CommandType='Text', CommandTimeout='30']
      SELECT TOP(@__p_1) [f].[FulfilmentIntentId], [f].[AgentId], [f].[CreatedAt], [f].[Currency], [f].[DestinationReference], [f].[ExpiresAt], [f].[MerchantOrderId], [f].[Mode], [f].[PickupLocationId], [f].[PrincipalId], [f].[ProviderId], [f].[QuoteHash], [f].[QuoteId], [f].[TotalAmount], [f].[Version]
      FROM [FulfilmentIntents] AS [f]
      INNER JOIN [FulfilmentExecutions] AS [f0] ON [f].[FulfilmentIntentId] = [f0].[FulfilmentIntentId]
      WHERE [f0].[Status] IN (N'Unknown', N'Pending') AND ([f0].[NextReconciliationAt] IS NULL OR [f0].[NextReconciliationAt] <= @__now_0) AND [f0].[ReconciliationAttempts] < 8
      ORDER BY [f0].[UpdatedAt]
info: Microsoft.EntityFrameworkCore.Database.Command[20101]
      Executed DbCommand (37ms) [Parameters=[@__p_1='?' (DbType = Int32), @__now_0='?' (DbType = DateTimeOffset)], CommandType='Text', CommandTimeout='30']
      SELECT TOP(@__p_1) [f].[FulfilmentIntentId], [f].[AgentId], [f].[CreatedAt], [f].[Currency], [f].[DestinationReference], [f].[ExpiresAt], [f].[MerchantOrderId], [f].[Mode], [f].[PickupLocationId], [f].[PrincipalId], [f].[ProviderId], [f].[QuoteHash], [f].[QuoteId], [f].[TotalAmount], [f].[Version]
      FROM [FulfilmentIntents] AS [f]
      INNER JOIN [FulfilmentExecutions] AS [f0] ON [f].[FulfilmentIntentId] = [f0].[FulfilmentIntentId]
      WHERE [f0].[Status] IN (N'Unknown', N'Pending') AND ([f0].[NextReconciliationAt] IS NULL OR [f0].[NextReconciliationAt] <= @__now_0) AND [f0].[ReconciliationAttempts] < 8
      ORDER BY [f0].[UpdatedAt]
info: Microsoft.EntityFrameworkCore.Database.Command[20101]
      Executed DbCommand (1ms) [Parameters=[@__p_1='?' (DbType = Int32), @__now_0='?' (DbType = DateTimeOffset)], CommandType='Text', CommandTimeout='30']
      SELECT TOP(@__p_1) [f].[FulfilmentIntentId], [f].[AgentId], [f].[CreatedAt], [f].[Currency], [f].[DestinationReference], [f].[ExpiresAt], [f].[MerchantOrderId], [f].[Mode], [f].[PickupLocationId], [f].[PrincipalId], [f].[ProviderId], [f].[QuoteHash], [f].[QuoteId], [f].[TotalAmount], [f].[Version]
      FROM [FulfilmentIntents] AS [f]
      INNER JOIN [FulfilmentExecutions] AS [f0] ON [f].[FulfilmentIntentId] = [f0].[FulfilmentIntentId]
      WHERE [f0].[Status] IN (N'Unknown', N'Pending') AND ([f0].[NextReconciliationAt] IS NULL OR [f0].[NextReconciliationAt] <= @__now_0) AND [f0].[ReconciliationAttempts] < 8
      ORDER BY [f0].[UpdatedAt]
info: Microsoft.EntityFrameworkCore.Database.Command[20101]
      Executed DbCommand (28ms) [Parameters=[@__p_1='?' (DbType = Int32), @__now_0='?' (DbType = DateTimeOffset)], CommandType='Text', CommandTimeout='30']
      SELECT TOP(@__p_1) [f].[FulfilmentIntentId], [f].[AgentId], [f].[CreatedAt], [f].[Currency], [f].[DestinationReference], [f].[ExpiresAt], [f].[MerchantOrderId], [f].[Mode], [f].[PickupLocationId], [f].[PrincipalId], [f].[ProviderId], [f].[QuoteHash], [f].[QuoteId], [f].[TotalAmount], [f].[Version]
      FROM [FulfilmentIntents] AS [f]
      INNER JOIN [FulfilmentExecutions] AS [f0] ON [f].[FulfilmentIntentId] = [f0].[FulfilmentIntentId]
      WHERE [f0].[Status] IN (N'Unknown', N'Pending') AND ([f0].[NextReconciliationAt] IS NULL OR [f0].[NextReconciliationAt] <= @__now_0) AND [f0].[ReconciliationAttempts] < 8
      ORDER BY [f0].[UpdatedAt]
info: Microsoft.EntityFrameworkCore.Database.Command[20101]
      Executed DbCommand (1ms) [Parameters=[@__p_1='?' (DbType = Int32), @__now_0='?' (DbType = DateTimeOffset)], CommandType='Text', CommandTimeout='30']
      SELECT TOP(@__p_1) [f].[FulfilmentIntentId], [f].[AgentId], [f].[CreatedAt], [f].[Currency], [f].[DestinationReference], [f].[ExpiresAt], [f].[MerchantOrderId], [f].[Mode], [f].[PickupLocationId], [f].[PrincipalId], [f].[ProviderId], [f].[QuoteHash], [f].[QuoteId], [f].[TotalAmount], [f].[Version]
      FROM [FulfilmentIntents] AS [f]
      INNER JOIN [FulfilmentExecutions] AS [f0] ON [f].[FulfilmentIntentId] = [f0].[FulfilmentIntentId]
      WHERE [f0].[Status] IN (N'Unknown', N'Pending') AND ([f0].[NextReconciliationAt] IS NULL OR [f0].[NextReconciliationAt] <= @__now_0) AND [f0].[ReconciliationAttempts] < 8
      ORDER BY [f0].[UpdatedAt]
info: Microsoft.EntityFrameworkCore.Database.Command[20101]
      Executed DbCommand (23ms) [Parameters=[@__p_1='?' (DbType = Int32), @__now_0='?' (DbType = DateTimeOffset)], CommandType='Text', CommandTimeout='30']
      SELECT TOP(@__p_1) [f].[FulfilmentIntentId], [f].[AgentId], [f].[CreatedAt], [f].[Currency], [f].[DestinationReference], [f].[ExpiresAt], [f].[MerchantOrderId], [f].[Mode], [f].[PickupLocationId], [f].[PrincipalId], [f].[ProviderId], [f].[QuoteHash], [f].[QuoteId], [f].[TotalAmount], [f].[Version]
      FROM [FulfilmentIntents] AS [f]
      INNER JOIN [FulfilmentExecutions] AS [f0] ON [f].[FulfilmentIntentId] = [f0].[FulfilmentIntentId]
      WHERE [f0].[Status] IN (N'Unknown', N'Pending') AND ([f0].[NextReconciliationAt] IS NULL OR [f0].[NextReconciliationAt] <= @__now_0) AND [f0].[ReconciliationAttempts] < 8
      ORDER BY [f0].[UpdatedAt]
info: Microsoft.EntityFrameworkCore.Database.Command[20101]
      Executed DbCommand (14ms) [Parameters=[@__p_1='?' (DbType = Int32), @__now_0='?' (DbType = DateTimeOffset)], CommandType='Text', CommandTimeout='30']
      SELECT TOP(@__p_1) [f].[FulfilmentIntentId], [f].[AgentId], [f].[CreatedAt], [f].[Currency], [f].[DestinationReference], [f].[ExpiresAt], [f].[MerchantOrderId], [f].[Mode], [f].[PickupLocationId], [f].[PrincipalId], [f].[ProviderId], [f].[QuoteHash], [f].[QuoteId], [f].[TotalAmount], [f].[Version]
      FROM [FulfilmentIntents] AS [f]
      INNER JOIN [FulfilmentExecutions] AS [f0] ON [f].[FulfilmentIntentId] = [f0].[FulfilmentIntentId]
      WHERE [f0].[Status] IN (N'Unknown', N'Pending') AND ([f0].[NextReconciliationAt] IS NULL OR [f0].[NextReconciliationAt] <= @__now_0) AND [f0].[ReconciliationAttempts] < 8
      ORDER BY [f0].[UpdatedAt]
info: Microsoft.EntityFrameworkCore.Database.Command[20101]
      Executed DbCommand (27ms) [Parameters=[@__p_1='?' (DbType = Int32), @__now_0='?' (DbType = DateTimeOffset)], CommandType='Text', CommandTimeout='30']
      SELECT TOP(@__p_1) [f].[FulfilmentIntentId], [f].[AgentId], [f].[CreatedAt], [f].[Currency], [f].[DestinationReference], [f].[ExpiresAt], [f].[MerchantOrderId], [f].[Mode], [f].[PickupLocationId], [f].[PrincipalId], [f].[ProviderId], [f].[QuoteHash], [f].[QuoteId], [f].[TotalAmount], [f].[Version]
      FROM [FulfilmentIntents] AS [f]
      INNER JOIN [FulfilmentExecutions] AS [f0] ON [f].[FulfilmentIntentId] = [f0].[FulfilmentIntentId]
      WHERE [f0].[Status] IN (N'Unknown', N'Pending') AND ([f0].[NextReconciliationAt] IS NULL OR [f0].[NextReconciliationAt] <= @__now_0) AND [f0].[ReconciliationAttempts] < 8
      ORDER BY [f0].[UpdatedAt]
info: Microsoft.EntityFrameworkCore.Database.Command[20101]
      Executed DbCommand (1ms) [Parameters=[@__p_1='?' (DbType = Int32), @__now_0='?' (DbType = DateTimeOffset)], CommandType='Text', CommandTimeout='30']
      SELECT TOP(@__p_1) [f].[FulfilmentIntentId], [f].[AgentId], [f].[CreatedAt], [f].[Currency], [f].[DestinationReference], [f].[ExpiresAt], [f].[MerchantOrderId], [f].[Mode], [f].[PickupLocationId], [f].[PrincipalId], [f].[ProviderId], [f].[QuoteHash], [f].[QuoteId], [f].[TotalAmount], [f].[Version]
      FROM [FulfilmentIntents] AS [f]
      INNER JOIN [FulfilmentExecutions] AS [f0] ON [f].[FulfilmentIntentId] = [f0].[FulfilmentIntentId]
      WHERE [f0].[Status] IN (N'Unknown', N'Pending') AND ([f0].[NextReconciliationAt] IS NULL OR [f0].[NextReconciliationAt] <= @__now_0) AND [f0].[ReconciliationAttempts] < 8
      ORDER BY [f0].[UpdatedAt]
info: Microsoft.EntityFrameworkCore.Database.Command[20101]
      Executed DbCommand (24ms) [Parameters=[@__p_1='?' (DbType = Int32), @__now_0='?' (DbType = DateTimeOffset)], CommandType='Text', CommandTimeout='30']
      SELECT TOP(@__p_1) [f].[FulfilmentIntentId], [f].[AgentId], [f].[CreatedAt], [f].[Currency], [f].[DestinationReference], [f].[ExpiresAt], [f].[MerchantOrderId], [f].[Mode], [f].[PickupLocationId], [f].[PrincipalId], [f].[ProviderId], [f].[QuoteHash], [f].[QuoteId], [f].[TotalAmount], [f].[Version]
      FROM [FulfilmentIntents] AS [f]
      INNER JOIN [FulfilmentExecutions] AS [f0] ON [f].[FulfilmentIntentId] = [f0].[FulfilmentIntentId]
      WHERE [f0].[Status] IN (N'Unknown', N'Pending') AND ([f0].[NextReconciliationAt] IS NULL OR [f0].[NextReconciliationAt] <= @__now_0) AND [f0].[ReconciliationAttempts] < 8
      ORDER BY [f0].[UpdatedAt]
info: Microsoft.EntityFrameworkCore.Database.Command[20101]
      Executed DbCommand (1ms) [Parameters=[@__p_1='?' (DbType = Int32), @__now_0='?' (DbType = DateTimeOffset)], CommandType='Text', CommandTimeout='30']
      SELECT TOP(@__p_1) [f].[FulfilmentIntentId], [f].[AgentId], [f].[CreatedAt], [f].[Currency], [f].[DestinationReference], [f].[ExpiresAt], [f].[MerchantOrderId], [f].[Mode], [f].[PickupLocationId], [f].[PrincipalId], [f].[ProviderId], [f].[QuoteHash], [f].[QuoteId], [f].[TotalAmount], [f].[Version]
      FROM [FulfilmentIntents] AS [f]
      INNER JOIN [FulfilmentExecutions] AS [f0] ON [f].[FulfilmentIntentId] = [f0].[FulfilmentIntentId]
      WHERE [f0].[Status] IN (N'Unknown', N'Pending') AND ([f0].[NextReconciliationAt] IS NULL OR [f0].[NextReconciliationAt] <= @__now_0) AND [f0].[ReconciliationAttempts] < 8
      ORDER BY [f0].[UpdatedAt]
info: Microsoft.EntityFrameworkCore.Database.Command[20101]
      Executed DbCommand (22ms) [Parameters=[@__p_1='?' (DbType = Int32), @__now_0='?' (DbType = DateTimeOffset)], CommandType='Text', CommandTimeout='30']
      SELECT TOP(@__p_1) [f].[FulfilmentIntentId], [f].[AgentId], [f].[CreatedAt], [f].[Currency], [f].[DestinationReference], [f].[ExpiresAt], [f].[MerchantOrderId], [f].[Mode], [f].[PickupLocationId], [f].[PrincipalId], [f].[ProviderId], [f].[QuoteHash], [f].[QuoteId], [f].[TotalAmount], [f].[Version]
      FROM [FulfilmentIntents] AS [f]
      INNER JOIN [FulfilmentExecutions] AS [f0] ON [f].[FulfilmentIntentId] = [f0].[FulfilmentIntentId]
      WHERE [f0].[Status] IN (N'Unknown', N'Pending') AND ([f0].[NextReconciliationAt] IS NULL OR [f0].[NextReconciliationAt] <= @__now_0) AND [f0].[ReconciliationAttempts] < 8
      ORDER BY [f0].[UpdatedAt]
info: Microsoft.EntityFrameworkCore.Database.Command[20101]
      Executed DbCommand (25ms) [Parameters=[@__p_1='?' (DbType = Int32), @__now_0='?' (DbType = DateTimeOffset)], CommandType='Text', CommandTimeout='30']
      SELECT TOP(@__p_1) [f].[FulfilmentIntentId], [f].[AgentId], [f].[CreatedAt], [f].[Currency], [f].[DestinationReference], [f].[ExpiresAt], [f].[MerchantOrderId], [f].[Mode], [f].[PickupLocationId], [f].[PrincipalId], [f].[ProviderId], [f].[QuoteHash], [f].[QuoteId], [f].[TotalAmount], [f].[Version]
      FROM [FulfilmentIntents] AS [f]
      INNER JOIN [FulfilmentExecutions] AS [f0] ON [f].[FulfilmentIntentId] = [f0].[FulfilmentIntentId]
      WHERE [f0].[Status] IN (N'Unknown', N'Pending') AND ([f0].[NextReconciliationAt] IS NULL OR [f0].[NextReconciliationAt] <= @__now_0) AND [f0].[ReconciliationAttempts] < 8
      ORDER BY [f0].[UpdatedAt]
info: Microsoft.EntityFrameworkCore.Database.Command[20101]
      Executed DbCommand (1ms) [Parameters=[@__p_1='?' (DbType = Int32), @__now_0='?' (DbType = DateTimeOffset)], CommandType='Text', CommandTimeout='30']
      SELECT TOP(@__p_1) [f].[FulfilmentIntentId], [f].[AgentId], [f].[CreatedAt], [f].[Currency], [f].[DestinationReference], [f].[ExpiresAt], [f].[MerchantOrderId], [f].[Mode], [f].[PickupLocationId], [f].[PrincipalId], [f].[ProviderId], [f].[QuoteHash], [f].[QuoteId], [f].[TotalAmount], [f].[Version]
      FROM [FulfilmentIntents] AS [f]
      INNER JOIN [FulfilmentExecutions] AS [f0] ON [f].[FulfilmentIntentId] = [f0].[FulfilmentIntentId]
      WHERE [f0].[Status] IN (N'Unknown', N'Pending') AND ([f0].[NextReconciliationAt] IS NULL OR [f0].[NextReconciliationAt] <= @__now_0) AND [f0].[ReconciliationAttempts] < 8
      ORDER BY [f0].[UpdatedAt]
info: Microsoft.EntityFrameworkCore.Database.Command[20101]
      Executed DbCommand (13ms) [Parameters=[@__p_1='?' (DbType = Int32), @__now_0='?' (DbType = DateTimeOffset)], CommandType='Text', CommandTimeout='30']
      SELECT TOP(@__p_1) [f].[FulfilmentIntentId], [f].[AgentId], [f].[CreatedAt], [f].[Currency], [f].[DestinationReference], [f].[ExpiresAt], [f].[MerchantOrderId], [f].[Mode], [f].[PickupLocationId], [f].[PrincipalId], [f].[ProviderId], [f].[QuoteHash], [f].[QuoteId], [f].[TotalAmount], [f].[Version]
      FROM [FulfilmentIntents] AS [f]
      INNER JOIN [FulfilmentExecutions] AS [f0] ON [f].[FulfilmentIntentId] = [f0].[FulfilmentIntentId]
      WHERE [f0].[Status] IN (N'Unknown', N'Pending') AND ([f0].[NextReconciliationAt] IS NULL OR [f0].[NextReconciliationAt] <= @__now_0) AND [f0].[ReconciliationAttempts] < 8
      ORDER BY [f0].[UpdatedAt]
info: Microsoft.EntityFrameworkCore.Database.Command[20101]
      Executed DbCommand (10ms) [Parameters=[@__p_1='?' (DbType = Int32), @__now_0='?' (DbType = DateTimeOffset)], CommandType='Text', CommandTimeout='30']
      SELECT TOP(@__p_1) [f].[FulfilmentIntentId], [f].[AgentId], [f].[CreatedAt], [f].[Currency], [f].[DestinationReference], [f].[ExpiresAt], [f].[MerchantOrderId], [f].[Mode], [f].[PickupLocationId], [f].[PrincipalId], [f].[ProviderId], [f].[QuoteHash], [f].[QuoteId], [f].[TotalAmount], [f].[Version]
      FROM [FulfilmentIntents] AS [f]
      INNER JOIN [FulfilmentExecutions] AS [f0] ON [f].[FulfilmentIntentId] = [f0].[FulfilmentIntentId]
      WHERE [f0].[Status] IN (N'Unknown', N'Pending') AND ([f0].[NextReconciliationAt] IS NULL OR [f0].[NextReconciliationAt] <= @__now_0) AND [f0].[ReconciliationAttempts] < 8
      ORDER BY [f0].[UpdatedAt]
info: Microsoft.EntityFrameworkCore.Database.Command[20101]
      Executed DbCommand (6ms) [Parameters=[@__p_1='?' (DbType = Int32), @__now_0='?' (DbType = DateTimeOffset)], CommandType='Text', CommandTimeout='30']
      SELECT TOP(@__p_1) [f].[FulfilmentIntentId], [f].[AgentId], [f].[CreatedAt], [f].[Currency], [f].[DestinationReference], [f].[ExpiresAt], [f].[MerchantOrderId], [f].[Mode], [f].[PickupLocationId], [f].[PrincipalId], [f].[ProviderId], [f].[QuoteHash], [f].[QuoteId], [f].[TotalAmount], [f].[Version]
      FROM [FulfilmentIntents] AS [f]
      INNER JOIN [FulfilmentExecutions] AS [f0] ON [f].[FulfilmentIntentId] = [f0].[FulfilmentIntentId]
      WHERE [f0].[Status] IN (N'Unknown', N'Pending') AND ([f0].[NextReconciliationAt] IS NULL OR [f0].[NextReconciliationAt] <= @__now_0) AND [f0].[ReconciliationAttempts] < 8
      ORDER BY [f0].[UpdatedAt]
info: Microsoft.EntityFrameworkCore.Database.Command[20101]
      Executed DbCommand (1ms) [Parameters=[@__p_1='?' (DbType = Int32), @__now_0='?' (DbType = DateTimeOffset)], CommandType='Text', CommandTimeout='30']
      SELECT TOP(@__p_1) [f].[FulfilmentIntentId], [f].[AgentId], [f].[CreatedAt], [f].[Currency], [f].[DestinationReference], [f].[ExpiresAt], [f].[MerchantOrderId], [f].[Mode], [f].[PickupLocationId], [f].[PrincipalId], [f].[ProviderId], [f].[QuoteHash], [f].[QuoteId], [f].[TotalAmount], [f].[Version]
      FROM [FulfilmentIntents] AS [f]
      INNER JOIN [FulfilmentExecutions] AS [f0] ON [f].[FulfilmentIntentId] = [f0].[FulfilmentIntentId]
      WHERE [f0].[Status] IN (N'Unknown', N'Pending') AND ([f0].[NextReconciliationAt] IS NULL OR [f0].[NextReconciliationAt] <= @__now_0) AND [f0].[ReconciliationAttempts] < 8
      ORDER BY [f0].[UpdatedAt]
info: Microsoft.EntityFrameworkCore.Database.Command[20101]
      Executed DbCommand (7ms) [Parameters=[@__p_1='?' (DbType = Int32), @__now_0='?' (DbType = DateTimeOffset)], CommandType='Text', CommandTimeout='30']
      SELECT TOP(@__p_1) [f].[FulfilmentIntentId], [f].[AgentId], [f].[CreatedAt], [f].[Currency], [f].[DestinationReference], [f].[ExpiresAt], [f].[MerchantOrderId], [f].[Mode], [f].[PickupLocationId], [f].[PrincipalId], [f].[ProviderId], [f].[QuoteHash], [f].[QuoteId], [f].[TotalAmount], [f].[Version]
      FROM [FulfilmentIntents] AS [f]
      INNER JOIN [FulfilmentExecutions] AS [f0] ON [f].[FulfilmentIntentId] = [f0].[FulfilmentIntentId]
      WHERE [f0].[Status] IN (N'Unknown', N'Pending') AND ([f0].[NextReconciliationAt] IS NULL OR [f0].[NextReconciliationAt] <= @__now_0) AND [f0].[ReconciliationAttempts] < 8
      ORDER BY [f0].[UpdatedAt]
info: Microsoft.EntityFrameworkCore.Database.Command[20101]
      Executed DbCommand (1ms) [Parameters=[@__p_1='?' (DbType = Int32), @__now_0='?' (DbType = DateTimeOffset)], CommandType='Text', CommandTimeout='30']
      SELECT TOP(@__p_1) [f].[FulfilmentIntentId], [f].[AgentId], [f].[CreatedAt], [f].[Currency], [f].[DestinationReference], [f].[ExpiresAt], [f].[MerchantOrderId], [f].[Mode], [f].[PickupLocationId], [f].[PrincipalId], [f].[ProviderId], [f].[QuoteHash], [f].[QuoteId], [f].[TotalAmount], [f].[Version]
      FROM [FulfilmentIntents] AS [f]
      INNER JOIN [FulfilmentExecutions] AS [f0] ON [f].[FulfilmentIntentId] = [f0].[FulfilmentIntentId]
      WHERE [f0].[Status] IN (N'Unknown', N'Pending') AND ([f0].[NextReconciliationAt] IS NULL OR [f0].[NextReconciliationAt] <= @__now_0) AND [f0].[ReconciliationAttempts] < 8
      ORDER BY [f0].[UpdatedAt]
info: Microsoft.EntityFrameworkCore.Database.Command[20101]
      Executed DbCommand (20ms) [Parameters=[@__p_1='?' (DbType = Int32), @__now_0='?' (DbType = DateTimeOffset)], CommandType='Text', CommandTimeout='30']
      SELECT TOP(@__p_1) [f].[FulfilmentIntentId], [f].[AgentId], [f].[CreatedAt], [f].[Currency], [f].[DestinationReference], [f].[ExpiresAt], [f].[MerchantOrderId], [f].[Mode], [f].[PickupLocationId], [f].[PrincipalId], [f].[ProviderId], [f].[QuoteHash], [f].[QuoteId], [f].[TotalAmount], [f].[Version]
      FROM [FulfilmentIntents] AS [f]
      INNER JOIN [FulfilmentExecutions] AS [f0] ON [f].[FulfilmentIntentId] = [f0].[FulfilmentIntentId]
      WHERE [f0].[Status] IN (N'Unknown', N'Pending') AND ([f0].[NextReconciliationAt] IS NULL OR [f0].[NextReconciliationAt] <= @__now_0) AND [f0].[ReconciliationAttempts] < 8
      ORDER BY [f0].[UpdatedAt]
info: Microsoft.EntityFrameworkCore.Database.Command[20101]
      Executed DbCommand (1ms) [Parameters=[@__p_1='?' (DbType = Int32), @__now_0='?' (DbType = DateTimeOffset)], CommandType='Text', CommandTimeout='30']
      SELECT TOP(@__p_1) [f].[FulfilmentIntentId], [f].[AgentId], [f].[CreatedAt], [f].[Currency], [f].[DestinationReference], [f].[ExpiresAt], [f].[MerchantOrderId], [f].[Mode], [f].[PickupLocationId], [f].[PrincipalId], [f].[ProviderId], [f].[QuoteHash], [f].[QuoteId], [f].[TotalAmount], [f].[Version]
      FROM [FulfilmentIntents] AS [f]
      INNER JOIN [FulfilmentExecutions] AS [f0] ON [f].[FulfilmentIntentId] = [f0].[FulfilmentIntentId]
      WHERE [f0].[Status] IN (N'Unknown', N'Pending') AND ([f0].[NextReconciliationAt] IS NULL OR [f0].[NextReconciliationAt] <= @__now_0) AND [f0].[ReconciliationAttempts] < 8
      ORDER BY [f0].[UpdatedAt]
info: Microsoft.EntityFrameworkCore.Database.Command[20101]
      Executed DbCommand (56ms) [Parameters=[@__p_1='?' (DbType = Int32), @__now_0='?' (DbType = DateTimeOffset)], CommandType='Text', CommandTimeout='30']
      SELECT TOP(@__p_1) [f].[FulfilmentIntentId], [f].[AgentId], [f].[CreatedAt], [f].[Currency], [f].[DestinationReference], [f].[ExpiresAt], [f].[MerchantOrderId], [f].[Mode], [f].[PickupLocationId], [f].[PrincipalId], [f].[ProviderId], [f].[QuoteHash], [f].[QuoteId], [f].[TotalAmount], [f].[Version]
      FROM [FulfilmentIntents] AS [f]
      INNER JOIN [FulfilmentExecutions] AS [f0] ON [f].[FulfilmentIntentId] = [f0].[FulfilmentIntentId]
      WHERE [f0].[Status] IN (N'Unknown', N'Pending') AND ([f0].[NextReconciliationAt] IS NULL OR [f0].[NextReconciliationAt] <= @__now_0) AND [f0].[ReconciliationAttempts] < 8
      ORDER BY [f0].[UpdatedAt]
info: Microsoft.EntityFrameworkCore.Database.Command[20101]
      Executed DbCommand (1ms) [Parameters=[@__p_1='?' (DbType = Int32), @__now_0='?' (DbType = DateTimeOffset)], CommandType='Text', CommandTimeout='30']
      SELECT TOP(@__p_1) [f].[FulfilmentIntentId], [f].[AgentId], [f].[CreatedAt], [f].[Currency], [f].[DestinationReference], [f].[ExpiresAt], [f].[MerchantOrderId], [f].[Mode], [f].[PickupLocationId], [f].[PrincipalId], [f].[ProviderId], [f].[QuoteHash], [f].[QuoteId], [f].[TotalAmount], [f].[Version]
      FROM [FulfilmentIntents] AS [f]
      INNER JOIN [FulfilmentExecutions] AS [f0] ON [f].[FulfilmentIntentId] = [f0].[FulfilmentIntentId]
      WHERE [f0].[Status] IN (N'Unknown', N'Pending') AND ([f0].[NextReconciliationAt] IS NULL OR [f0].[NextReconciliationAt] <= @__now_0) AND [f0].[ReconciliationAttempts] < 8
      ORDER BY [f0].[UpdatedAt]
info: Microsoft.EntityFrameworkCore.Database.Command[20101]
      Executed DbCommand (22ms) [Parameters=[@__p_1='?' (DbType = Int32), @__now_0='?' (DbType = DateTimeOffset)], CommandType='Text', CommandTimeout='30']
      SELECT TOP(@__p_1) [f].[FulfilmentIntentId], [f].[AgentId], [f].[CreatedAt], [f].[Currency], [f].[DestinationReference], [f].[ExpiresAt], [f].[MerchantOrderId], [f].[Mode], [f].[PickupLocationId], [f].[PrincipalId], [f].[ProviderId], [f].[QuoteHash], [f].[QuoteId], [f].[TotalAmount], [f].[Version]
      FROM [FulfilmentIntents] AS [f]
      INNER JOIN [FulfilmentExecutions] AS [f0] ON [f].[FulfilmentIntentId] = [f0].[FulfilmentIntentId]
      WHERE [f0].[Status] IN (N'Unknown', N'Pending') AND ([f0].[NextReconciliationAt] IS NULL OR [f0].[NextReconciliationAt] <= @__now_0) AND [f0].[ReconciliationAttempts] < 8
      ORDER BY [f0].[UpdatedAt]
info: Microsoft.EntityFrameworkCore.Database.Command[20101]
      Executed DbCommand (1ms) [Parameters=[@__p_1='?' (DbType = Int32), @__now_0='?' (DbType = DateTimeOffset)], CommandType='Text', CommandTimeout='30']
      SELECT TOP(@__p_1) [f].[FulfilmentIntentId], [f].[AgentId], [f].[CreatedAt], [f].[Currency], [f].[DestinationReference], [f].[ExpiresAt], [f].[MerchantOrderId], [f].[Mode], [f].[PickupLocationId], [f].[PrincipalId], [f].[ProviderId], [f].[QuoteHash], [f].[QuoteId], [f].[TotalAmount], [f].[Version]
      FROM [FulfilmentIntents] AS [f]
      INNER JOIN [FulfilmentExecutions] AS [f0] ON [f].[FulfilmentIntentId] = [f0].[FulfilmentIntentId]
      WHERE [f0].[Status] IN (N'Unknown', N'Pending') AND ([f0].[NextReconciliationAt] IS NULL OR [f0].[NextReconciliationAt] <= @__now_0) AND [f0].[ReconciliationAttempts] < 8
      ORDER BY [f0].[UpdatedAt]
info: Microsoft.EntityFrameworkCore.Database.Command[20101]
      Executed DbCommand (1,453ms) [Parameters=[@__p_1='?' (DbType = Int32), @__now_0='?' (DbType = DateTimeOffset)], CommandType='Text', CommandTimeout='30']
      SELECT TOP(@__p_1) [f].[FulfilmentIntentId], [f].[AgentId], [f].[CreatedAt], [f].[Currency], [f].[DestinationReference], [f].[ExpiresAt], [f].[MerchantOrderId], [f].[Mode], [f].[PickupLocationId], [f].[PrincipalId], [f].[ProviderId], [f].[QuoteHash], [f].[QuoteId], [f].[TotalAmount], [f].[Version]
      FROM [FulfilmentIntents] AS [f]
      INNER JOIN [FulfilmentExecutions] AS [f0] ON [f].[FulfilmentIntentId] = [f0].[FulfilmentIntentId]
      WHERE [f0].[Status] IN (N'Unknown', N'Pending') AND ([f0].[NextReconciliationAt] IS NULL OR [f0].[NextReconciliationAt] <= @__now_0) AND [f0].[ReconciliationAttempts] < 8
      ORDER BY [f0].[UpdatedAt]
info: Microsoft.EntityFrameworkCore.Database.Command[20101]
      Executed DbCommand (29ms) [Parameters=[@__p_1='?' (DbType = Int32), @__now_0='?' (DbType = DateTimeOffset)], CommandType='Text', CommandTimeout='30']
      SELECT TOP(@__p_1) [f].[FulfilmentIntentId], [f].[AgentId], [f].[CreatedAt], [f].[Currency], [f].[DestinationReference], [f].[ExpiresAt], [f].[MerchantOrderId], [f].[Mode], [f].[PickupLocationId], [f].[PrincipalId], [f].[ProviderId], [f].[QuoteHash], [f].[QuoteId], [f].[TotalAmount], [f].[Version]
      FROM [FulfilmentIntents] AS [f]
      INNER JOIN [FulfilmentExecutions] AS [f0] ON [f].[FulfilmentIntentId] = [f0].[FulfilmentIntentId]
      WHERE [f0].[Status] IN (N'Unknown', N'Pending') AND ([f0].[NextReconciliationAt] IS NULL OR [f0].[NextReconciliationAt] <= @__now_0) AND [f0].[ReconciliationAttempts] < 8
      ORDER BY [f0].[UpdatedAt]
info: Microsoft.EntityFrameworkCore.Database.Command[20101]
      Executed DbCommand (1ms) [Parameters=[@__p_1='?' (DbType = Int32), @__now_0='?' (DbType = DateTimeOffset)], CommandType='Text', CommandTimeout='30']
      SELECT TOP(@__p_1) [f].[FulfilmentIntentId], [f].[AgentId], [f].[CreatedAt], [f].[Currency], [f].[DestinationReference], [f].[ExpiresAt], [f].[MerchantOrderId], [f].[Mode], [f].[PickupLocationId], [f].[PrincipalId], [f].[ProviderId], [f].[QuoteHash], [f].[QuoteId], [f].[TotalAmount], [f].[Version]
      FROM [FulfilmentIntents] AS [f]
      INNER JOIN [FulfilmentExecutions] AS [f0] ON [f].[FulfilmentIntentId] = [f0].[FulfilmentIntentId]
      WHERE [f0].[Status] IN (N'Unknown', N'Pending') AND ([f0].[NextReconciliationAt] IS NULL OR [f0].[NextReconciliationAt] <= @__now_0) AND [f0].[ReconciliationAttempts] < 8
      ORDER BY [f0].[UpdatedAt]
info: Microsoft.EntityFrameworkCore.Database.Command[20101]
      Executed DbCommand (6ms) [Parameters=[@__p_1='?' (DbType = Int32), @__now_0='?' (DbType = DateTimeOffset)], CommandType='Text', CommandTimeout='30']
      SELECT TOP(@__p_1) [f].[FulfilmentIntentId], [f].[AgentId], [f].[CreatedAt], [f].[Currency], [f].[DestinationReference], [f].[ExpiresAt], [f].[MerchantOrderId], [f].[Mode], [f].[PickupLocationId], [f].[PrincipalId], [f].[ProviderId], [f].[QuoteHash], [f].[QuoteId], [f].[TotalAmount], [f].[Version]
      FROM [FulfilmentIntents] AS [f]
      INNER JOIN [FulfilmentExecutions] AS [f0] ON [f].[FulfilmentIntentId] = [f0].[FulfilmentIntentId]
      WHERE [f0].[Status] IN (N'Unknown', N'Pending') AND ([f0].[NextReconciliationAt] IS NULL OR [f0].[NextReconciliationAt] <= @__now_0) AND [f0].[ReconciliationAttempts] < 8
      ORDER BY [f0].[UpdatedAt]
info: Microsoft.EntityFrameworkCore.Database.Command[20101]
      Executed DbCommand (1ms) [Parameters=[@__p_1='?' (DbType = Int32), @__now_0='?' (DbType = DateTimeOffset)], CommandType='Text', CommandTimeout='30']
      SELECT TOP(@__p_1) [f].[FulfilmentIntentId], [f].[AgentId], [f].[CreatedAt], [f].[Currency], [f].[DestinationReference], [f].[ExpiresAt], [f].[MerchantOrderId], [f].[Mode], [f].[PickupLocationId], [f].[PrincipalId], [f].[ProviderId], [f].[QuoteHash], [f].[QuoteId], [f].[TotalAmount], [f].[Version]
      FROM [FulfilmentIntents] AS [f]
      INNER JOIN [FulfilmentExecutions] AS [f0] ON [f].[FulfilmentIntentId] = [f0].[FulfilmentIntentId]
      WHERE [f0].[Status] IN (N'Unknown', N'Pending') AND ([f0].[NextReconciliationAt] IS NULL OR [f0].[NextReconciliationAt] <= @__now_0) AND [f0].[ReconciliationAttempts] < 8
      ORDER BY [f0].[UpdatedAt]
info: Microsoft.EntityFrameworkCore.Database.Command[20101]
      Executed DbCommand (32ms) [Parameters=[@__p_1='?' (DbType = Int32), @__now_0='?' (DbType = DateTimeOffset)], CommandType='Text', CommandTimeout='30']
      SELECT TOP(@__p_1) [f].[FulfilmentIntentId], [f].[AgentId], [f].[CreatedAt], [f].[Currency], [f].[DestinationReference], [f].[ExpiresAt], [f].[MerchantOrderId], [f].[Mode], [f].[PickupLocationId], [f].[PrincipalId], [f].[ProviderId], [f].[QuoteHash], [f].[QuoteId], [f].[TotalAmount], [f].[Version]
      FROM [FulfilmentIntents] AS [f]
      INNER JOIN [FulfilmentExecutions] AS [f0] ON [f].[FulfilmentIntentId] = [f0].[FulfilmentIntentId]
      WHERE [f0].[Status] IN (N'Unknown', N'Pending') AND ([f0].[NextReconciliationAt] IS NULL OR [f0].[NextReconciliationAt] <= @__now_0) AND [f0].[ReconciliationAttempts] < 8
      ORDER BY [f0].[UpdatedAt]
info: Microsoft.EntityFrameworkCore.Database.Command[20101]
      Executed DbCommand (1ms) [Parameters=[@__p_1='?' (DbType = Int32), @__now_0='?' (DbType = DateTimeOffset)], CommandType='Text', CommandTimeout='30']
      SELECT TOP(@__p_1) [f].[FulfilmentIntentId], [f].[AgentId], [f].[CreatedAt], [f].[Currency], [f].[DestinationReference], [f].[ExpiresAt], [f].[MerchantOrderId], [f].[Mode], [f].[PickupLocationId], [f].[PrincipalId], [f].[ProviderId], [f].[QuoteHash], [f].[QuoteId], [f].[TotalAmount], [f].[Version]
      FROM [FulfilmentIntents] AS [f]
      INNER JOIN [FulfilmentExecutions] AS [f0] ON [f].[FulfilmentIntentId] = [f0].[FulfilmentIntentId]
      WHERE [f0].[Status] IN (N'Unknown', N'Pending') AND ([f0].[NextReconciliationAt] IS NULL OR [f0].[NextReconciliationAt] <= @__now_0) AND [f0].[ReconciliationAttempts] < 8
      ORDER BY [f0].[UpdatedAt]
info: Microsoft.EntityFrameworkCore.Database.Command[20101]
      Executed DbCommand (18ms) [Parameters=[@__p_1='?' (DbType = Int32), @__now_0='?' (DbType = DateTimeOffset)], CommandType='Text', CommandTimeout='30']
      SELECT TOP(@__p_1) [f].[FulfilmentIntentId], [f].[AgentId], [f].[CreatedAt], [f].[Currency], [f].[DestinationReference], [f].[ExpiresAt], [f].[MerchantOrderId], [f].[Mode], [f].[PickupLocationId], [f].[PrincipalId], [f].[ProviderId], [f].[QuoteHash], [f].[QuoteId], [f].[TotalAmount], [f].[Version]
      FROM [FulfilmentIntents] AS [f]
      INNER JOIN [FulfilmentExecutions] AS [f0] ON [f].[FulfilmentIntentId] = [f0].[FulfilmentIntentId]
      WHERE [f0].[Status] IN (N'Unknown', N'Pending') AND ([f0].[NextReconciliationAt] IS NULL OR [f0].[NextReconciliationAt] <= @__now_0) AND [f0].[ReconciliationAttempts] < 8
      ORDER BY [f0].[UpdatedAt]
info: Microsoft.EntityFrameworkCore.Database.Command[20101]
      Executed DbCommand (5ms) [Parameters=[@__p_1='?' (DbType = Int32), @__now_0='?' (DbType = DateTimeOffset)], CommandType='Text', CommandTimeout='30']
      SELECT TOP(@__p_1) [f].[FulfilmentIntentId], [f].[AgentId], [f].[CreatedAt], [f].[Currency], [f].[DestinationReference], [f].[ExpiresAt], [f].[MerchantOrderId], [f].[Mode], [f].[PickupLocationId], [f].[PrincipalId], [f].[ProviderId], [f].[QuoteHash], [f].[QuoteId], [f].[TotalAmount], [f].[Version]
      FROM [FulfilmentIntents] AS [f]
      INNER JOIN [FulfilmentExecutions] AS [f0] ON [f].[FulfilmentIntentId] = [f0].[FulfilmentIntentId]
      WHERE [f0].[Status] IN (N'Unknown', N'Pending') AND ([f0].[NextReconciliationAt] IS NULL OR [f0].[NextReconciliationAt] <= @__now_0) AND [f0].[ReconciliationAttempts] < 8
      ORDER BY [f0].[UpdatedAt]
info: Microsoft.EntityFrameworkCore.Database.Command[20101]
      Executed DbCommand (23ms) [Parameters=[@__p_1='?' (DbType = Int32), @__now_0='?' (DbType = DateTimeOffset)], CommandType='Text', CommandTimeout='30']
      SELECT TOP(@__p_1) [f].[FulfilmentIntentId], [f].[AgentId], [f].[CreatedAt], [f].[Currency], [f].[DestinationReference], [f].[ExpiresAt], [f].[MerchantOrderId], [f].[Mode], [f].[PickupLocationId], [f].[PrincipalId], [f].[ProviderId], [f].[QuoteHash], [f].[QuoteId], [f].[TotalAmount], [f].[Version]
      FROM [FulfilmentIntents] AS [f]
      INNER JOIN [FulfilmentExecutions] AS [f0] ON [f].[FulfilmentIntentId] = [f0].[FulfilmentIntentId]
      WHERE [f0].[Status] IN (N'Unknown', N'Pending') AND ([f0].[NextReconciliationAt] IS NULL OR [f0].[NextReconciliationAt] <= @__now_0) AND [f0].[ReconciliationAttempts] < 8
      ORDER BY [f0].[UpdatedAt]
info: Microsoft.EntityFrameworkCore.Database.Command[20101]
      Executed DbCommand (1ms) [Parameters=[@__p_1='?' (DbType = Int32), @__now_0='?' (DbType = DateTimeOffset)], CommandType='Text', CommandTimeout='30']
      SELECT TOP(@__p_1) [f].[FulfilmentIntentId], [f].[AgentId], [f].[CreatedAt], [f].[Currency], [f].[DestinationReference], [f].[ExpiresAt], [f].[MerchantOrderId], [f].[Mode], [f].[PickupLocationId], [f].[PrincipalId], [f].[ProviderId], [f].[QuoteHash], [f].[QuoteId], [f].[TotalAmount], [f].[Version]
      FROM [FulfilmentIntents] AS [f]
      INNER JOIN [FulfilmentExecutions] AS [f0] ON [f].[FulfilmentIntentId] = [f0].[FulfilmentIntentId]
      WHERE [f0].[Status] IN (N'Unknown', N'Pending') AND ([f0].[NextReconciliationAt] IS NULL OR [f0].[NextReconciliationAt] <= @__now_0) AND [f0].[ReconciliationAttempts] < 8
      ORDER BY [f0].[UpdatedAt]
info: Microsoft.EntityFrameworkCore.Database.Command[20101]
      Executed DbCommand (22ms) [Parameters=[@__p_1='?' (DbType = Int32), @__now_0='?' (DbType = DateTimeOffset)], CommandType='Text', CommandTimeout='30']
      SELECT TOP(@__p_1) [f].[FulfilmentIntentId], [f].[AgentId], [f].[CreatedAt], [f].[Currency], [f].[DestinationReference], [f].[ExpiresAt], [f].[MerchantOrderId], [f].[Mode], [f].[PickupLocationId], [f].[PrincipalId], [f].[ProviderId], [f].[QuoteHash], [f].[QuoteId], [f].[TotalAmount], [f].[Version]
      FROM [FulfilmentIntents] AS [f]
      INNER JOIN [FulfilmentExecutions] AS [f0] ON [f].[FulfilmentIntentId] = [f0].[FulfilmentIntentId]
      WHERE [f0].[Status] IN (N'Unknown', N'Pending') AND ([f0].[NextReconciliationAt] IS NULL OR [f0].[NextReconciliationAt] <= @__now_0) AND [f0].[ReconciliationAttempts] < 8
      ORDER BY [f0].[UpdatedAt]
info: Microsoft.EntityFrameworkCore.Database.Command[20101]
      Executed DbCommand (1ms) [Parameters=[@__p_1='?' (DbType = Int32), @__now_0='?' (DbType = DateTimeOffset)], CommandType='Text', CommandTimeout='30']
      SELECT TOP(@__p_1) [f].[FulfilmentIntentId], [f].[AgentId], [f].[CreatedAt], [f].[Currency], [f].[DestinationReference], [f].[ExpiresAt], [f].[MerchantOrderId], [f].[Mode], [f].[PickupLocationId], [f].[PrincipalId], [f].[ProviderId], [f].[QuoteHash], [f].[QuoteId], [f].[TotalAmount], [f].[Version]
      FROM [FulfilmentIntents] AS [f]
      INNER JOIN [FulfilmentExecutions] AS [f0] ON [f].[FulfilmentIntentId] = [f0].[FulfilmentIntentId]
      WHERE [f0].[Status] IN (N'Unknown', N'Pending') AND ([f0].[NextReconciliationAt] IS NULL OR [f0].[NextReconciliationAt] <= @__now_0) AND [f0].[ReconciliationAttempts] < 8
      ORDER BY [f0].[UpdatedAt]
info: Microsoft.EntityFrameworkCore.Database.Command[20101]
      Executed DbCommand (24ms) [Parameters=[@__p_1='?' (DbType = Int32), @__now_0='?' (DbType = DateTimeOffset)], CommandType='Text', CommandTimeout='30']
      SELECT TOP(@__p_1) [f].[FulfilmentIntentId], [f].[AgentId], [f].[CreatedAt], [f].[Currency], [f].[DestinationReference], [f].[ExpiresAt], [f].[MerchantOrderId], [f].[Mode], [f].[PickupLocationId], [f].[PrincipalId], [f].[ProviderId], [f].[QuoteHash], [f].[QuoteId], [f].[TotalAmount], [f].[Version]
      FROM [FulfilmentIntents] AS [f]
      INNER JOIN [FulfilmentExecutions] AS [f0] ON [f].[FulfilmentIntentId] = [f0].[FulfilmentIntentId]
      WHERE [f0].[Status] IN (N'Unknown', N'Pending') AND ([f0].[NextReconciliationAt] IS NULL OR [f0].[NextReconciliationAt] <= @__now_0) AND [f0].[ReconciliationAttempts] < 8
      ORDER BY [f0].[UpdatedAt]
info: Microsoft.EntityFrameworkCore.Database.Command[20101]
      Executed DbCommand (1ms) [Parameters=[@__p_1='?' (DbType = Int32), @__now_0='?' (DbType = DateTimeOffset)], CommandType='Text', CommandTimeout='30']
      SELECT TOP(@__p_1) [f].[FulfilmentIntentId], [f].[AgentId], [f].[CreatedAt], [f].[Currency], [f].[DestinationReference], [f].[ExpiresAt], [f].[MerchantOrderId], [f].[Mode], [f].[PickupLocationId], [f].[PrincipalId], [f].[ProviderId], [f].[QuoteHash], [f].[QuoteId], [f].[TotalAmount], [f].[Version]
      FROM [FulfilmentIntents] AS [f]
      INNER JOIN [FulfilmentExecutions] AS [f0] ON [f].[FulfilmentIntentId] = [f0].[FulfilmentIntentId]
      WHERE [f0].[Status] IN (N'Unknown', N'Pending') AND ([f0].[NextReconciliationAt] IS NULL OR [f0].[NextReconciliationAt] <= @__now_0) AND [f0].[ReconciliationAttempts] < 8
      ORDER BY [f0].[UpdatedAt]
info: Microsoft.EntityFrameworkCore.Database.Command[20101]
      Executed DbCommand (25ms) [Parameters=[@__p_1='?' (DbType = Int32), @__now_0='?' (DbType = DateTimeOffset)], CommandType='Text', CommandTimeout='30']
      SELECT TOP(@__p_1) [f].[FulfilmentIntentId], [f].[AgentId], [f].[CreatedAt], [f].[Currency], [f].[DestinationReference], [f].[ExpiresAt], [f].[MerchantOrderId], [f].[Mode], [f].[PickupLocationId], [f].[PrincipalId], [f].[ProviderId], [f].[QuoteHash], [f].[QuoteId], [f].[TotalAmount], [f].[Version]
      FROM [FulfilmentIntents] AS [f]
      INNER JOIN [FulfilmentExecutions] AS [f0] ON [f].[FulfilmentIntentId] = [f0].[FulfilmentIntentId]
      WHERE [f0].[Status] IN (N'Unknown', N'Pending') AND ([f0].[NextReconciliationAt] IS NULL OR [f0].[NextReconciliationAt] <= @__now_0) AND [f0].[ReconciliationAttempts] < 8
      ORDER BY [f0].[UpdatedAt]
info: Microsoft.EntityFrameworkCore.Database.Command[20101]
      Executed DbCommand (38ms) [Parameters=[@__p_1='?' (DbType = Int32), @__now_0='?' (DbType = DateTimeOffset)], CommandType='Text', CommandTimeout='30']
      SELECT TOP(@__p_1) [f].[FulfilmentIntentId], [f].[AgentId], [f].[CreatedAt], [f].[Currency], [f].[DestinationReference], [f].[ExpiresAt], [f].[MerchantOrderId], [f].[Mode], [f].[PickupLocationId], [f].[PrincipalId], [f].[ProviderId], [f].[QuoteHash], [f].[QuoteId], [f].[TotalAmount], [f].[Version]
      FROM [FulfilmentIntents] AS [f]
      INNER JOIN [FulfilmentExecutions] AS [f0] ON [f].[FulfilmentIntentId] = [f0].[FulfilmentIntentId]
      WHERE [f0].[Status] IN (N'Unknown', N'Pending') AND ([f0].[NextReconciliationAt] IS NULL OR [f0].[NextReconciliationAt] <= @__now_0) AND [f0].[ReconciliationAttempts] < 8
      ORDER BY [f0].[UpdatedAt]
info: Microsoft.EntityFrameworkCore.Database.Command[20101]
      Executed DbCommand (1ms) [Parameters=[@__p_1='?' (DbType = Int32), @__now_0='?' (DbType = DateTimeOffset)], CommandType='Text', CommandTimeout='30']
      SELECT TOP(@__p_1) [f].[FulfilmentIntentId], [f].[AgentId], [f].[CreatedAt], [f].[Currency], [f].[DestinationReference], [f].[ExpiresAt], [f].[MerchantOrderId], [f].[Mode], [f].[PickupLocationId], [f].[PrincipalId], [f].[ProviderId], [f].[QuoteHash], [f].[QuoteId], [f].[TotalAmount], [f].[Version]
      FROM [FulfilmentIntents] AS [f]
      INNER JOIN [FulfilmentExecutions] AS [f0] ON [f].[FulfilmentIntentId] = [f0].[FulfilmentIntentId]
      WHERE [f0].[Status] IN (N'Unknown', N'Pending') AND ([f0].[NextReconciliationAt] IS NULL OR [f0].[NextReconciliationAt] <= @__now_0) AND [f0].[ReconciliationAttempts] < 8
      ORDER BY [f0].[UpdatedAt]
info: Microsoft.EntityFrameworkCore.Database.Command[20101]
      Executed DbCommand (21ms) [Parameters=[@__p_1='?' (DbType = Int32), @__now_0='?' (DbType = DateTimeOffset)], CommandType='Text', CommandTimeout='30']
      SELECT TOP(@__p_1) [f].[FulfilmentIntentId], [f].[AgentId], [f].[CreatedAt], [f].[Currency], [f].[DestinationReference], [f].[ExpiresAt], [f].[MerchantOrderId], [f].[Mode], [f].[PickupLocationId], [f].[PrincipalId], [f].[ProviderId], [f].[QuoteHash], [f].[QuoteId], [f].[TotalAmount], [f].[Version]
      FROM [FulfilmentIntents] AS [f]
      INNER JOIN [FulfilmentExecutions] AS [f0] ON [f].[FulfilmentIntentId] = [f0].[FulfilmentIntentId]
      WHERE [f0].[Status] IN (N'Unknown', N'Pending') AND ([f0].[NextReconciliationAt] IS NULL OR [f0].[NextReconciliationAt] <= @__now_0) AND [f0].[ReconciliationAttempts] < 8
      ORDER BY [f0].[UpdatedAt]
info: Microsoft.EntityFrameworkCore.Database.Command[20101]
      Executed DbCommand (1ms) [Parameters=[@__p_1='?' (DbType = Int32), @__now_0='?' (DbType = DateTimeOffset)], CommandType='Text', CommandTimeout='30']
      SELECT TOP(@__p_1) [f].[FulfilmentIntentId], [f].[AgentId], [f].[CreatedAt], [f].[Currency], [f].[DestinationReference], [f].[ExpiresAt], [f].[MerchantOrderId], [f].[Mode], [f].[PickupLocationId], [f].[PrincipalId], [f].[ProviderId], [f].[QuoteHash], [f].[QuoteId], [f].[TotalAmount], [f].[Version]
      FROM [FulfilmentIntents] AS [f]
      INNER JOIN [FulfilmentExecutions] AS [f0] ON [f].[FulfilmentIntentId] = [f0].[FulfilmentIntentId]
      WHERE [f0].[Status] IN (N'Unknown', N'Pending') AND ([f0].[NextReconciliationAt] IS NULL OR [f0].[NextReconciliationAt] <= @__now_0) AND [f0].[ReconciliationAttempts] < 8
      ORDER BY [f0].[UpdatedAt]
info: Microsoft.EntityFrameworkCore.Database.Command[20101]
      Executed DbCommand (33ms) [Parameters=[@__p_1='?' (DbType = Int32), @__now_0='?' (DbType = DateTimeOffset)], CommandType='Text', CommandTimeout='30']
      SELECT TOP(@__p_1) [f].[FulfilmentIntentId], [f].[AgentId], [f].[CreatedAt], [f].[Currency], [f].[DestinationReference], [f].[ExpiresAt], [f].[MerchantOrderId], [f].[Mode], [f].[PickupLocationId], [f].[PrincipalId], [f].[ProviderId], [f].[QuoteHash], [f].[QuoteId], [f].[TotalAmount], [f].[Version]
      FROM [FulfilmentIntents] AS [f]
      INNER JOIN [FulfilmentExecutions] AS [f0] ON [f].[FulfilmentIntentId] = [f0].[FulfilmentIntentId]
      WHERE [f0].[Status] IN (N'Unknown', N'Pending') AND ([f0].[NextReconciliationAt] IS NULL OR [f0].[NextReconciliationAt] <= @__now_0) AND [f0].[ReconciliationAttempts] < 8
      ORDER BY [f0].[UpdatedAt]
info: Microsoft.EntityFrameworkCore.Database.Command[20101]
      Executed DbCommand (1ms) [Parameters=[@__p_1='?' (DbType = Int32), @__now_0='?' (DbType = DateTimeOffset)], CommandType='Text', CommandTimeout='30']
      SELECT TOP(@__p_1) [f].[FulfilmentIntentId], [f].[AgentId], [f].[CreatedAt], [f].[Currency], [f].[DestinationReference], [f].[ExpiresAt], [f].[MerchantOrderId], [f].[Mode], [f].[PickupLocationId], [f].[PrincipalId], [f].[ProviderId], [f].[QuoteHash], [f].[QuoteId], [f].[TotalAmount], [f].[Version]
      FROM [FulfilmentIntents] AS [f]
      INNER JOIN [FulfilmentExecutions] AS [f0] ON [f].[FulfilmentIntentId] = [f0].[FulfilmentIntentId]
      WHERE [f0].[Status] IN (N'Unknown', N'Pending') AND ([f0].[NextReconciliationAt] IS NULL OR [f0].[NextReconciliationAt] <= @__now_0) AND [f0].[ReconciliationAttempts] < 8
      ORDER BY [f0].[UpdatedAt]
info: Microsoft.EntityFrameworkCore.Database.Command[20101]
      Executed DbCommand (22ms) [Parameters=[@__p_1='?' (DbType = Int32), @__now_0='?' (DbType = DateTimeOffset)], CommandType='Text', CommandTimeout='30']
      SELECT TOP(@__p_1) [f].[FulfilmentIntentId], [f].[AgentId], [f].[CreatedAt], [f].[Currency], [f].[DestinationReference], [f].[ExpiresAt], [f].[MerchantOrderId], [f].[Mode], [f].[PickupLocationId], [f].[PrincipalId], [f].[ProviderId], [f].[QuoteHash], [f].[QuoteId], [f].[TotalAmount], [f].[Version]
      FROM [FulfilmentIntents] AS [f]
      INNER JOIN [FulfilmentExecutions] AS [f0] ON [f].[FulfilmentIntentId] = [f0].[FulfilmentIntentId]
      WHERE [f0].[Status] IN (N'Unknown', N'Pending') AND ([f0].[NextReconciliationAt] IS NULL OR [f0].[NextReconciliationAt] <= @__now_0) AND [f0].[ReconciliationAttempts] < 8
      ORDER BY [f0].[UpdatedAt]
info: Microsoft.EntityFrameworkCore.Database.Command[20101]
      Executed DbCommand (1ms) [Parameters=[@__p_1='?' (DbType = Int32), @__now_0='?' (DbType = DateTimeOffset)], CommandType='Text', CommandTimeout='30']
      SELECT TOP(@__p_1) [f].[FulfilmentIntentId], [f].[AgentId], [f].[CreatedAt], [f].[Currency], [f].[DestinationReference], [f].[ExpiresAt], [f].[MerchantOrderId], [f].[Mode], [f].[PickupLocationId], [f].[PrincipalId], [f].[ProviderId], [f].[QuoteHash], [f].[QuoteId], [f].[TotalAmount], [f].[Version]
      FROM [FulfilmentIntents] AS [f]
      INNER JOIN [FulfilmentExecutions] AS [f0] ON [f].[FulfilmentIntentId] = [f0].[FulfilmentIntentId]
      WHERE [f0].[Status] IN (N'Unknown', N'Pending') AND ([f0].[NextReconciliationAt] IS NULL OR [f0].[NextReconciliationAt] <= @__now_0) AND [f0].[ReconciliationAttempts] < 8
      ORDER BY [f0].[UpdatedAt]
info: Microsoft.EntityFrameworkCore.Database.Command[20101]
      Executed DbCommand (23ms) [Parameters=[@__p_1='?' (DbType = Int32), @__now_0='?' (DbType = DateTimeOffset)], CommandType='Text', CommandTimeout='30']
      SELECT TOP(@__p_1) [f].[FulfilmentIntentId], [f].[AgentId], [f].[CreatedAt], [f].[Currency], [f].[DestinationReference], [f].[ExpiresAt], [f].[MerchantOrderId], [f].[Mode], [f].[PickupLocationId], [f].[PrincipalId], [f].[ProviderId], [f].[QuoteHash], [f].[QuoteId], [f].[TotalAmount], [f].[Version]
      FROM [FulfilmentIntents] AS [f]
      INNER JOIN [FulfilmentExecutions] AS [f0] ON [f].[FulfilmentIntentId] = [f0].[FulfilmentIntentId]
      WHERE [f0].[Status] IN (N'Unknown', N'Pending') AND ([f0].[NextReconciliationAt] IS NULL OR [f0].[NextReconciliationAt] <= @__now_0) AND [f0].[ReconciliationAttempts] < 8
      ORDER BY [f0].[UpdatedAt]
info: Microsoft.EntityFrameworkCore.Database.Command[20101]
      Executed DbCommand (1ms) [Parameters=[@__p_1='?' (DbType = Int32), @__now_0='?' (DbType = DateTimeOffset)], CommandType='Text', CommandTimeout='30']
      SELECT TOP(@__p_1) [f].[FulfilmentIntentId], [f].[AgentId], [f].[CreatedAt], [f].[Currency], [f].[DestinationReference], [f].[ExpiresAt], [f].[MerchantOrderId], [f].[Mode], [f].[PickupLocationId], [f].[PrincipalId], [f].[ProviderId], [f].[QuoteHash], [f].[QuoteId], [f].[TotalAmount], [f].[Version]
      FROM [FulfilmentIntents] AS [f]
      INNER JOIN [FulfilmentExecutions] AS [f0] ON [f].[FulfilmentIntentId] = [f0].[FulfilmentIntentId]
      WHERE [f0].[Status] IN (N'Unknown', N'Pending') AND ([f0].[NextReconciliationAt] IS NULL OR [f0].[NextReconciliationAt] <= @__now_0) AND [f0].[ReconciliationAttempts] < 8
      ORDER BY [f0].[UpdatedAt]
info: Microsoft.EntityFrameworkCore.Database.Command[20101]
      Executed DbCommand (18ms) [Parameters=[@__p_1='?' (DbType = Int32), @__now_0='?' (DbType = DateTimeOffset)], CommandType='Text', CommandTimeout='30']
      SELECT TOP(@__p_1) [f].[FulfilmentIntentId], [f].[AgentId], [f].[CreatedAt], [f].[Currency], [f].[DestinationReference], [f].[ExpiresAt], [f].[MerchantOrderId], [f].[Mode], [f].[PickupLocationId], [f].[PrincipalId], [f].[ProviderId], [f].[QuoteHash], [f].[QuoteId], [f].[TotalAmount], [f].[Version]
      FROM [FulfilmentIntents] AS [f]
      INNER JOIN [FulfilmentExecutions] AS [f0] ON [f].[FulfilmentIntentId] = [f0].[FulfilmentIntentId]
      WHERE [f0].[Status] IN (N'Unknown', N'Pending') AND ([f0].[NextReconciliationAt] IS NULL OR [f0].[NextReconciliationAt] <= @__now_0) AND [f0].[ReconciliationAttempts] < 8
      ORDER BY [f0].[UpdatedAt]
info: Microsoft.EntityFrameworkCore.Database.Command[20101]
      Executed DbCommand (5ms) [Parameters=[@__p_1='?' (DbType = Int32), @__now_0='?' (DbType = DateTimeOffset)], CommandType='Text', CommandTimeout='30']
      SELECT TOP(@__p_1) [f].[FulfilmentIntentId], [f].[AgentId], [f].[CreatedAt], [f].[Currency], [f].[DestinationReference], [f].[ExpiresAt], [f].[MerchantOrderId], [f].[Mode], [f].[PickupLocationId], [f].[PrincipalId], [f].[ProviderId], [f].[QuoteHash], [f].[QuoteId], [f].[TotalAmount], [f].[Version]
      FROM [FulfilmentIntents] AS [f]
      INNER JOIN [FulfilmentExecutions] AS [f0] ON [f].[FulfilmentIntentId] = [f0].[FulfilmentIntentId]
      WHERE [f0].[Status] IN (N'Unknown', N'Pending') AND ([f0].[NextReconciliationAt] IS NULL OR [f0].[NextReconciliationAt] <= @__now_0) AND [f0].[ReconciliationAttempts] < 8
      ORDER BY [f0].[UpdatedAt]
info: Microsoft.EntityFrameworkCore.Database.Command[20101]
      Executed DbCommand (1ms) [Parameters=[@__p_1='?' (DbType = Int32), @__now_0='?' (DbType = DateTimeOffset)], CommandType='Text', CommandTimeout='30']
      SELECT TOP(@__p_1) [f].[FulfilmentIntentId], [f].[AgentId], [f].[CreatedAt], [f].[Currency], [f].[DestinationReference], [f].[ExpiresAt], [f].[MerchantOrderId], [f].[Mode], [f].[PickupLocationId], [f].[PrincipalId], [f].[ProviderId], [f].[QuoteHash], [f].[QuoteId], [f].[TotalAmount], [f].[Version]
      FROM [FulfilmentIntents] AS [f]
      INNER JOIN [FulfilmentExecutions] AS [f0] ON [f].[FulfilmentIntentId] = [f0].[FulfilmentIntentId]
      WHERE [f0].[Status] IN (N'Unknown', N'Pending') AND ([f0].[NextReconciliationAt] IS NULL OR [f0].[NextReconciliationAt] <= @__now_0) AND [f0].[ReconciliationAttempts] < 8
      ORDER BY [f0].[UpdatedAt]
info: Microsoft.EntityFrameworkCore.Database.Command[20101]
      Executed DbCommand (30ms) [Parameters=[@__p_1='?' (DbType = Int32), @__now_0='?' (DbType = DateTimeOffset)], CommandType='Text', CommandTimeout='30']
      SELECT TOP(@__p_1) [f].[FulfilmentIntentId], [f].[AgentId], [f].[CreatedAt], [f].[Currency], [f].[DestinationReference], [f].[ExpiresAt], [f].[MerchantOrderId], [f].[Mode], [f].[PickupLocationId], [f].[PrincipalId], [f].[ProviderId], [f].[QuoteHash], [f].[QuoteId], [f].[TotalAmount], [f].[Version]
      FROM [FulfilmentIntents] AS [f]
      INNER JOIN [FulfilmentExecutions] AS [f0] ON [f].[FulfilmentIntentId] = [f0].[FulfilmentIntentId]
      WHERE [f0].[Status] IN (N'Unknown', N'Pending') AND ([f0].[NextReconciliationAt] IS NULL OR [f0].[NextReconciliationAt] <= @__now_0) AND [f0].[ReconciliationAttempts] < 8
      ORDER BY [f0].[UpdatedAt]
info: Microsoft.EntityFrameworkCore.Database.Command[20101]
      Executed DbCommand (1ms) [Parameters=[@__p_1='?' (DbType = Int32), @__now_0='?' (DbType = DateTimeOffset)], CommandType='Text', CommandTimeout='30']
      SELECT TOP(@__p_1) [f].[FulfilmentIntentId], [f].[AgentId], [f].[CreatedAt], [f].[Currency], [f].[DestinationReference], [f].[ExpiresAt], [f].[MerchantOrderId], [f].[Mode], [f].[PickupLocationId], [f].[PrincipalId], [f].[ProviderId], [f].[QuoteHash], [f].[QuoteId], [f].[TotalAmount], [f].[Version]
      FROM [FulfilmentIntents] AS [f]
      INNER JOIN [FulfilmentExecutions] AS [f0] ON [f].[FulfilmentIntentId] = [f0].[FulfilmentIntentId]
      WHERE [f0].[Status] IN (N'Unknown', N'Pending') AND ([f0].[NextReconciliationAt] IS NULL OR [f0].[NextReconciliationAt] <= @__now_0) AND [f0].[ReconciliationAttempts] < 8
      ORDER BY [f0].[UpdatedAt]
info: Microsoft.EntityFrameworkCore.Database.Command[20101]
      Executed DbCommand (17ms) [Parameters=[@__p_1='?' (DbType = Int32), @__now_0='?' (DbType = DateTimeOffset)], CommandType='Text', CommandTimeout='30']
      SELECT TOP(@__p_1) [f].[FulfilmentIntentId], [f].[AgentId], [f].[CreatedAt], [f].[Currency], [f].[DestinationReference], [f].[ExpiresAt], [f].[MerchantOrderId], [f].[Mode], [f].[PickupLocationId], [f].[PrincipalId], [f].[ProviderId], [f].[QuoteHash], [f].[QuoteId], [f].[TotalAmount], [f].[Version]
      FROM [FulfilmentIntents] AS [f]
      INNER JOIN [FulfilmentExecutions] AS [f0] ON [f].[FulfilmentIntentId] = [f0].[FulfilmentIntentId]
      WHERE [f0].[Status] IN (N'Unknown', N'Pending') AND ([f0].[NextReconciliationAt] IS NULL OR [f0].[NextReconciliationAt] <= @__now_0) AND [f0].[ReconciliationAttempts] < 8
      ORDER BY [f0].[UpdatedAt]
info: Microsoft.EntityFrameworkCore.Database.Command[20101]
      Executed DbCommand (6ms) [Parameters=[@__p_1='?' (DbType = Int32), @__now_0='?' (DbType = DateTimeOffset)], CommandType='Text', CommandTimeout='30']
      SELECT TOP(@__p_1) [f].[FulfilmentIntentId], [f].[AgentId], [f].[CreatedAt], [f].[Currency], [f].[DestinationReference], [f].[ExpiresAt], [f].[MerchantOrderId], [f].[Mode], [f].[PickupLocationId], [f].[PrincipalId], [f].[ProviderId], [f].[QuoteHash], [f].[QuoteId], [f].[TotalAmount], [f].[Version]
      FROM [FulfilmentIntents] AS [f]
      INNER JOIN [FulfilmentExecutions] AS [f0] ON [f].[FulfilmentIntentId] = [f0].[FulfilmentIntentId]
      WHERE [f0].[Status] IN (N'Unknown', N'Pending') AND ([f0].[NextReconciliationAt] IS NULL OR [f0].[NextReconciliationAt] <= @__now_0) AND [f0].[ReconciliationAttempts] < 8
      ORDER BY [f0].[UpdatedAt]
info: Microsoft.EntityFrameworkCore.Database.Command[20101]
      Executed DbCommand (4ms) [Parameters=[@__p_1='?' (DbType = Int32), @__now_0='?' (DbType = DateTimeOffset)], CommandType='Text', CommandTimeout='30']
      SELECT TOP(@__p_1) [f].[FulfilmentIntentId], [f].[AgentId], [f].[CreatedAt], [f].[Currency], [f].[DestinationReference], [f].[ExpiresAt], [f].[MerchantOrderId], [f].[Mode], [f].[PickupLocationId], [f].[PrincipalId], [f].[ProviderId], [f].[QuoteHash], [f].[QuoteId], [f].[TotalAmount], [f].[Version]
      FROM [FulfilmentIntents] AS [f]
      INNER JOIN [FulfilmentExecutions] AS [f0] ON [f].[FulfilmentIntentId] = [f0].[FulfilmentIntentId]
      WHERE [f0].[Status] IN (N'Unknown', N'Pending') AND ([f0].[NextReconciliationAt] IS NULL OR [f0].[NextReconciliationAt] <= @__now_0) AND [f0].[ReconciliationAttempts] < 8
      ORDER BY [f0].[UpdatedAt]
info: Microsoft.EntityFrameworkCore.Database.Command[20101]
      Executed DbCommand (26ms) [Parameters=[@__p_1='?' (DbType = Int32), @__now_0='?' (DbType = DateTimeOffset)], CommandType='Text', CommandTimeout='30']
      SELECT TOP(@__p_1) [f].[FulfilmentIntentId], [f].[AgentId], [f].[CreatedAt], [f].[Currency], [f].[DestinationReference], [f].[ExpiresAt], [f].[MerchantOrderId], [f].[Mode], [f].[PickupLocationId], [f].[PrincipalId], [f].[ProviderId], [f].[QuoteHash], [f].[QuoteId], [f].[TotalAmount], [f].[Version]
      FROM [FulfilmentIntents] AS [f]
      INNER JOIN [FulfilmentExecutions] AS [f0] ON [f].[FulfilmentIntentId] = [f0].[FulfilmentIntentId]
      WHERE [f0].[Status] IN (N'Unknown', N'Pending') AND ([f0].[NextReconciliationAt] IS NULL OR [f0].[NextReconciliationAt] <= @__now_0) AND [f0].[ReconciliationAttempts] < 8
      ORDER BY [f0].[UpdatedAt]
info: Microsoft.EntityFrameworkCore.Database.Command[20101]
      Executed DbCommand (1ms) [Parameters=[@__p_1='?' (DbType = Int32), @__now_0='?' (DbType = DateTimeOffset)], CommandType='Text', CommandTimeout='30']
      SELECT TOP(@__p_1) [f].[FulfilmentIntentId], [f].[AgentId], [f].[CreatedAt], [f].[Currency], [f].[DestinationReference], [f].[ExpiresAt], [f].[MerchantOrderId], [f].[Mode], [f].[PickupLocationId], [f].[PrincipalId], [f].[ProviderId], [f].[QuoteHash], [f].[QuoteId], [f].[TotalAmount], [f].[Version]
      FROM [FulfilmentIntents] AS [f]
      INNER JOIN [FulfilmentExecutions] AS [f0] ON [f].[FulfilmentIntentId] = [f0].[FulfilmentIntentId]
      WHERE [f0].[Status] IN (N'Unknown', N'Pending') AND ([f0].[NextReconciliationAt] IS NULL OR [f0].[NextReconciliationAt] <= @__now_0) AND [f0].[ReconciliationAttempts] < 8
      ORDER BY [f0].[UpdatedAt]
info: Microsoft.EntityFrameworkCore.Database.Command[20101]
      Executed DbCommand (28ms) [Parameters=[@__p_1='?' (DbType = Int32), @__now_0='?' (DbType = DateTimeOffset)], CommandType='Text', CommandTimeout='30']
      SELECT TOP(@__p_1) [f].[FulfilmentIntentId], [f].[AgentId], [f].[CreatedAt], [f].[Currency], [f].[DestinationReference], [f].[ExpiresAt], [f].[MerchantOrderId], [f].[Mode], [f].[PickupLocationId], [f].[PrincipalId], [f].[ProviderId], [f].[QuoteHash], [f].[QuoteId], [f].[TotalAmount], [f].[Version]
      FROM [FulfilmentIntents] AS [f]
      INNER JOIN [FulfilmentExecutions] AS [f0] ON [f].[FulfilmentIntentId] = [f0].[FulfilmentIntentId]
      WHERE [f0].[Status] IN (N'Unknown', N'Pending') AND ([f0].[NextReconciliationAt] IS NULL OR [f0].[NextReconciliationAt] <= @__now_0) AND [f0].[ReconciliationAttempts] < 8
      ORDER BY [f0].[UpdatedAt]
info: Microsoft.EntityFrameworkCore.Database.Command[20101]
      Executed DbCommand (1ms) [Parameters=[@__p_1='?' (DbType = Int32), @__now_0='?' (DbType = DateTimeOffset)], CommandType='Text', CommandTimeout='30']
      SELECT TOP(@__p_1) [f].[FulfilmentIntentId], [f].[AgentId], [f].[CreatedAt], [f].[Currency], [f].[DestinationReference], [f].[ExpiresAt], [f].[MerchantOrderId], [f].[Mode], [f].[PickupLocationId], [f].[PrincipalId], [f].[ProviderId], [f].[QuoteHash], [f].[QuoteId], [f].[TotalAmount], [f].[Version]
      FROM [FulfilmentIntents] AS [f]
      INNER JOIN [FulfilmentExecutions] AS [f0] ON [f].[FulfilmentIntentId] = [f0].[FulfilmentIntentId]
      WHERE [f0].[Status] IN (N'Unknown', N'Pending') AND ([f0].[NextReconciliationAt] IS NULL OR [f0].[NextReconciliationAt] <= @__now_0) AND [f0].[ReconciliationAttempts] < 8
      ORDER BY [f0].[UpdatedAt]
info: Microsoft.EntityFrameworkCore.Database.Command[20101]
      Executed DbCommand (23ms) [Parameters=[@__p_1='?' (DbType = Int32), @__now_0='?' (DbType = DateTimeOffset)], CommandType='Text', CommandTimeout='30']
      SELECT TOP(@__p_1) [f].[FulfilmentIntentId], [f].[AgentId], [f].[CreatedAt], [f].[Currency], [f].[DestinationReference], [f].[ExpiresAt], [f].[MerchantOrderId], [f].[Mode], [f].[PickupLocationId], [f].[PrincipalId], [f].[ProviderId], [f].[QuoteHash], [f].[QuoteId], [f].[TotalAmount], [f].[Version]
      FROM [FulfilmentIntents] AS [f]
      INNER JOIN [FulfilmentExecutions] AS [f0] ON [f].[FulfilmentIntentId] = [f0].[FulfilmentIntentId]
      WHERE [f0].[Status] IN (N'Unknown', N'Pending') AND ([f0].[NextReconciliationAt] IS NULL OR [f0].[NextReconciliationAt] <= @__now_0) AND [f0].[ReconciliationAttempts] < 8
      ORDER BY [f0].[UpdatedAt]
info: Microsoft.EntityFrameworkCore.Database.Command[20101]
      Executed DbCommand (1ms) [Parameters=[@__p_1='?' (DbType = Int32), @__now_0='?' (DbType = DateTimeOffset)], CommandType='Text', CommandTimeout='30']
      SELECT TOP(@__p_1) [f].[FulfilmentIntentId], [f].[AgentId], [f].[CreatedAt], [f].[Currency], [f].[DestinationReference], [f].[ExpiresAt], [f].[MerchantOrderId], [f].[Mode], [f].[PickupLocationId], [f].[PrincipalId], [f].[ProviderId], [f].[QuoteHash], [f].[QuoteId], [f].[TotalAmount], [f].[Version]
      FROM [FulfilmentIntents] AS [f]
      INNER JOIN [FulfilmentExecutions] AS [f0] ON [f].[FulfilmentIntentId] = [f0].[FulfilmentIntentId]
      WHERE [f0].[Status] IN (N'Unknown', N'Pending') AND ([f0].[NextReconciliationAt] IS NULL OR [f0].[NextReconciliationAt] <= @__now_0) AND [f0].[ReconciliationAttempts] < 8
      ORDER BY [f0].[UpdatedAt]
info: Microsoft.EntityFrameworkCore.Database.Command[20101]
      Executed DbCommand (24ms) [Parameters=[@__p_1='?' (DbType = Int32), @__now_0='?' (DbType = DateTimeOffset)], CommandType='Text', CommandTimeout='30']
      SELECT TOP(@__p_1) [f].[FulfilmentIntentId], [f].[AgentId], [f].[CreatedAt], [f].[Currency], [f].[DestinationReference], [f].[ExpiresAt], [f].[MerchantOrderId], [f].[Mode], [f].[PickupLocationId], [f].[PrincipalId], [f].[ProviderId], [f].[QuoteHash], [f].[QuoteId], [f].[TotalAmount], [f].[Version]
      FROM [FulfilmentIntents] AS [f]
      INNER JOIN [FulfilmentExecutions] AS [f0] ON [f].[FulfilmentIntentId] = [f0].[FulfilmentIntentId]
      WHERE [f0].[Status] IN (N'Unknown', N'Pending') AND ([f0].[NextReconciliationAt] IS NULL OR [f0].[NextReconciliationAt] <= @__now_0) AND [f0].[ReconciliationAttempts] < 8
      ORDER BY [f0].[UpdatedAt]
info: Microsoft.EntityFrameworkCore.Database.Command[20101]
      Executed DbCommand (28ms) [Parameters=[@__p_1='?' (DbType = Int32), @__now_0='?' (DbType = DateTimeOffset)], CommandType='Text', CommandTimeout='30']
      SELECT TOP(@__p_1) [f].[FulfilmentIntentId], [f].[AgentId], [f].[CreatedAt], [f].[Currency], [f].[DestinationReference], [f].[ExpiresAt], [f].[MerchantOrderId], [f].[Mode], [f].[PickupLocationId], [f].[PrincipalId], [f].[ProviderId], [f].[QuoteHash], [f].[QuoteId], [f].[TotalAmount], [f].[Version]
      FROM [FulfilmentIntents] AS [f]
      INNER JOIN [FulfilmentExecutions] AS [f0] ON [f].[FulfilmentIntentId] = [f0].[FulfilmentIntentId]
      WHERE [f0].[Status] IN (N'Unknown', N'Pending') AND ([f0].[NextReconciliationAt] IS NULL OR [f0].[NextReconciliationAt] <= @__now_0) AND [f0].[ReconciliationAttempts] < 8
      ORDER BY [f0].[UpdatedAt]
info: Microsoft.EntityFrameworkCore.Database.Command[20101]
      Executed DbCommand (15ms) [Parameters=[@__p_1='?' (DbType = Int32), @__now_0='?' (DbType = DateTimeOffset)], CommandType='Text', CommandTimeout='30']
      SELECT TOP(@__p_1) [f].[FulfilmentIntentId], [f].[AgentId], [f].[CreatedAt], [f].[Currency], [f].[DestinationReference], [f].[ExpiresAt], [f].[MerchantOrderId], [f].[Mode], [f].[PickupLocationId], [f].[PrincipalId], [f].[ProviderId], [f].[QuoteHash], [f].[QuoteId], [f].[TotalAmount], [f].[Version]
      FROM [FulfilmentIntents] AS [f]
      INNER JOIN [FulfilmentExecutions] AS [f0] ON [f].[FulfilmentIntentId] = [f0].[FulfilmentIntentId]
      WHERE [f0].[Status] IN (N'Unknown', N'Pending') AND ([f0].[NextReconciliationAt] IS NULL OR [f0].[NextReconciliationAt] <= @__now_0) AND [f0].[ReconciliationAttempts] < 8
      ORDER BY [f0].[UpdatedAt]
info: Microsoft.EntityFrameworkCore.Database.Command[20101]
      Executed DbCommand (5ms) [Parameters=[@__p_1='?' (DbType = Int32), @__now_0='?' (DbType = DateTimeOffset)], CommandType='Text', CommandTimeout='30']
      SELECT TOP(@__p_1) [f].[FulfilmentIntentId], [f].[AgentId], [f].[CreatedAt], [f].[Currency], [f].[DestinationReference], [f].[ExpiresAt], [f].[MerchantOrderId], [f].[Mode], [f].[PickupLocationId], [f].[PrincipalId], [f].[ProviderId], [f].[QuoteHash], [f].[QuoteId], [f].[TotalAmount], [f].[Version]
      FROM [FulfilmentIntents] AS [f]
      INNER JOIN [FulfilmentExecutions] AS [f0] ON [f].[FulfilmentIntentId] = [f0].[FulfilmentIntentId]
      WHERE [f0].[Status] IN (N'Unknown', N'Pending') AND ([f0].[NextReconciliationAt] IS NULL OR [f0].[NextReconciliationAt] <= @__now_0) AND [f0].[ReconciliationAttempts] < 8
      ORDER BY [f0].[UpdatedAt]
info: Microsoft.EntityFrameworkCore.Database.Command[20101]
      Executed DbCommand (1ms) [Parameters=[@__p_1='?' (DbType = Int32), @__now_0='?' (DbType = DateTimeOffset)], CommandType='Text', CommandTimeout='30']
      SELECT TOP(@__p_1) [f].[FulfilmentIntentId], [f].[AgentId], [f].[CreatedAt], [f].[Currency], [f].[DestinationReference], [f].[ExpiresAt], [f].[MerchantOrderId], [f].[Mode], [f].[PickupLocationId], [f].[PrincipalId], [f].[ProviderId], [f].[QuoteHash], [f].[QuoteId], [f].[TotalAmount], [f].[Version]
      FROM [FulfilmentIntents] AS [f]
      INNER JOIN [FulfilmentExecutions] AS [f0] ON [f].[FulfilmentIntentId] = [f0].[FulfilmentIntentId]
      WHERE [f0].[Status] IN (N'Unknown', N'Pending') AND ([f0].[NextReconciliationAt] IS NULL OR [f0].[NextReconciliationAt] <= @__now_0) AND [f0].[ReconciliationAttempts] < 8
      ORDER BY [f0].[UpdatedAt]
info: Microsoft.EntityFrameworkCore.Database.Command[20101]
      Executed DbCommand (25ms) [Parameters=[@__p_1='?' (DbType = Int32), @__now_0='?' (DbType = DateTimeOffset)], CommandType='Text', CommandTimeout='30']
      SELECT TOP(@__p_1) [f].[FulfilmentIntentId], [f].[AgentId], [f].[CreatedAt], [f].[Currency], [f].[DestinationReference], [f].[ExpiresAt], [f].[MerchantOrderId], [f].[Mode], [f].[PickupLocationId], [f].[PrincipalId], [f].[ProviderId], [f].[QuoteHash], [f].[QuoteId], [f].[TotalAmount], [f].[Version]
      FROM [FulfilmentIntents] AS [f]
      INNER JOIN [FulfilmentExecutions] AS [f0] ON [f].[FulfilmentIntentId] = [f0].[FulfilmentIntentId]
      WHERE [f0].[Status] IN (N'Unknown', N'Pending') AND ([f0].[NextReconciliationAt] IS NULL OR [f0].[NextReconciliationAt] <= @__now_0) AND [f0].[ReconciliationAttempts] < 8
      ORDER BY [f0].[UpdatedAt]
info: Microsoft.EntityFrameworkCore.Database.Command[20101]
      Executed DbCommand (1ms) [Parameters=[@__p_1='?' (DbType = Int32), @__now_0='?' (DbType = DateTimeOffset)], CommandType='Text', CommandTimeout='30']
      SELECT TOP(@__p_1) [f].[FulfilmentIntentId], [f].[AgentId], [f].[CreatedAt], [f].[Currency], [f].[DestinationReference], [f].[ExpiresAt], [f].[MerchantOrderId], [f].[Mode], [f].[PickupLocationId], [f].[PrincipalId], [f].[ProviderId], [f].[QuoteHash], [f].[QuoteId], [f].[TotalAmount], [f].[Version]
      FROM [FulfilmentIntents] AS [f]
      INNER JOIN [FulfilmentExecutions] AS [f0] ON [f].[FulfilmentIntentId] = [f0].[FulfilmentIntentId]
      WHERE [f0].[Status] IN (N'Unknown', N'Pending') AND ([f0].[NextReconciliationAt] IS NULL OR [f0].[NextReconciliationAt] <= @__now_0) AND [f0].[ReconciliationAttempts] < 8
      ORDER BY [f0].[UpdatedAt]
info: Microsoft.EntityFrameworkCore.Database.Command[20101]
      Executed DbCommand (44ms) [Parameters=[@__p_1='?' (DbType = Int32), @__now_0='?' (DbType = DateTimeOffset)], CommandType='Text', CommandTimeout='30']
      SELECT TOP(@__p_1) [f].[FulfilmentIntentId], [f].[AgentId], [f].[CreatedAt], [f].[Currency], [f].[DestinationReference], [f].[ExpiresAt], [f].[MerchantOrderId], [f].[Mode], [f].[PickupLocationId], [f].[PrincipalId], [f].[ProviderId], [f].[QuoteHash], [f].[QuoteId], [f].[TotalAmount], [f].[Version]
      FROM [FulfilmentIntents] AS [f]
      INNER JOIN [FulfilmentExecutions] AS [f0] ON [f].[FulfilmentIntentId] = [f0].[FulfilmentIntentId]
      WHERE [f0].[Status] IN (N'Unknown', N'Pending') AND ([f0].[NextReconciliationAt] IS NULL OR [f0].[NextReconciliationAt] <= @__now_0) AND [f0].[ReconciliationAttempts] < 8
      ORDER BY [f0].[UpdatedAt]
info: Microsoft.EntityFrameworkCore.Database.Command[20101]
      Executed DbCommand (1ms) [Parameters=[@__p_1='?' (DbType = Int32), @__now_0='?' (DbType = DateTimeOffset)], CommandType='Text', CommandTimeout='30']
      SELECT TOP(@__p_1) [f].[FulfilmentIntentId], [f].[AgentId], [f].[CreatedAt], [f].[Currency], [f].[DestinationReference], [f].[ExpiresAt], [f].[MerchantOrderId], [f].[Mode], [f].[PickupLocationId], [f].[PrincipalId], [f].[ProviderId], [f].[QuoteHash], [f].[QuoteId], [f].[TotalAmount], [f].[Version]
      FROM [FulfilmentIntents] AS [f]
      INNER JOIN [FulfilmentExecutions] AS [f0] ON [f].[FulfilmentIntentId] = [f0].[FulfilmentIntentId]
      WHERE [f0].[Status] IN (N'Unknown', N'Pending') AND ([f0].[NextReconciliationAt] IS NULL OR [f0].[NextReconciliationAt] <= @__now_0) AND [f0].[ReconciliationAttempts] < 8
      ORDER BY [f0].[UpdatedAt]
info: Microsoft.EntityFrameworkCore.Database.Command[20101]
      Executed DbCommand (25ms) [Parameters=[@__p_1='?' (DbType = Int32), @__now_0='?' (DbType = DateTimeOffset)], CommandType='Text', CommandTimeout='30']
      SELECT TOP(@__p_1) [f].[FulfilmentIntentId], [f].[AgentId], [f].[CreatedAt], [f].[Currency], [f].[DestinationReference], [f].[ExpiresAt], [f].[MerchantOrderId], [f].[Mode], [f].[PickupLocationId], [f].[PrincipalId], [f].[ProviderId], [f].[QuoteHash], [f].[QuoteId], [f].[TotalAmount], [f].[Version]
      FROM [FulfilmentIntents] AS [f]
      INNER JOIN [FulfilmentExecutions] AS [f0] ON [f].[FulfilmentIntentId] = [f0].[FulfilmentIntentId]
      WHERE [f0].[Status] IN (N'Unknown', N'Pending') AND ([f0].[NextReconciliationAt] IS NULL OR [f0].[NextReconciliationAt] <= @__now_0) AND [f0].[ReconciliationAttempts] < 8
      ORDER BY [f0].[UpdatedAt]
info: Microsoft.EntityFrameworkCore.Database.Command[20101]
      Executed DbCommand (1ms) [Parameters=[@__p_1='?' (DbType = Int32), @__now_0='?' (DbType = DateTimeOffset)], CommandType='Text', CommandTimeout='30']
      SELECT TOP(@__p_1) [f].[FulfilmentIntentId], [f].[AgentId], [f].[CreatedAt], [f].[Currency], [f].[DestinationReference], [f].[ExpiresAt], [f].[MerchantOrderId], [f].[Mode], [f].[PickupLocationId], [f].[PrincipalId], [f].[ProviderId], [f].[QuoteHash], [f].[QuoteId], [f].[TotalAmount], [f].[Version]
      FROM [FulfilmentIntents] AS [f]
      INNER JOIN [FulfilmentExecutions] AS [f0] ON [f].[FulfilmentIntentId] = [f0].[FulfilmentIntentId]
      WHERE [f0].[Status] IN (N'Unknown', N'Pending') AND ([f0].[NextReconciliationAt] IS NULL OR [f0].[NextReconciliationAt] <= @__now_0) AND [f0].[ReconciliationAttempts] < 8
      ORDER BY [f0].[UpdatedAt]
info: Microsoft.EntityFrameworkCore.Database.Command[20101]
      Executed DbCommand (26ms) [Parameters=[@__p_1='?' (DbType = Int32), @__now_0='?' (DbType = DateTimeOffset)], CommandType='Text', CommandTimeout='30']
      SELECT TOP(@__p_1) [f].[FulfilmentIntentId], [f].[AgentId], [f].[CreatedAt], [f].[Currency], [f].[DestinationReference], [f].[ExpiresAt], [f].[MerchantOrderId], [f].[Mode], [f].[PickupLocationId], [f].[PrincipalId], [f].[ProviderId], [f].[QuoteHash], [f].[QuoteId], [f].[TotalAmount], [f].[Version]
      FROM [FulfilmentIntents] AS [f]
      INNER JOIN [FulfilmentExecutions] AS [f0] ON [f].[FulfilmentIntentId] = [f0].[FulfilmentIntentId]
      WHERE [f0].[Status] IN (N'Unknown', N'Pending') AND ([f0].[NextReconciliationAt] IS NULL OR [f0].[NextReconciliationAt] <= @__now_0) AND [f0].[ReconciliationAttempts] < 8
      ORDER BY [f0].[UpdatedAt]
info: Microsoft.EntityFrameworkCore.Database.Command[20101]
      Executed DbCommand (1ms) [Parameters=[@__p_1='?' (DbType = Int32), @__now_0='?' (DbType = DateTimeOffset)], CommandType='Text', CommandTimeout='30']
      SELECT TOP(@__p_1) [f].[FulfilmentIntentId], [f].[AgentId], [f].[CreatedAt], [f].[Currency], [f].[DestinationReference], [f].[ExpiresAt], [f].[MerchantOrderId], [f].[Mode], [f].[PickupLocationId], [f].[PrincipalId], [f].[ProviderId], [f].[QuoteHash], [f].[QuoteId], [f].[TotalAmount], [f].[Version]
      FROM [FulfilmentIntents] AS [f]
      INNER JOIN [FulfilmentExecutions] AS [f0] ON [f].[FulfilmentIntentId] = [f0].[FulfilmentIntentId]
      WHERE [f0].[Status] IN (N'Unknown', N'Pending') AND ([f0].[NextReconciliationAt] IS NULL OR [f0].[NextReconciliationAt] <= @__now_0) AND [f0].[ReconciliationAttempts] < 8
      ORDER BY [f0].[UpdatedAt]
info: Microsoft.EntityFrameworkCore.Database.Command[20101]
      Executed DbCommand (49ms) [Parameters=[@__p_1='?' (DbType = Int32), @__now_0='?' (DbType = DateTimeOffset)], CommandType='Text', CommandTimeout='30']
      SELECT TOP(@__p_1) [f].[FulfilmentIntentId], [f].[AgentId], [f].[CreatedAt], [f].[Currency], [f].[DestinationReference], [f].[ExpiresAt], [f].[MerchantOrderId], [f].[Mode], [f].[PickupLocationId], [f].[PrincipalId], [f].[ProviderId], [f].[QuoteHash], [f].[QuoteId], [f].[TotalAmount], [f].[Version]
      FROM [FulfilmentIntents] AS [f]
      INNER JOIN [FulfilmentExecutions] AS [f0] ON [f].[FulfilmentIntentId] = [f0].[FulfilmentIntentId]
      WHERE [f0].[Status] IN (N'Unknown', N'Pending') AND ([f0].[NextReconciliationAt] IS NULL OR [f0].[NextReconciliationAt] <= @__now_0) AND [f0].[ReconciliationAttempts] < 8
      ORDER BY [f0].[UpdatedAt]
info: Microsoft.EntityFrameworkCore.Database.Command[20101]
      Executed DbCommand (23ms) [Parameters=[@__p_1='?' (DbType = Int32), @__now_0='?' (DbType = DateTimeOffset)], CommandType='Text', CommandTimeout='30']
      SELECT TOP(@__p_1) [f].[FulfilmentIntentId], [f].[AgentId], [f].[CreatedAt], [f].[Currency], [f].[DestinationReference], [f].[ExpiresAt], [f].[MerchantOrderId], [f].[Mode], [f].[PickupLocationId], [f].[PrincipalId], [f].[ProviderId], [f].[QuoteHash], [f].[QuoteId], [f].[TotalAmount], [f].[Version]
      FROM [FulfilmentIntents] AS [f]
      INNER JOIN [FulfilmentExecutions] AS [f0] ON [f].[FulfilmentIntentId] = [f0].[FulfilmentIntentId]
      WHERE [f0].[Status] IN (N'Unknown', N'Pending') AND ([f0].[NextReconciliationAt] IS NULL OR [f0].[NextReconciliationAt] <= @__now_0) AND [f0].[ReconciliationAttempts] < 8
      ORDER BY [f0].[UpdatedAt]
info: Microsoft.EntityFrameworkCore.Database.Command[20101]
      Executed DbCommand (1ms) [Parameters=[@__p_1='?' (DbType = Int32), @__now_0='?' (DbType = DateTimeOffset)], CommandType='Text', CommandTimeout='30']
      SELECT TOP(@__p_1) [f].[FulfilmentIntentId], [f].[AgentId], [f].[CreatedAt], [f].[Currency], [f].[DestinationReference], [f].[ExpiresAt], [f].[MerchantOrderId], [f].[Mode], [f].[PickupLocationId], [f].[PrincipalId], [f].[ProviderId], [f].[QuoteHash], [f].[QuoteId], [f].[TotalAmount], [f].[Version]
      FROM [FulfilmentIntents] AS [f]
      INNER JOIN [FulfilmentExecutions] AS [f0] ON [f].[FulfilmentIntentId] = [f0].[FulfilmentIntentId]
      WHERE [f0].[Status] IN (N'Unknown', N'Pending') AND ([f0].[NextReconciliationAt] IS NULL OR [f0].[NextReconciliationAt] <= @__now_0) AND [f0].[ReconciliationAttempts] < 8
      ORDER BY [f0].[UpdatedAt]
info: Microsoft.EntityFrameworkCore.Database.Command[20101]
      Executed DbCommand (28ms) [Parameters=[@__p_1='?' (DbType = Int32), @__now_0='?' (DbType = DateTimeOffset)], CommandType='Text', CommandTimeout='30']
      SELECT TOP(@__p_1) [f].[FulfilmentIntentId], [f].[AgentId], [f].[CreatedAt], [f].[Currency], [f].[DestinationReference], [f].[ExpiresAt], [f].[MerchantOrderId], [f].[Mode], [f].[PickupLocationId], [f].[PrincipalId], [f].[ProviderId], [f].[QuoteHash], [f].[QuoteId], [f].[TotalAmount], [f].[Version]
      FROM [FulfilmentIntents] AS [f]
      INNER JOIN [FulfilmentExecutions] AS [f0] ON [f].[FulfilmentIntentId] = [f0].[FulfilmentIntentId]
      WHERE [f0].[Status] IN (N'Unknown', N'Pending') AND ([f0].[NextReconciliationAt] IS NULL OR [f0].[NextReconciliationAt] <= @__now_0) AND [f0].[ReconciliationAttempts] < 8
      ORDER BY [f0].[UpdatedAt]
info: Microsoft.EntityFrameworkCore.Database.Command[20101]
      Executed DbCommand (1ms) [Parameters=[@__p_1='?' (DbType = Int32), @__now_0='?' (DbType = DateTimeOffset)], CommandType='Text', CommandTimeout='30']
      SELECT TOP(@__p_1) [f].[FulfilmentIntentId], [f].[AgentId], [f].[CreatedAt], [f].[Currency], [f].[DestinationReference], [f].[ExpiresAt], [f].[MerchantOrderId], [f].[Mode], [f].[PickupLocationId], [f].[PrincipalId], [f].[ProviderId], [f].[QuoteHash], [f].[QuoteId], [f].[TotalAmount], [f].[Version]
      FROM [FulfilmentIntents] AS [f]
      INNER JOIN [FulfilmentExecutions] AS [f0] ON [f].[FulfilmentIntentId] = [f0].[FulfilmentIntentId]
      WHERE [f0].[Status] IN (N'Unknown', N'Pending') AND ([f0].[NextReconciliationAt] IS NULL OR [f0].[NextReconciliationAt] <= @__now_0) AND [f0].[ReconciliationAttempts] < 8
      ORDER BY [f0].[UpdatedAt]
info: Microsoft.EntityFrameworkCore.Database.Command[20101]
      Executed DbCommand (28ms) [Parameters=[@__p_1='?' (DbType = Int32), @__now_0='?' (DbType = DateTimeOffset)], CommandType='Text', CommandTimeout='30']
      SELECT TOP(@__p_1) [f].[FulfilmentIntentId], [f].[AgentId], [f].[CreatedAt], [f].[Currency], [f].[DestinationReference], [f].[ExpiresAt], [f].[MerchantOrderId], [f].[Mode], [f].[PickupLocationId], [f].[PrincipalId], [f].[ProviderId], [f].[QuoteHash], [f].[QuoteId], [f].[TotalAmount], [f].[Version]
      FROM [FulfilmentIntents] AS [f]
      INNER JOIN [FulfilmentExecutions] AS [f0] ON [f].[FulfilmentIntentId] = [f0].[FulfilmentIntentId]
      WHERE [f0].[Status] IN (N'Unknown', N'Pending') AND ([f0].[NextReconciliationAt] IS NULL OR [f0].[NextReconciliationAt] <= @__now_0) AND [f0].[ReconciliationAttempts] < 8
      ORDER BY [f0].[UpdatedAt]
info: Microsoft.EntityFrameworkCore.Database.Command[20101]
      Executed DbCommand (1ms) [Parameters=[@__p_1='?' (DbType = Int32), @__now_0='?' (DbType = DateTimeOffset)], CommandType='Text', CommandTimeout='30']
      SELECT TOP(@__p_1) [f].[FulfilmentIntentId], [f].[AgentId], [f].[CreatedAt], [f].[Currency], [f].[DestinationReference], [f].[ExpiresAt], [f].[MerchantOrderId], [f].[Mode], [f].[PickupLocationId], [f].[PrincipalId], [f].[ProviderId], [f].[QuoteHash], [f].[QuoteId], [f].[TotalAmount], [f].[Version]
      FROM [FulfilmentIntents] AS [f]
      INNER JOIN [FulfilmentExecutions] AS [f0] ON [f].[FulfilmentIntentId] = [f0].[FulfilmentIntentId]
      WHERE [f0].[Status] IN (N'Unknown', N'Pending') AND ([f0].[NextReconciliationAt] IS NULL OR [f0].[NextReconciliationAt] <= @__now_0) AND [f0].[ReconciliationAttempts] < 8
      ORDER BY [f0].[UpdatedAt]
info: Microsoft.EntityFrameworkCore.Database.Command[20101]
      Executed DbCommand (28ms) [Parameters=[@__p_1='?' (DbType = Int32), @__now_0='?' (DbType = DateTimeOffset)], CommandType='Text', CommandTimeout='30']
      SELECT TOP(@__p_1) [f].[FulfilmentIntentId], [f].[AgentId], [f].[CreatedAt], [f].[Currency], [f].[DestinationReference], [f].[ExpiresAt], [f].[MerchantOrderId], [f].[Mode], [f].[PickupLocationId], [f].[PrincipalId], [f].[ProviderId], [f].[QuoteHash], [f].[QuoteId], [f].[TotalAmount], [f].[Version]
      FROM [FulfilmentIntents] AS [f]
      INNER JOIN [FulfilmentExecutions] AS [f0] ON [f].[FulfilmentIntentId] = [f0].[FulfilmentIntentId]
      WHERE [f0].[Status] IN (N'Unknown', N'Pending') AND ([f0].[NextReconciliationAt] IS NULL OR [f0].[NextReconciliationAt] <= @__now_0) AND [f0].[ReconciliationAttempts] < 8
      ORDER BY [f0].[UpdatedAt]
info: Microsoft.EntityFrameworkCore.Database.Command[20101]
      Executed DbCommand (1ms) [Parameters=[@__p_1='?' (DbType = Int32), @__now_0='?' (DbType = DateTimeOffset)], CommandType='Text', CommandTimeout='30']
      SELECT TOP(@__p_1) [f].[FulfilmentIntentId], [f].[AgentId], [f].[CreatedAt], [f].[Currency], [f].[DestinationReference], [f].[ExpiresAt], [f].[MerchantOrderId], [f].[Mode], [f].[PickupLocationId], [f].[PrincipalId], [f].[ProviderId], [f].[QuoteHash], [f].[QuoteId], [f].[TotalAmount], [f].[Version]
      FROM [FulfilmentIntents] AS [f]
      INNER JOIN [FulfilmentExecutions] AS [f0] ON [f].[FulfilmentIntentId] = [f0].[FulfilmentIntentId]
      WHERE [f0].[Status] IN (N'Unknown', N'Pending') AND ([f0].[NextReconciliationAt] IS NULL OR [f0].[NextReconciliationAt] <= @__now_0) AND [f0].[ReconciliationAttempts] < 8
      ORDER BY [f0].[UpdatedAt]
info: Microsoft.EntityFrameworkCore.Database.Command[20101]
      Executed DbCommand (21ms) [Parameters=[@__p_1='?' (DbType = Int32), @__now_0='?' (DbType = DateTimeOffset)], CommandType='Text', CommandTimeout='30']
      SELECT TOP(@__p_1) [f].[FulfilmentIntentId], [f].[AgentId], [f].[CreatedAt], [f].[Currency], [f].[DestinationReference], [f].[ExpiresAt], [f].[MerchantOrderId], [f].[Mode], [f].[PickupLocationId], [f].[PrincipalId], [f].[ProviderId], [f].[QuoteHash], [f].[QuoteId], [f].[TotalAmount], [f].[Version]
      FROM [FulfilmentIntents] AS [f]
      INNER JOIN [FulfilmentExecutions] AS [f0] ON [f].[FulfilmentIntentId] = [f0].[FulfilmentIntentId]
      WHERE [f0].[Status] IN (N'Unknown', N'Pending') AND ([f0].[NextReconciliationAt] IS NULL OR [f0].[NextReconciliationAt] <= @__now_0) AND [f0].[ReconciliationAttempts] < 8
      ORDER BY [f0].[UpdatedAt]
info: Microsoft.EntityFrameworkCore.Database.Command[20101]
      Executed DbCommand (1ms) [Parameters=[@__p_1='?' (DbType = Int32), @__now_0='?' (DbType = DateTimeOffset)], CommandType='Text', CommandTimeout='30']
      SELECT TOP(@__p_1) [f].[FulfilmentIntentId], [f].[AgentId], [f].[CreatedAt], [f].[Currency], [f].[DestinationReference], [f].[ExpiresAt], [f].[MerchantOrderId], [f].[Mode], [f].[PickupLocationId], [f].[PrincipalId], [f].[ProviderId], [f].[QuoteHash], [f].[QuoteId], [f].[TotalAmount], [f].[Version]
      FROM [FulfilmentIntents] AS [f]
      INNER JOIN [FulfilmentExecutions] AS [f0] ON [f].[FulfilmentIntentId] = [f0].[FulfilmentIntentId]
      WHERE [f0].[Status] IN (N'Unknown', N'Pending') AND ([f0].[NextReconciliationAt] IS NULL OR [f0].[NextReconciliationAt] <= @__now_0) AND [f0].[ReconciliationAttempts] < 8
      ORDER BY [f0].[UpdatedAt]
info: Microsoft.EntityFrameworkCore.Database.Command[20101]
      Executed DbCommand (37ms) [Parameters=[@__p_1='?' (DbType = Int32), @__now_0='?' (DbType = DateTimeOffset)], CommandType='Text', CommandTimeout='30']
      SELECT TOP(@__p_1) [f].[FulfilmentIntentId], [f].[AgentId], [f].[CreatedAt], [f].[Currency], [f].[DestinationReference], [f].[ExpiresAt], [f].[MerchantOrderId], [f].[Mode], [f].[PickupLocationId], [f].[PrincipalId], [f].[ProviderId], [f].[QuoteHash], [f].[QuoteId], [f].[TotalAmount], [f].[Version]
      FROM [FulfilmentIntents] AS [f]
      INNER JOIN [FulfilmentExecutions] AS [f0] ON [f].[FulfilmentIntentId] = [f0].[FulfilmentIntentId]
      WHERE [f0].[Status] IN (N'Unknown', N'Pending') AND ([f0].[NextReconciliationAt] IS NULL OR [f0].[NextReconciliationAt] <= @__now_0) AND [f0].[ReconciliationAttempts] < 8
      ORDER BY [f0].[UpdatedAt]
info: Microsoft.EntityFrameworkCore.Database.Command[20101]
      Executed DbCommand (1ms) [Parameters=[@__p_1='?' (DbType = Int32), @__now_0='?' (DbType = DateTimeOffset)], CommandType='Text', CommandTimeout='30']
      SELECT TOP(@__p_1) [f].[FulfilmentIntentId], [f].[AgentId], [f].[CreatedAt], [f].[Currency], [f].[DestinationReference], [f].[ExpiresAt], [f].[MerchantOrderId], [f].[Mode], [f].[PickupLocationId], [f].[PrincipalId], [f].[ProviderId], [f].[QuoteHash], [f].[QuoteId], [f].[TotalAmount], [f].[Version]
      FROM [FulfilmentIntents] AS [f]
      INNER JOIN [FulfilmentExecutions] AS [f0] ON [f].[FulfilmentIntentId] = [f0].[FulfilmentIntentId]
      WHERE [f0].[Status] IN (N'Unknown', N'Pending') AND ([f0].[NextReconciliationAt] IS NULL OR [f0].[NextReconciliationAt] <= @__now_0) AND [f0].[ReconciliationAttempts] < 8
      ORDER BY [f0].[UpdatedAt]
info: Microsoft.EntityFrameworkCore.Database.Command[20101]
      Executed DbCommand (1ms) [Parameters=[@__p_1='?' (DbType = Int32), @__now_0='?' (DbType = DateTimeOffset)], CommandType='Text', CommandTimeout='30']
      SELECT TOP(@__p_1) [f].[FulfilmentIntentId], [f].[AgentId], [f].[CreatedAt], [f].[Currency], [f].[DestinationReference], [f].[ExpiresAt], [f].[MerchantOrderId], [f].[Mode], [f].[PickupLocationId], [f].[PrincipalId], [f].[ProviderId], [f].[QuoteHash], [f].[QuoteId], [f].[TotalAmount], [f].[Version]
      FROM [FulfilmentIntents] AS [f]
      INNER JOIN [FulfilmentExecutions] AS [f0] ON [f].[FulfilmentIntentId] = [f0].[FulfilmentIntentId]
      WHERE [f0].[Status] IN (N'Unknown', N'Pending') AND ([f0].[NextReconciliationAt] IS NULL OR [f0].[NextReconciliationAt] <= @__now_0) AND [f0].[ReconciliationAttempts] < 8
      ORDER BY [f0].[UpdatedAt]
info: Microsoft.EntityFrameworkCore.Database.Command[20101]
      Executed DbCommand (28ms) [Parameters=[@__p_1='?' (DbType = Int32), @__now_0='?' (DbType = DateTimeOffset)], CommandType='Text', CommandTimeout='30']
      SELECT TOP(@__p_1) [f].[FulfilmentIntentId], [f].[AgentId], [f].[CreatedAt], [f].[Currency], [f].[DestinationReference], [f].[ExpiresAt], [f].[MerchantOrderId], [f].[Mode], [f].[PickupLocationId], [f].[PrincipalId], [f].[ProviderId], [f].[QuoteHash], [f].[QuoteId], [f].[TotalAmount], [f].[Version]
      FROM [FulfilmentIntents] AS [f]
      INNER JOIN [FulfilmentExecutions] AS [f0] ON [f].[FulfilmentIntentId] = [f0].[FulfilmentIntentId]
      WHERE [f0].[Status] IN (N'Unknown', N'Pending') AND ([f0].[NextReconciliationAt] IS NULL OR [f0].[NextReconciliationAt] <= @__now_0) AND [f0].[ReconciliationAttempts] < 8
      ORDER BY [f0].[UpdatedAt]
info: Microsoft.EntityFrameworkCore.Database.Command[20101]
      Executed DbCommand (0ms) [Parameters=[@__p_1='?' (DbType = Int32), @__now_0='?' (DbType = DateTimeOffset)], CommandType='Text', CommandTimeout='30']
      SELECT TOP(@__p_1) [f].[FulfilmentIntentId], [f].[AgentId], [f].[CreatedAt], [f].[Currency], [f].[DestinationReference], [f].[ExpiresAt], [f].[MerchantOrderId], [f].[Mode], [f].[PickupLocationId], [f].[PrincipalId], [f].[ProviderId], [f].[QuoteHash], [f].[QuoteId], [f].[TotalAmount], [f].[Version]
      FROM [FulfilmentIntents] AS [f]
      INNER JOIN [FulfilmentExecutions] AS [f0] ON [f].[FulfilmentIntentId] = [f0].[FulfilmentIntentId]
      WHERE [f0].[Status] IN (N'Unknown', N'Pending') AND ([f0].[NextReconciliationAt] IS NULL OR [f0].[NextReconciliationAt] <= @__now_0) AND [f0].[ReconciliationAttempts] < 8
      ORDER BY [f0].[UpdatedAt]
info: Microsoft.EntityFrameworkCore.Database.Command[20101]
      Executed DbCommand (24ms) [Parameters=[@__p_1='?' (DbType = Int32), @__now_0='?' (DbType = DateTimeOffset)], CommandType='Text', CommandTimeout='30']
      SELECT TOP(@__p_1) [f].[FulfilmentIntentId], [f].[AgentId], [f].[CreatedAt], [f].[Currency], [f].[DestinationReference], [f].[ExpiresAt], [f].[MerchantOrderId], [f].[Mode], [f].[PickupLocationId], [f].[PrincipalId], [f].[ProviderId], [f].[QuoteHash], [f].[QuoteId], [f].[TotalAmount], [f].[Version]
      FROM [FulfilmentIntents] AS [f]
      INNER JOIN [FulfilmentExecutions] AS [f0] ON [f].[FulfilmentIntentId] = [f0].[FulfilmentIntentId]
      WHERE [f0].[Status] IN (N'Unknown', N'Pending') AND ([f0].[NextReconciliationAt] IS NULL OR [f0].[NextReconciliationAt] <= @__now_0) AND [f0].[ReconciliationAttempts] < 8
      ORDER BY [f0].[UpdatedAt]
info: Microsoft.EntityFrameworkCore.Database.Command[20101]
      Executed DbCommand (1ms) [Parameters=[@__p_1='?' (DbType = Int32), @__now_0='?' (DbType = DateTimeOffset)], CommandType='Text', CommandTimeout='30']
      SELECT TOP(@__p_1) [f].[FulfilmentIntentId], [f].[AgentId], [f].[CreatedAt], [f].[Currency], [f].[DestinationReference], [f].[ExpiresAt], [f].[MerchantOrderId], [f].[Mode], [f].[PickupLocationId], [f].[PrincipalId], [f].[ProviderId], [f].[QuoteHash], [f].[QuoteId], [f].[TotalAmount], [f].[Version]
      FROM [FulfilmentIntents] AS [f]
      INNER JOIN [FulfilmentExecutions] AS [f0] ON [f].[FulfilmentIntentId] = [f0].[FulfilmentIntentId]
      WHERE [f0].[Status] IN (N'Unknown', N'Pending') AND ([f0].[NextReconciliationAt] IS NULL OR [f0].[NextReconciliationAt] <= @__now_0) AND [f0].[ReconciliationAttempts] < 8
      ORDER BY [f0].[UpdatedAt]
info: Microsoft.EntityFrameworkCore.Database.Command[20101]
      Executed DbCommand (24ms) [Parameters=[@__p_1='?' (DbType = Int32), @__now_0='?' (DbType = DateTimeOffset)], CommandType='Text', CommandTimeout='30']
      SELECT TOP(@__p_1) [f].[FulfilmentIntentId], [f].[AgentId], [f].[CreatedAt], [f].[Currency], [f].[DestinationReference], [f].[ExpiresAt], [f].[MerchantOrderId], [f].[Mode], [f].[PickupLocationId], [f].[PrincipalId], [f].[ProviderId], [f].[QuoteHash], [f].[QuoteId], [f].[TotalAmount], [f].[Version]
      FROM [FulfilmentIntents] AS [f]
      INNER JOIN [FulfilmentExecutions] AS [f0] ON [f].[FulfilmentIntentId] = [f0].[FulfilmentIntentId]
      WHERE [f0].[Status] IN (N'Unknown', N'Pending') AND ([f0].[NextReconciliationAt] IS NULL OR [f0].[NextReconciliationAt] <= @__now_0) AND [f0].[ReconciliationAttempts] < 8
      ORDER BY [f0].[UpdatedAt]
info: Microsoft.EntityFrameworkCore.Database.Command[20101]
      Executed DbCommand (1ms) [Parameters=[@__p_1='?' (DbType = Int32), @__now_0='?' (DbType = DateTimeOffset)], CommandType='Text', CommandTimeout='30']
      SELECT TOP(@__p_1) [f].[FulfilmentIntentId], [f].[AgentId], [f].[CreatedAt], [f].[Currency], [f].[DestinationReference], [f].[ExpiresAt], [f].[MerchantOrderId], [f].[Mode], [f].[PickupLocationId], [f].[PrincipalId], [f].[ProviderId], [f].[QuoteHash], [f].[QuoteId], [f].[TotalAmount], [f].[Version]
      FROM [FulfilmentIntents] AS [f]
      INNER JOIN [FulfilmentExecutions] AS [f0] ON [f].[FulfilmentIntentId] = [f0].[FulfilmentIntentId]
      WHERE [f0].[Status] IN (N'Unknown', N'Pending') AND ([f0].[NextReconciliationAt] IS NULL OR [f0].[NextReconciliationAt] <= @__now_0) AND [f0].[ReconciliationAttempts] < 8
      ORDER BY [f0].[UpdatedAt]
info: Microsoft.EntityFrameworkCore.Database.Command[20101]
      Executed DbCommand (12ms) [Parameters=[@__p_1='?' (DbType = Int32), @__now_0='?' (DbType = DateTimeOffset)], CommandType='Text', CommandTimeout='30']
      SELECT TOP(@__p_1) [f].[FulfilmentIntentId], [f].[AgentId], [f].[CreatedAt], [f].[Currency], [f].[DestinationReference], [f].[ExpiresAt], [f].[MerchantOrderId], [f].[Mode], [f].[PickupLocationId], [f].[PrincipalId], [f].[ProviderId], [f].[QuoteHash], [f].[QuoteId], [f].[TotalAmount], [f].[Version]
      FROM [FulfilmentIntents] AS [f]
      INNER JOIN [FulfilmentExecutions] AS [f0] ON [f].[FulfilmentIntentId] = [f0].[FulfilmentIntentId]
      WHERE [f0].[Status] IN (N'Unknown', N'Pending') AND ([f0].[NextReconciliationAt] IS NULL OR [f0].[NextReconciliationAt] <= @__now_0) AND [f0].[ReconciliationAttempts] < 8
      ORDER BY [f0].[UpdatedAt]
info: Microsoft.EntityFrameworkCore.Database.Command[20101]
      Executed DbCommand (1ms) [Parameters=[@__p_1='?' (DbType = Int32), @__now_0='?' (DbType = DateTimeOffset)], CommandType='Text', CommandTimeout='30']
      SELECT TOP(@__p_1) [f].[FulfilmentIntentId], [f].[AgentId], [f].[CreatedAt], [f].[Currency], [f].[DestinationReference], [f].[ExpiresAt], [f].[MerchantOrderId], [f].[Mode], [f].[PickupLocationId], [f].[PrincipalId], [f].[ProviderId], [f].[QuoteHash], [f].[QuoteId], [f].[TotalAmount], [f].[Version]
      FROM [FulfilmentIntents] AS [f]
      INNER JOIN [FulfilmentExecutions] AS [f0] ON [f].[FulfilmentIntentId] = [f0].[FulfilmentIntentId]
      WHERE [f0].[Status] IN (N'Unknown', N'Pending') AND ([f0].[NextReconciliationAt] IS NULL OR [f0].[NextReconciliationAt] <= @__now_0) AND [f0].[ReconciliationAttempts] < 8
      ORDER BY [f0].[UpdatedAt]
info: Microsoft.EntityFrameworkCore.Database.Command[20101]
      Executed DbCommand (46ms) [Parameters=[@__p_1='?' (DbType = Int32), @__now_0='?' (DbType = DateTimeOffset)], CommandType='Text', CommandTimeout='30']
      SELECT TOP(@__p_1) [f].[FulfilmentIntentId], [f].[AgentId], [f].[CreatedAt], [f].[Currency], [f].[DestinationReference], [f].[ExpiresAt], [f].[MerchantOrderId], [f].[Mode], [f].[PickupLocationId], [f].[PrincipalId], [f].[ProviderId], [f].[QuoteHash], [f].[QuoteId], [f].[TotalAmount], [f].[Version]
      FROM [FulfilmentIntents] AS [f]
      INNER JOIN [FulfilmentExecutions] AS [f0] ON [f].[FulfilmentIntentId] = [f0].[FulfilmentIntentId]
      WHERE [f0].[Status] IN (N'Unknown', N'Pending') AND ([f0].[NextReconciliationAt] IS NULL OR [f0].[NextReconciliationAt] <= @__now_0) AND [f0].[ReconciliationAttempts] < 8
      ORDER BY [f0].[UpdatedAt]
info: Microsoft.EntityFrameworkCore.Database.Command[20101]
      Executed DbCommand (14ms) [Parameters=[@__p_1='?' (DbType = Int32), @__now_0='?' (DbType = DateTimeOffset)], CommandType='Text', CommandTimeout='30']
      SELECT TOP(@__p_1) [f].[FulfilmentIntentId], [f].[AgentId], [f].[CreatedAt], [f].[Currency], [f].[DestinationReference], [f].[ExpiresAt], [f].[MerchantOrderId], [f].[Mode], [f].[PickupLocationId], [f].[PrincipalId], [f].[ProviderId], [f].[QuoteHash], [f].[QuoteId], [f].[TotalAmount], [f].[Version]
      FROM [FulfilmentIntents] AS [f]
      INNER JOIN [FulfilmentExecutions] AS [f0] ON [f].[FulfilmentIntentId] = [f0].[FulfilmentIntentId]
      WHERE [f0].[Status] IN (N'Unknown', N'Pending') AND ([f0].[NextReconciliationAt] IS NULL OR [f0].[NextReconciliationAt] <= @__now_0) AND [f0].[ReconciliationAttempts] < 8
      ORDER BY [f0].[UpdatedAt]
info: Microsoft.EntityFrameworkCore.Database.Command[20101]
      Executed DbCommand (24ms) [Parameters=[@__p_1='?' (DbType = Int32), @__now_0='?' (DbType = DateTimeOffset)], CommandType='Text', CommandTimeout='30']
      SELECT TOP(@__p_1) [f].[FulfilmentIntentId], [f].[AgentId], [f].[CreatedAt], [f].[Currency], [f].[DestinationReference], [f].[ExpiresAt], [f].[MerchantOrderId], [f].[Mode], [f].[PickupLocationId], [f].[PrincipalId], [f].[ProviderId], [f].[QuoteHash], [f].[QuoteId], [f].[TotalAmount], [f].[Version]
      FROM [FulfilmentIntents] AS [f]
      INNER JOIN [FulfilmentExecutions] AS [f0] ON [f].[FulfilmentIntentId] = [f0].[FulfilmentIntentId]
      WHERE [f0].[Status] IN (N'Unknown', N'Pending') AND ([f0].[NextReconciliationAt] IS NULL OR [f0].[NextReconciliationAt] <= @__now_0) AND [f0].[ReconciliationAttempts] < 8
      ORDER BY [f0].[UpdatedAt]
info: Microsoft.EntityFrameworkCore.Database.Command[20101]
      Executed DbCommand (48ms) [Parameters=[@__p_1='?' (DbType = Int32), @__now_0='?' (DbType = DateTimeOffset)], CommandType='Text', CommandTimeout='30']
      SELECT TOP(@__p_1) [f].[FulfilmentIntentId], [f].[AgentId], [f].[CreatedAt], [f].[Currency], [f].[DestinationReference], [f].[ExpiresAt], [f].[MerchantOrderId], [f].[Mode], [f].[PickupLocationId], [f].[PrincipalId], [f].[ProviderId], [f].[QuoteHash], [f].[QuoteId], [f].[TotalAmount], [f].[Version]
      FROM [FulfilmentIntents] AS [f]
      INNER JOIN [FulfilmentExecutions] AS [f0] ON [f].[FulfilmentIntentId] = [f0].[FulfilmentIntentId]
      WHERE [f0].[Status] IN (N'Unknown', N'Pending') AND ([f0].[NextReconciliationAt] IS NULL OR [f0].[NextReconciliationAt] <= @__now_0) AND [f0].[ReconciliationAttempts] < 8
      ORDER BY [f0].[UpdatedAt]
info: Microsoft.EntityFrameworkCore.Database.Command[20101]
      Executed DbCommand (1ms) [Parameters=[@__p_1='?' (DbType = Int32), @__now_0='?' (DbType = DateTimeOffset)], CommandType='Text', CommandTimeout='30']
      SELECT TOP(@__p_1) [f].[FulfilmentIntentId], [f].[AgentId], [f].[CreatedAt], [f].[Currency], [f].[DestinationReference], [f].[ExpiresAt], [f].[MerchantOrderId], [f].[Mode], [f].[PickupLocationId], [f].[PrincipalId], [f].[ProviderId], [f].[QuoteHash], [f].[QuoteId], [f].[TotalAmount], [f].[Version]
      FROM [FulfilmentIntents] AS [f]
      INNER JOIN [FulfilmentExecutions] AS [f0] ON [f].[FulfilmentIntentId] = [f0].[FulfilmentIntentId]
      WHERE [f0].[Status] IN (N'Unknown', N'Pending') AND ([f0].[NextReconciliationAt] IS NULL OR [f0].[NextReconciliationAt] <= @__now_0) AND [f0].[ReconciliationAttempts] < 8
      ORDER BY [f0].[UpdatedAt]
info: Microsoft.EntityFrameworkCore.Database.Command[20101]
      Executed DbCommand (32ms) [Parameters=[@__p_1='?' (DbType = Int32), @__now_0='?' (DbType = DateTimeOffset)], CommandType='Text', CommandTimeout='30']
      SELECT TOP(@__p_1) [f].[FulfilmentIntentId], [f].[AgentId], [f].[CreatedAt], [f].[Currency], [f].[DestinationReference], [f].[ExpiresAt], [f].[MerchantOrderId], [f].[Mode], [f].[PickupLocationId], [f].[PrincipalId], [f].[ProviderId], [f].[QuoteHash], [f].[QuoteId], [f].[TotalAmount], [f].[Version]
      FROM [FulfilmentIntents] AS [f]
      INNER JOIN [FulfilmentExecutions] AS [f0] ON [f].[FulfilmentIntentId] = [f0].[FulfilmentIntentId]
      WHERE [f0].[Status] IN (N'Unknown', N'Pending') AND ([f0].[NextReconciliationAt] IS NULL OR [f0].[NextReconciliationAt] <= @__now_0) AND [f0].[ReconciliationAttempts] < 8
      ORDER BY [f0].[UpdatedAt]
info: Microsoft.EntityFrameworkCore.Database.Command[20101]
      Executed DbCommand (1ms) [Parameters=[@__p_1='?' (DbType = Int32), @__now_0='?' (DbType = DateTimeOffset)], CommandType='Text', CommandTimeout='30']
      SELECT TOP(@__p_1) [f].[FulfilmentIntentId], [f].[AgentId], [f].[CreatedAt], [f].[Currency], [f].[DestinationReference], [f].[ExpiresAt], [f].[MerchantOrderId], [f].[Mode], [f].[PickupLocationId], [f].[PrincipalId], [f].[ProviderId], [f].[QuoteHash], [f].[QuoteId], [f].[TotalAmount], [f].[Version]
      FROM [FulfilmentIntents] AS [f]
      INNER JOIN [FulfilmentExecutions] AS [f0] ON [f].[FulfilmentIntentId] = [f0].[FulfilmentIntentId]
      WHERE [f0].[Status] IN (N'Unknown', N'Pending') AND ([f0].[NextReconciliationAt] IS NULL OR [f0].[NextReconciliationAt] <= @__now_0) AND [f0].[ReconciliationAttempts] < 8
      ORDER BY [f0].[UpdatedAt]
info: Microsoft.EntityFrameworkCore.Database.Command[20101]
      Executed DbCommand (54ms) [Parameters=[@__p_1='?' (DbType = Int32), @__now_0='?' (DbType = DateTimeOffset)], CommandType='Text', CommandTimeout='30']
      SELECT TOP(@__p_1) [f].[FulfilmentIntentId], [f].[AgentId], [f].[CreatedAt], [f].[Currency], [f].[DestinationReference], [f].[ExpiresAt], [f].[MerchantOrderId], [f].[Mode], [f].[PickupLocationId], [f].[PrincipalId], [f].[ProviderId], [f].[QuoteHash], [f].[QuoteId], [f].[TotalAmount], [f].[Version]
      FROM [FulfilmentIntents] AS [f]
      INNER JOIN [FulfilmentExecutions] AS [f0] ON [f].[FulfilmentIntentId] = [f0].[FulfilmentIntentId]
      WHERE [f0].[Status] IN (N'Unknown', N'Pending') AND ([f0].[NextReconciliationAt] IS NULL OR [f0].[NextReconciliationAt] <= @__now_0) AND [f0].[ReconciliationAttempts] < 8
      ORDER BY [f0].[UpdatedAt]
info: Microsoft.EntityFrameworkCore.Database.Command[20101]
      Executed DbCommand (1ms) [Parameters=[@__p_1='?' (DbType = Int32), @__now_0='?' (DbType = DateTimeOffset)], CommandType='Text', CommandTimeout='30']
      SELECT TOP(@__p_1) [f].[FulfilmentIntentId], [f].[AgentId], [f].[CreatedAt], [f].[Currency], [f].[DestinationReference], [f].[ExpiresAt], [f].[MerchantOrderId], [f].[Mode], [f].[PickupLocationId], [f].[PrincipalId], [f].[ProviderId], [f].[QuoteHash], [f].[QuoteId], [f].[TotalAmount], [f].[Version]
      FROM [FulfilmentIntents] AS [f]
      INNER JOIN [FulfilmentExecutions] AS [f0] ON [f].[FulfilmentIntentId] = [f0].[FulfilmentIntentId]
      WHERE [f0].[Status] IN (N'Unknown', N'Pending') AND ([f0].[NextReconciliationAt] IS NULL OR [f0].[NextReconciliationAt] <= @__now_0) AND [f0].[ReconciliationAttempts] < 8
      ORDER BY [f0].[UpdatedAt]
info: Microsoft.EntityFrameworkCore.Database.Command[20101]
      Executed DbCommand (15ms) [Parameters=[@__p_1='?' (DbType = Int32), @__now_0='?' (DbType = DateTimeOffset)], CommandType='Text', CommandTimeout='30']
      SELECT TOP(@__p_1) [f].[FulfilmentIntentId], [f].[AgentId], [f].[CreatedAt], [f].[Currency], [f].[DestinationReference], [f].[ExpiresAt], [f].[MerchantOrderId], [f].[Mode], [f].[PickupLocationId], [f].[PrincipalId], [f].[ProviderId], [f].[QuoteHash], [f].[QuoteId], [f].[TotalAmount], [f].[Version]
      FROM [FulfilmentIntents] AS [f]
      INNER JOIN [FulfilmentExecutions] AS [f0] ON [f].[FulfilmentIntentId] = [f0].[FulfilmentIntentId]
      WHERE [f0].[Status] IN (N'Unknown', N'Pending') AND ([f0].[NextReconciliationAt] IS NULL OR [f0].[NextReconciliationAt] <= @__now_0) AND [f0].[ReconciliationAttempts] < 8
      ORDER BY [f0].[UpdatedAt]
info: Microsoft.EntityFrameworkCore.Database.Command[20101]
      Executed DbCommand (27ms) [Parameters=[@__p_1='?' (DbType = Int32), @__now_0='?' (DbType = DateTimeOffset)], CommandType='Text', CommandTimeout='30']
      SELECT TOP(@__p_1) [f].[FulfilmentIntentId], [f].[AgentId], [f].[CreatedAt], [f].[Currency], [f].[DestinationReference], [f].[ExpiresAt], [f].[MerchantOrderId], [f].[Mode], [f].[PickupLocationId], [f].[PrincipalId], [f].[ProviderId], [f].[QuoteHash], [f].[QuoteId], [f].[TotalAmount], [f].[Version]
      FROM [FulfilmentIntents] AS [f]
      INNER JOIN [FulfilmentExecutions] AS [f0] ON [f].[FulfilmentIntentId] = [f0].[FulfilmentIntentId]
      WHERE [f0].[Status] IN (N'Unknown', N'Pending') AND ([f0].[NextReconciliationAt] IS NULL OR [f0].[NextReconciliationAt] <= @__now_0) AND [f0].[ReconciliationAttempts] < 8
      ORDER BY [f0].[UpdatedAt]
info: Microsoft.EntityFrameworkCore.Database.Command[20101]
      Executed DbCommand (13ms) [Parameters=[@__p_1='?' (DbType = Int32), @__now_0='?' (DbType = DateTimeOffset)], CommandType='Text', CommandTimeout='30']
      SELECT TOP(@__p_1) [f].[FulfilmentIntentId], [f].[AgentId], [f].[CreatedAt], [f].[Currency], [f].[DestinationReference], [f].[ExpiresAt], [f].[MerchantOrderId], [f].[Mode], [f].[PickupLocationId], [f].[PrincipalId], [f].[ProviderId], [f].[QuoteHash], [f].[QuoteId], [f].[TotalAmount], [f].[Version]
      FROM [FulfilmentIntents] AS [f]
      INNER JOIN [FulfilmentExecutions] AS [f0] ON [f].[FulfilmentIntentId] = [f0].[FulfilmentIntentId]
      WHERE [f0].[Status] IN (N'Unknown', N'Pending') AND ([f0].[NextReconciliationAt] IS NULL OR [f0].[NextReconciliationAt] <= @__now_0) AND [f0].[ReconciliationAttempts] < 8
      ORDER BY [f0].[UpdatedAt]
info: Microsoft.EntityFrameworkCore.Database.Command[20101]
      Executed DbCommand (24ms) [Parameters=[@__p_1='?' (DbType = Int32), @__now_0='?' (DbType = DateTimeOffset)], CommandType='Text', CommandTimeout='30']
      SELECT TOP(@__p_1) [f].[FulfilmentIntentId], [f].[AgentId], [f].[CreatedAt], [f].[Currency], [f].[DestinationReference], [f].[ExpiresAt], [f].[MerchantOrderId], [f].[Mode], [f].[PickupLocationId], [f].[PrincipalId], [f].[ProviderId], [f].[QuoteHash], [f].[QuoteId], [f].[TotalAmount], [f].[Version]
      FROM [FulfilmentIntents] AS [f]
      INNER JOIN [FulfilmentExecutions] AS [f0] ON [f].[FulfilmentIntentId] = [f0].[FulfilmentIntentId]
      WHERE [f0].[Status] IN (N'Unknown', N'Pending') AND ([f0].[NextReconciliationAt] IS NULL OR [f0].[NextReconciliationAt] <= @__now_0) AND [f0].[ReconciliationAttempts] < 8
      ORDER BY [f0].[UpdatedAt]
info: Microsoft.EntityFrameworkCore.Database.Command[20101]
      Executed DbCommand (6ms) [Parameters=[@__p_1='?' (DbType = Int32), @__now_0='?' (DbType = DateTimeOffset)], CommandType='Text', CommandTimeout='30']
      SELECT TOP(@__p_1) [f].[FulfilmentIntentId], [f].[AgentId], [f].[CreatedAt], [f].[Currency], [f].[DestinationReference], [f].[ExpiresAt], [f].[MerchantOrderId], [f].[Mode], [f].[PickupLocationId], [f].[PrincipalId], [f].[ProviderId], [f].[QuoteHash], [f].[QuoteId], [f].[TotalAmount], [f].[Version]
      FROM [FulfilmentIntents] AS [f]
      INNER JOIN [FulfilmentExecutions] AS [f0] ON [f].[FulfilmentIntentId] = [f0].[FulfilmentIntentId]
      WHERE [f0].[Status] IN (N'Unknown', N'Pending') AND ([f0].[NextReconciliationAt] IS NULL OR [f0].[NextReconciliationAt] <= @__now_0) AND [f0].[ReconciliationAttempts] < 8
      ORDER BY [f0].[UpdatedAt]
info: Microsoft.EntityFrameworkCore.Database.Command[20101]
      Executed DbCommand (10ms) [Parameters=[@__p_1='?' (DbType = Int32), @__now_0='?' (DbType = DateTimeOffset)], CommandType='Text', CommandTimeout='30']
      SELECT TOP(@__p_1) [f].[FulfilmentIntentId], [f].[AgentId], [f].[CreatedAt], [f].[Currency], [f].[DestinationReference], [f].[ExpiresAt], [f].[MerchantOrderId], [f].[Mode], [f].[PickupLocationId], [f].[PrincipalId], [f].[ProviderId], [f].[QuoteHash], [f].[QuoteId], [f].[TotalAmount], [f].[Version]
      FROM [FulfilmentIntents] AS [f]
      INNER JOIN [FulfilmentExecutions] AS [f0] ON [f].[FulfilmentIntentId] = [f0].[FulfilmentIntentId]
      WHERE [f0].[Status] IN (N'Unknown', N'Pending') AND ([f0].[NextReconciliationAt] IS NULL OR [f0].[NextReconciliationAt] <= @__now_0) AND [f0].[ReconciliationAttempts] < 8
      ORDER BY [f0].[UpdatedAt]
info: Microsoft.EntityFrameworkCore.Database.Command[20101]
      Executed DbCommand (7ms) [Parameters=[@__p_1='?' (DbType = Int32), @__now_0='?' (DbType = DateTimeOffset)], CommandType='Text', CommandTimeout='30']
      SELECT TOP(@__p_1) [f].[FulfilmentIntentId], [f].[AgentId], [f].[CreatedAt], [f].[Currency], [f].[DestinationReference], [f].[ExpiresAt], [f].[MerchantOrderId], [f].[Mode], [f].[PickupLocationId], [f].[PrincipalId], [f].[ProviderId], [f].[QuoteHash], [f].[QuoteId], [f].[TotalAmount], [f].[Version]
      FROM [FulfilmentIntents] AS [f]
      INNER JOIN [FulfilmentExecutions] AS [f0] ON [f].[FulfilmentIntentId] = [f0].[FulfilmentIntentId]
      WHERE [f0].[Status] IN (N'Unknown', N'Pending') AND ([f0].[NextReconciliationAt] IS NULL OR [f0].[NextReconciliationAt] <= @__now_0) AND [f0].[ReconciliationAttempts] < 8
      ORDER BY [f0].[UpdatedAt]
info: Microsoft.EntityFrameworkCore.Database.Command[20101]
      Executed DbCommand (6ms) [Parameters=[@__p_1='?' (DbType = Int32), @__now_0='?' (DbType = DateTimeOffset)], CommandType='Text', CommandTimeout='30']
      SELECT TOP(@__p_1) [f].[FulfilmentIntentId], [f].[AgentId], [f].[CreatedAt], [f].[Currency], [f].[DestinationReference], [f].[ExpiresAt], [f].[MerchantOrderId], [f].[Mode], [f].[PickupLocationId], [f].[PrincipalId], [f].[ProviderId], [f].[QuoteHash], [f].[QuoteId], [f].[TotalAmount], [f].[Version]
      FROM [FulfilmentIntents] AS [f]
      INNER JOIN [FulfilmentExecutions] AS [f0] ON [f].[FulfilmentIntentId] = [f0].[FulfilmentIntentId]
      WHERE [f0].[Status] IN (N'Unknown', N'Pending') AND ([f0].[NextReconciliationAt] IS NULL OR [f0].[NextReconciliationAt] <= @__now_0) AND [f0].[ReconciliationAttempts] < 8
      ORDER BY [f0].[UpdatedAt]
info: Microsoft.EntityFrameworkCore.Database.Command[20101]
      Executed DbCommand (6ms) [Parameters=[@__p_1='?' (DbType = Int32), @__now_0='?' (DbType = DateTimeOffset)], CommandType='Text', CommandTimeout='30']
      SELECT TOP(@__p_1) [f].[FulfilmentIntentId], [f].[AgentId], [f].[CreatedAt], [f].[Currency], [f].[DestinationReference], [f].[ExpiresAt], [f].[MerchantOrderId], [f].[Mode], [f].[PickupLocationId], [f].[PrincipalId], [f].[ProviderId], [f].[QuoteHash], [f].[QuoteId], [f].[TotalAmount], [f].[Version]
      FROM [FulfilmentIntents] AS [f]
      INNER JOIN [FulfilmentExecutions] AS [f0] ON [f].[FulfilmentIntentId] = [f0].[FulfilmentIntentId]
      WHERE [f0].[Status] IN (N'Unknown', N'Pending') AND ([f0].[NextReconciliationAt] IS NULL OR [f0].[NextReconciliationAt] <= @__now_0) AND [f0].[ReconciliationAttempts] < 8
      ORDER BY [f0].[UpdatedAt]
info: Microsoft.EntityFrameworkCore.Database.Command[20101]
      Executed DbCommand (16ms) [Parameters=[@__p_1='?' (DbType = Int32), @__now_0='?' (DbType = DateTimeOffset)], CommandType='Text', CommandTimeout='30']
      SELECT TOP(@__p_1) [f].[FulfilmentIntentId], [f].[AgentId], [f].[CreatedAt], [f].[Currency], [f].[DestinationReference], [f].[ExpiresAt], [f].[MerchantOrderId], [f].[Mode], [f].[PickupLocationId], [f].[PrincipalId], [f].[ProviderId], [f].[QuoteHash], [f].[QuoteId], [f].[TotalAmount], [f].[Version]
      FROM [FulfilmentIntents] AS [f]
      INNER JOIN [FulfilmentExecutions] AS [f0] ON [f].[FulfilmentIntentId] = [f0].[FulfilmentIntentId]
      WHERE [f0].[Status] IN (N'Unknown', N'Pending') AND ([f0].[NextReconciliationAt] IS NULL OR [f0].[NextReconciliationAt] <= @__now_0) AND [f0].[ReconciliationAttempts] < 8
      ORDER BY [f0].[UpdatedAt]
info: Microsoft.EntityFrameworkCore.Database.Command[20101]
      Executed DbCommand (0ms) [Parameters=[@__p_1='?' (DbType = Int32), @__now_0='?' (DbType = DateTimeOffset)], CommandType='Text', CommandTimeout='30']
      SELECT TOP(@__p_1) [f].[FulfilmentIntentId], [f].[AgentId], [f].[CreatedAt], [f].[Currency], [f].[DestinationReference], [f].[ExpiresAt], [f].[MerchantOrderId], [f].[Mode], [f].[PickupLocationId], [f].[PrincipalId], [f].[ProviderId], [f].[QuoteHash], [f].[QuoteId], [f].[TotalAmount], [f].[Version]
      FROM [FulfilmentIntents] AS [f]
      INNER JOIN [FulfilmentExecutions] AS [f0] ON [f].[FulfilmentIntentId] = [f0].[FulfilmentIntentId]
      WHERE [f0].[Status] IN (N'Unknown', N'Pending') AND ([f0].[NextReconciliationAt] IS NULL OR [f0].[NextReconciliationAt] <= @__now_0) AND [f0].[ReconciliationAttempts] < 8
      ORDER BY [f0].[UpdatedAt]
info: Microsoft.EntityFrameworkCore.Database.Command[20101]
      Executed DbCommand (12ms) [Parameters=[@__p_1='?' (DbType = Int32), @__now_0='?' (DbType = DateTimeOffset)], CommandType='Text', CommandTimeout='30']
      SELECT TOP(@__p_1) [f].[FulfilmentIntentId], [f].[AgentId], [f].[CreatedAt], [f].[Currency], [f].[DestinationReference], [f].[ExpiresAt], [f].[MerchantOrderId], [f].[Mode], [f].[PickupLocationId], [f].[PrincipalId], [f].[ProviderId], [f].[QuoteHash], [f].[QuoteId], [f].[TotalAmount], [f].[Version]
      FROM [FulfilmentIntents] AS [f]
      INNER JOIN [FulfilmentExecutions] AS [f0] ON [f].[FulfilmentIntentId] = [f0].[FulfilmentIntentId]
      WHERE [f0].[Status] IN (N'Unknown', N'Pending') AND ([f0].[NextReconciliationAt] IS NULL OR [f0].[NextReconciliationAt] <= @__now_0) AND [f0].[ReconciliationAttempts] < 8
      ORDER BY [f0].[UpdatedAt]
info: Microsoft.EntityFrameworkCore.Database.Command[20101]
      Executed DbCommand (1ms) [Parameters=[@__p_1='?' (DbType = Int32), @__now_0='?' (DbType = DateTimeOffset)], CommandType='Text', CommandTimeout='30']
      SELECT TOP(@__p_1) [f].[FulfilmentIntentId], [f].[AgentId], [f].[CreatedAt], [f].[Currency], [f].[DestinationReference], [f].[ExpiresAt], [f].[MerchantOrderId], [f].[Mode], [f].[PickupLocationId], [f].[PrincipalId], [f].[ProviderId], [f].[QuoteHash], [f].[QuoteId], [f].[TotalAmount], [f].[Version]
      FROM [FulfilmentIntents] AS [f]
      INNER JOIN [FulfilmentExecutions] AS [f0] ON [f].[FulfilmentIntentId] = [f0].[FulfilmentIntentId]
      WHERE [f0].[Status] IN (N'Unknown', N'Pending') AND ([f0].[NextReconciliationAt] IS NULL OR [f0].[NextReconciliationAt] <= @__now_0) AND [f0].[ReconciliationAttempts] < 8
      ORDER BY [f0].[UpdatedAt]
info: Microsoft.EntityFrameworkCore.Database.Command[20101]
      Executed DbCommand (13ms) [Parameters=[@__p_1='?' (DbType = Int32), @__now_0='?' (DbType = DateTimeOffset)], CommandType='Text', CommandTimeout='30']
      SELECT TOP(@__p_1) [f].[FulfilmentIntentId], [f].[AgentId], [f].[CreatedAt], [f].[Currency], [f].[DestinationReference], [f].[ExpiresAt], [f].[MerchantOrderId], [f].[Mode], [f].[PickupLocationId], [f].[PrincipalId], [f].[ProviderId], [f].[QuoteHash], [f].[QuoteId], [f].[TotalAmount], [f].[Version]
      FROM [FulfilmentIntents] AS [f]
      INNER JOIN [FulfilmentExecutions] AS [f0] ON [f].[FulfilmentIntentId] = [f0].[FulfilmentIntentId]
      WHERE [f0].[Status] IN (N'Unknown', N'Pending') AND ([f0].[NextReconciliationAt] IS NULL OR [f0].[NextReconciliationAt] <= @__now_0) AND [f0].[ReconciliationAttempts] < 8
      ORDER BY [f0].[UpdatedAt]
info: Microsoft.EntityFrameworkCore.Database.Command[20101]
      Executed DbCommand (5ms) [Parameters=[@__p_1='?' (DbType = Int32), @__now_0='?' (DbType = DateTimeOffset)], CommandType='Text', CommandTimeout='30']
      SELECT TOP(@__p_1) [f].[FulfilmentIntentId], [f].[AgentId], [f].[CreatedAt], [f].[Currency], [f].[DestinationReference], [f].[ExpiresAt], [f].[MerchantOrderId], [f].[Mode], [f].[PickupLocationId], [f].[PrincipalId], [f].[ProviderId], [f].[QuoteHash], [f].[QuoteId], [f].[TotalAmount], [f].[Version]
      FROM [FulfilmentIntents] AS [f]
      INNER JOIN [FulfilmentExecutions] AS [f0] ON [f].[FulfilmentIntentId] = [f0].[FulfilmentIntentId]
      WHERE [f0].[Status] IN (N'Unknown', N'Pending') AND ([f0].[NextReconciliationAt] IS NULL OR [f0].[NextReconciliationAt] <= @__now_0) AND [f0].[ReconciliationAttempts] < 8
      ORDER BY [f0].[UpdatedAt]
info: Microsoft.EntityFrameworkCore.Database.Command[20101]
      Executed DbCommand (13ms) [Parameters=[@__p_1='?' (DbType = Int32), @__now_0='?' (DbType = DateTimeOffset)], CommandType='Text', CommandTimeout='30']
      SELECT TOP(@__p_1) [f].[FulfilmentIntentId], [f].[AgentId], [f].[CreatedAt], [f].[Currency], [f].[DestinationReference], [f].[ExpiresAt], [f].[MerchantOrderId], [f].[Mode], [f].[PickupLocationId], [f].[PrincipalId], [f].[ProviderId], [f].[QuoteHash], [f].[QuoteId], [f].[TotalAmount], [f].[Version]
      FROM [FulfilmentIntents] AS [f]
      INNER JOIN [FulfilmentExecutions] AS [f0] ON [f].[FulfilmentIntentId] = [f0].[FulfilmentIntentId]
      WHERE [f0].[Status] IN (N'Unknown', N'Pending') AND ([f0].[NextReconciliationAt] IS NULL OR [f0].[NextReconciliationAt] <= @__now_0) AND [f0].[ReconciliationAttempts] < 8
      ORDER BY [f0].[UpdatedAt]
info: Microsoft.EntityFrameworkCore.Database.Command[20101]
      Executed DbCommand (5ms) [Parameters=[@__p_1='?' (DbType = Int32), @__now_0='?' (DbType = DateTimeOffset)], CommandType='Text', CommandTimeout='30']
      SELECT TOP(@__p_1) [f].[FulfilmentIntentId], [f].[AgentId], [f].[CreatedAt], [f].[Currency], [f].[DestinationReference], [f].[ExpiresAt], [f].[MerchantOrderId], [f].[Mode], [f].[PickupLocationId], [f].[PrincipalId], [f].[ProviderId], [f].[QuoteHash], [f].[QuoteId], [f].[TotalAmount], [f].[Version]
      FROM [FulfilmentIntents] AS [f]
      INNER JOIN [FulfilmentExecutions] AS [f0] ON [f].[FulfilmentIntentId] = [f0].[FulfilmentIntentId]
      WHERE [f0].[Status] IN (N'Unknown', N'Pending') AND ([f0].[NextReconciliationAt] IS NULL OR [f0].[NextReconciliationAt] <= @__now_0) AND [f0].[ReconciliationAttempts] < 8
      ORDER BY [f0].[UpdatedAt]
info: Microsoft.EntityFrameworkCore.Database.Command[20101]
      Executed DbCommand (0ms) [Parameters=[@__p_1='?' (DbType = Int32), @__now_0='?' (DbType = DateTimeOffset)], CommandType='Text', CommandTimeout='30']
      SELECT TOP(@__p_1) [f].[FulfilmentIntentId], [f].[AgentId], [f].[CreatedAt], [f].[Currency], [f].[DestinationReference], [f].[ExpiresAt], [f].[MerchantOrderId], [f].[Mode], [f].[PickupLocationId], [f].[PrincipalId], [f].[ProviderId], [f].[QuoteHash], [f].[QuoteId], [f].[TotalAmount], [f].[Version]
      FROM [FulfilmentIntents] AS [f]
      INNER JOIN [FulfilmentExecutions] AS [f0] ON [f].[FulfilmentIntentId] = [f0].[FulfilmentIntentId]
      WHERE [f0].[Status] IN (N'Unknown', N'Pending') AND ([f0].[NextReconciliationAt] IS NULL OR [f0].[NextReconciliationAt] <= @__now_0) AND [f0].[ReconciliationAttempts] < 8
      ORDER BY [f0].[UpdatedAt]
info: Microsoft.EntityFrameworkCore.Database.Command[20101]
      Executed DbCommand (6ms) [Parameters=[@__p_1='?' (DbType = Int32), @__now_0='?' (DbType = DateTimeOffset)], CommandType='Text', CommandTimeout='30']
      SELECT TOP(@__p_1) [f].[FulfilmentIntentId], [f].[AgentId], [f].[CreatedAt], [f].[Currency], [f].[DestinationReference], [f].[ExpiresAt], [f].[MerchantOrderId], [f].[Mode], [f].[PickupLocationId], [f].[PrincipalId], [f].[ProviderId], [f].[QuoteHash], [f].[QuoteId], [f].[TotalAmount], [f].[Version]
      FROM [FulfilmentIntents] AS [f]
      INNER JOIN [FulfilmentExecutions] AS [f0] ON [f].[FulfilmentIntentId] = [f0].[FulfilmentIntentId]
      WHERE [f0].[Status] IN (N'Unknown', N'Pending') AND ([f0].[NextReconciliationAt] IS NULL OR [f0].[NextReconciliationAt] <= @__now_0) AND [f0].[ReconciliationAttempts] < 8
      ORDER BY [f0].[UpdatedAt]
info: Microsoft.EntityFrameworkCore.Database.Command[20101]
      Executed DbCommand (0ms) [Parameters=[@__p_1='?' (DbType = Int32), @__now_0='?' (DbType = DateTimeOffset)], CommandType='Text', CommandTimeout='30']
      SELECT TOP(@__p_1) [f].[FulfilmentIntentId], [f].[AgentId], [f].[CreatedAt], [f].[Currency], [f].[DestinationReference], [f].[ExpiresAt], [f].[MerchantOrderId], [f].[Mode], [f].[PickupLocationId], [f].[PrincipalId], [f].[ProviderId], [f].[QuoteHash], [f].[QuoteId], [f].[TotalAmount], [f].[Version]
      FROM [FulfilmentIntents] AS [f]
      INNER JOIN [FulfilmentExecutions] AS [f0] ON [f].[FulfilmentIntentId] = [f0].[FulfilmentIntentId]
      WHERE [f0].[Status] IN (N'Unknown', N'Pending') AND ([f0].[NextReconciliationAt] IS NULL OR [f0].[NextReconciliationAt] <= @__now_0) AND [f0].[ReconciliationAttempts] < 8
      ORDER BY [f0].[UpdatedAt]
info: Microsoft.EntityFrameworkCore.Database.Command[20101]
      Executed DbCommand (11ms) [Parameters=[@__p_1='?' (DbType = Int32), @__now_0='?' (DbType = DateTimeOffset)], CommandType='Text', CommandTimeout='30']
      SELECT TOP(@__p_1) [f].[FulfilmentIntentId], [f].[AgentId], [f].[CreatedAt], [f].[Currency], [f].[DestinationReference], [f].[ExpiresAt], [f].[MerchantOrderId], [f].[Mode], [f].[PickupLocationId], [f].[PrincipalId], [f].[ProviderId], [f].[QuoteHash], [f].[QuoteId], [f].[TotalAmount], [f].[Version]
      FROM [FulfilmentIntents] AS [f]
      INNER JOIN [FulfilmentExecutions] AS [f0] ON [f].[FulfilmentIntentId] = [f0].[FulfilmentIntentId]
      WHERE [f0].[Status] IN (N'Unknown', N'Pending') AND ([f0].[NextReconciliationAt] IS NULL OR [f0].[NextReconciliationAt] <= @__now_0) AND [f0].[ReconciliationAttempts] < 8
      ORDER BY [f0].[UpdatedAt]
info: Microsoft.EntityFrameworkCore.Database.Command[20101]
      Executed DbCommand (7ms) [Parameters=[@__p_1='?' (DbType = Int32), @__now_0='?' (DbType = DateTimeOffset)], CommandType='Text', CommandTimeout='30']
      SELECT TOP(@__p_1) [f].[FulfilmentIntentId], [f].[AgentId], [f].[CreatedAt], [f].[Currency], [f].[DestinationReference], [f].[ExpiresAt], [f].[MerchantOrderId], [f].[Mode], [f].[PickupLocationId], [f].[PrincipalId], [f].[ProviderId], [f].[QuoteHash], [f].[QuoteId], [f].[TotalAmount], [f].[Version]
      FROM [FulfilmentIntents] AS [f]
      INNER JOIN [FulfilmentExecutions] AS [f0] ON [f].[FulfilmentIntentId] = [f0].[FulfilmentIntentId]
      WHERE [f0].[Status] IN (N'Unknown', N'Pending') AND ([f0].[NextReconciliationAt] IS NULL OR [f0].[NextReconciliationAt] <= @__now_0) AND [f0].[ReconciliationAttempts] < 8
      ORDER BY [f0].[UpdatedAt]
info: Microsoft.EntityFrameworkCore.Database.Command[20101]
      Executed DbCommand (72ms) [Parameters=[@__p_1='?' (DbType = Int32), @__now_0='?' (DbType = DateTimeOffset)], CommandType='Text', CommandTimeout='30']
      SELECT TOP(@__p_1) [f].[FulfilmentIntentId], [f].[AgentId], [f].[CreatedAt], [f].[Currency], [f].[DestinationReference], [f].[ExpiresAt], [f].[MerchantOrderId], [f].[Mode], [f].[PickupLocationId], [f].[PrincipalId], [f].[ProviderId], [f].[QuoteHash], [f].[QuoteId], [f].[TotalAmount], [f].[Version]
      FROM [FulfilmentIntents] AS [f]
      INNER JOIN [FulfilmentExecutions] AS [f0] ON [f].[FulfilmentIntentId] = [f0].[FulfilmentIntentId]
      WHERE [f0].[Status] IN (N'Unknown', N'Pending') AND ([f0].[NextReconciliationAt] IS NULL OR [f0].[NextReconciliationAt] <= @__now_0) AND [f0].[ReconciliationAttempts] < 8
      ORDER BY [f0].[UpdatedAt]
info: Microsoft.EntityFrameworkCore.Database.Command[20101]
      Executed DbCommand (6ms) [Parameters=[@__p_1='?' (DbType = Int32), @__now_0='?' (DbType = DateTimeOffset)], CommandType='Text', CommandTimeout='30']
      SELECT TOP(@__p_1) [f].[FulfilmentIntentId], [f].[AgentId], [f].[CreatedAt], [f].[Currency], [f].[DestinationReference], [f].[ExpiresAt], [f].[MerchantOrderId], [f].[Mode], [f].[PickupLocationId], [f].[PrincipalId], [f].[ProviderId], [f].[QuoteHash], [f].[QuoteId], [f].[TotalAmount], [f].[Version]
      FROM [FulfilmentIntents] AS [f]
      INNER JOIN [FulfilmentExecutions] AS [f0] ON [f].[FulfilmentIntentId] = [f0].[FulfilmentIntentId]
      WHERE [f0].[Status] IN (N'Unknown', N'Pending') AND ([f0].[NextReconciliationAt] IS NULL OR [f0].[NextReconciliationAt] <= @__now_0) AND [f0].[ReconciliationAttempts] < 8
      ORDER BY [f0].[UpdatedAt]
info: Microsoft.EntityFrameworkCore.Database.Command[20101]
      Executed DbCommand (6ms) [Parameters=[@__p_1='?' (DbType = Int32), @__now_0='?' (DbType = DateTimeOffset)], CommandType='Text', CommandTimeout='30']
      SELECT TOP(@__p_1) [f].[FulfilmentIntentId], [f].[AgentId], [f].[CreatedAt], [f].[Currency], [f].[DestinationReference], [f].[ExpiresAt], [f].[MerchantOrderId], [f].[Mode], [f].[PickupLocationId], [f].[PrincipalId], [f].[ProviderId], [f].[QuoteHash], [f].[QuoteId], [f].[TotalAmount], [f].[Version]
      FROM [FulfilmentIntents] AS [f]
      INNER JOIN [FulfilmentExecutions] AS [f0] ON [f].[FulfilmentIntentId] = [f0].[FulfilmentIntentId]
      WHERE [f0].[Status] IN (N'Unknown', N'Pending') AND ([f0].[NextReconciliationAt] IS NULL OR [f0].[NextReconciliationAt] <= @__now_0) AND [f0].[ReconciliationAttempts] < 8
      ORDER BY [f0].[UpdatedAt]
info: Microsoft.EntityFrameworkCore.Database.Command[20101]
      Executed DbCommand (5ms) [Parameters=[@__p_1='?' (DbType = Int32), @__now_0='?' (DbType = DateTimeOffset)], CommandType='Text', CommandTimeout='30']
      SELECT TOP(@__p_1) [f].[FulfilmentIntentId], [f].[AgentId], [f].[CreatedAt], [f].[Currency], [f].[DestinationReference], [f].[ExpiresAt], [f].[MerchantOrderId], [f].[Mode], [f].[PickupLocationId], [f].[PrincipalId], [f].[ProviderId], [f].[QuoteHash], [f].[QuoteId], [f].[TotalAmount], [f].[Version]
      FROM [FulfilmentIntents] AS [f]
      INNER JOIN [FulfilmentExecutions] AS [f0] ON [f].[FulfilmentIntentId] = [f0].[FulfilmentIntentId]
      WHERE [f0].[Status] IN (N'Unknown', N'Pending') AND ([f0].[NextReconciliationAt] IS NULL OR [f0].[NextReconciliationAt] <= @__now_0) AND [f0].[ReconciliationAttempts] < 8
      ORDER BY [f0].[UpdatedAt]
info: Microsoft.EntityFrameworkCore.Database.Command[20101]
      Executed DbCommand (5ms) [Parameters=[@__p_1='?' (DbType = Int32), @__now_0='?' (DbType = DateTimeOffset)], CommandType='Text', CommandTimeout='30']
      SELECT TOP(@__p_1) [f].[FulfilmentIntentId], [f].[AgentId], [f].[CreatedAt], [f].[Currency], [f].[DestinationReference], [f].[ExpiresAt], [f].[MerchantOrderId], [f].[Mode], [f].[PickupLocationId], [f].[PrincipalId], [f].[ProviderId], [f].[QuoteHash], [f].[QuoteId], [f].[TotalAmount], [f].[Version]
      FROM [FulfilmentIntents] AS [f]
      INNER JOIN [FulfilmentExecutions] AS [f0] ON [f].[FulfilmentIntentId] = [f0].[FulfilmentIntentId]
      WHERE [f0].[Status] IN (N'Unknown', N'Pending') AND ([f0].[NextReconciliationAt] IS NULL OR [f0].[NextReconciliationAt] <= @__now_0) AND [f0].[ReconciliationAttempts] < 8
      ORDER BY [f0].[UpdatedAt]
info: Microsoft.EntityFrameworkCore.Database.Command[20101]
      Executed DbCommand (5ms) [Parameters=[@__p_1='?' (DbType = Int32), @__now_0='?' (DbType = DateTimeOffset)], CommandType='Text', CommandTimeout='30']
      SELECT TOP(@__p_1) [f].[FulfilmentIntentId], [f].[AgentId], [f].[CreatedAt], [f].[Currency], [f].[DestinationReference], [f].[ExpiresAt], [f].[MerchantOrderId], [f].[Mode], [f].[PickupLocationId], [f].[PrincipalId], [f].[ProviderId], [f].[QuoteHash], [f].[QuoteId], [f].[TotalAmount], [f].[Version]
      FROM [FulfilmentIntents] AS [f]
      INNER JOIN [FulfilmentExecutions] AS [f0] ON [f].[FulfilmentIntentId] = [f0].[FulfilmentIntentId]
      WHERE [f0].[Status] IN (N'Unknown', N'Pending') AND ([f0].[NextReconciliationAt] IS NULL OR [f0].[NextReconciliationAt] <= @__now_0) AND [f0].[ReconciliationAttempts] < 8
      ORDER BY [f0].[UpdatedAt]
info: Microsoft.EntityFrameworkCore.Database.Command[20101]
      Executed DbCommand (5ms) [Parameters=[@__p_1='?' (DbType = Int32), @__now_0='?' (DbType = DateTimeOffset)], CommandType='Text', CommandTimeout='30']
      SELECT TOP(@__p_1) [f].[FulfilmentIntentId], [f].[AgentId], [f].[CreatedAt], [f].[Currency], [f].[DestinationReference], [f].[ExpiresAt], [f].[MerchantOrderId], [f].[Mode], [f].[PickupLocationId], [f].[PrincipalId], [f].[ProviderId], [f].[QuoteHash], [f].[QuoteId], [f].[TotalAmount], [f].[Version]
      FROM [FulfilmentIntents] AS [f]
      INNER JOIN [FulfilmentExecutions] AS [f0] ON [f].[FulfilmentIntentId] = [f0].[FulfilmentIntentId]
      WHERE [f0].[Status] IN (N'Unknown', N'Pending') AND ([f0].[NextReconciliationAt] IS NULL OR [f0].[NextReconciliationAt] <= @__now_0) AND [f0].[ReconciliationAttempts] < 8
      ORDER BY [f0].[UpdatedAt]
info: Microsoft.EntityFrameworkCore.Database.Command[20101]
      Executed DbCommand (13ms) [Parameters=[@__p_1='?' (DbType = Int32), @__now_0='?' (DbType = DateTimeOffset)], CommandType='Text', CommandTimeout='30']
      SELECT TOP(@__p_1) [f].[FulfilmentIntentId], [f].[AgentId], [f].[CreatedAt], [f].[Currency], [f].[DestinationReference], [f].[ExpiresAt], [f].[MerchantOrderId], [f].[Mode], [f].[PickupLocationId], [f].[PrincipalId], [f].[ProviderId], [f].[QuoteHash], [f].[QuoteId], [f].[TotalAmount], [f].[Version]
      FROM [FulfilmentIntents] AS [f]
      INNER JOIN [FulfilmentExecutions] AS [f0] ON [f].[FulfilmentIntentId] = [f0].[FulfilmentIntentId]
      WHERE [f0].[Status] IN (N'Unknown', N'Pending') AND ([f0].[NextReconciliationAt] IS NULL OR [f0].[NextReconciliationAt] <= @__now_0) AND [f0].[ReconciliationAttempts] < 8
      ORDER BY [f0].[UpdatedAt]
info: Microsoft.EntityFrameworkCore.Database.Command[20101]
      Executed DbCommand (5ms) [Parameters=[@__p_1='?' (DbType = Int32), @__now_0='?' (DbType = DateTimeOffset)], CommandType='Text', CommandTimeout='30']
      SELECT TOP(@__p_1) [f].[FulfilmentIntentId], [f].[AgentId], [f].[CreatedAt], [f].[Currency], [f].[DestinationReference], [f].[ExpiresAt], [f].[MerchantOrderId], [f].[Mode], [f].[PickupLocationId], [f].[PrincipalId], [f].[ProviderId], [f].[QuoteHash], [f].[QuoteId], [f].[TotalAmount], [f].[Version]
      FROM [FulfilmentIntents] AS [f]
      INNER JOIN [FulfilmentExecutions] AS [f0] ON [f].[FulfilmentIntentId] = [f0].[FulfilmentIntentId]
      WHERE [f0].[Status] IN (N'Unknown', N'Pending') AND ([f0].[NextReconciliationAt] IS NULL OR [f0].[NextReconciliationAt] <= @__now_0) AND [f0].[ReconciliationAttempts] < 8
      ORDER BY [f0].[UpdatedAt]
info: Microsoft.EntityFrameworkCore.Database.Command[20101]
      Executed DbCommand (12ms) [Parameters=[@__p_1='?' (DbType = Int32), @__now_0='?' (DbType = DateTimeOffset)], CommandType='Text', CommandTimeout='30']
      SELECT TOP(@__p_1) [f].[FulfilmentIntentId], [f].[AgentId], [f].[CreatedAt], [f].[Currency], [f].[DestinationReference], [f].[ExpiresAt], [f].[MerchantOrderId], [f].[Mode], [f].[PickupLocationId], [f].[PrincipalId], [f].[ProviderId], [f].[QuoteHash], [f].[QuoteId], [f].[TotalAmount], [f].[Version]
      FROM [FulfilmentIntents] AS [f]
      INNER JOIN [FulfilmentExecutions] AS [f0] ON [f].[FulfilmentIntentId] = [f0].[FulfilmentIntentId]
      WHERE [f0].[Status] IN (N'Unknown', N'Pending') AND ([f0].[NextReconciliationAt] IS NULL OR [f0].[NextReconciliationAt] <= @__now_0) AND [f0].[ReconciliationAttempts] < 8
      ORDER BY [f0].[UpdatedAt]
info: Microsoft.EntityFrameworkCore.Database.Command[20101]
      Executed DbCommand (7ms) [Parameters=[@__p_1='?' (DbType = Int32), @__now_0='?' (DbType = DateTimeOffset)], CommandType='Text', CommandTimeout='30']
      SELECT TOP(@__p_1) [f].[FulfilmentIntentId], [f].[AgentId], [f].[CreatedAt], [f].[Currency], [f].[DestinationReference], [f].[ExpiresAt], [f].[MerchantOrderId], [f].[Mode], [f].[PickupLocationId], [f].[PrincipalId], [f].[ProviderId], [f].[QuoteHash], [f].[QuoteId], [f].[TotalAmount], [f].[Version]
      FROM [FulfilmentIntents] AS [f]
      INNER JOIN [FulfilmentExecutions] AS [f0] ON [f].[FulfilmentIntentId] = [f0].[FulfilmentIntentId]
      WHERE [f0].[Status] IN (N'Unknown', N'Pending') AND ([f0].[NextReconciliationAt] IS NULL OR [f0].[NextReconciliationAt] <= @__now_0) AND [f0].[ReconciliationAttempts] < 8
      ORDER BY [f0].[UpdatedAt]
info: Microsoft.EntityFrameworkCore.Database.Command[20101]
      Executed DbCommand (16ms) [Parameters=[@__p_1='?' (DbType = Int32), @__now_0='?' (DbType = DateTimeOffset)], CommandType='Text', CommandTimeout='30']
      SELECT TOP(@__p_1) [f].[FulfilmentIntentId], [f].[AgentId], [f].[CreatedAt], [f].[Currency], [f].[DestinationReference], [f].[ExpiresAt], [f].[MerchantOrderId], [f].[Mode], [f].[PickupLocationId], [f].[PrincipalId], [f].[ProviderId], [f].[QuoteHash], [f].[QuoteId], [f].[TotalAmount], [f].[Version]
      FROM [FulfilmentIntents] AS [f]
      INNER JOIN [FulfilmentExecutions] AS [f0] ON [f].[FulfilmentIntentId] = [f0].[FulfilmentIntentId]
      WHERE [f0].[Status] IN (N'Unknown', N'Pending') AND ([f0].[NextReconciliationAt] IS NULL OR [f0].[NextReconciliationAt] <= @__now_0) AND [f0].[ReconciliationAttempts] < 8
      ORDER BY [f0].[UpdatedAt]
info: Microsoft.EntityFrameworkCore.Database.Command[20101]
      Executed DbCommand (6ms) [Parameters=[@__p_1='?' (DbType = Int32), @__now_0='?' (DbType = DateTimeOffset)], CommandType='Text', CommandTimeout='30']
      SELECT TOP(@__p_1) [f].[FulfilmentIntentId], [f].[AgentId], [f].[CreatedAt], [f].[Currency], [f].[DestinationReference], [f].[ExpiresAt], [f].[MerchantOrderId], [f].[Mode], [f].[PickupLocationId], [f].[PrincipalId], [f].[ProviderId], [f].[QuoteHash], [f].[QuoteId], [f].[TotalAmount], [f].[Version]
      FROM [FulfilmentIntents] AS [f]
      INNER JOIN [FulfilmentExecutions] AS [f0] ON [f].[FulfilmentIntentId] = [f0].[FulfilmentIntentId]
      WHERE [f0].[Status] IN (N'Unknown', N'Pending') AND ([f0].[NextReconciliationAt] IS NULL OR [f0].[NextReconciliationAt] <= @__now_0) AND [f0].[ReconciliationAttempts] < 8
      ORDER BY [f0].[UpdatedAt]
info: Microsoft.EntityFrameworkCore.Database.Command[20101]
      Executed DbCommand (7ms) [Parameters=[@__p_1='?' (DbType = Int32), @__now_0='?' (DbType = DateTimeOffset)], CommandType='Text', CommandTimeout='30']
      SELECT TOP(@__p_1) [f].[FulfilmentIntentId], [f].[AgentId], [f].[CreatedAt], [f].[Currency], [f].[DestinationReference], [f].[ExpiresAt], [f].[MerchantOrderId], [f].[Mode], [f].[PickupLocationId], [f].[PrincipalId], [f].[ProviderId], [f].[QuoteHash], [f].[QuoteId], [f].[TotalAmount], [f].[Version]
      FROM [FulfilmentIntents] AS [f]
      INNER JOIN [FulfilmentExecutions] AS [f0] ON [f].[FulfilmentIntentId] = [f0].[FulfilmentIntentId]
      WHERE [f0].[Status] IN (N'Unknown', N'Pending') AND ([f0].[NextReconciliationAt] IS NULL OR [f0].[NextReconciliationAt] <= @__now_0) AND [f0].[ReconciliationAttempts] < 8
      ORDER BY [f0].[UpdatedAt]
info: Microsoft.EntityFrameworkCore.Database.Command[20101]
      Executed DbCommand (6ms) [Parameters=[@__p_1='?' (DbType = Int32), @__now_0='?' (DbType = DateTimeOffset)], CommandType='Text', CommandTimeout='30']
      SELECT TOP(@__p_1) [f].[FulfilmentIntentId], [f].[AgentId], [f].[CreatedAt], [f].[Currency], [f].[DestinationReference], [f].[ExpiresAt], [f].[MerchantOrderId], [f].[Mode], [f].[PickupLocationId], [f].[PrincipalId], [f].[ProviderId], [f].[QuoteHash], [f].[QuoteId], [f].[TotalAmount], [f].[Version]
      FROM [FulfilmentIntents] AS [f]
      INNER JOIN [FulfilmentExecutions] AS [f0] ON [f].[FulfilmentIntentId] = [f0].[FulfilmentIntentId]
      WHERE [f0].[Status] IN (N'Unknown', N'Pending') AND ([f0].[NextReconciliationAt] IS NULL OR [f0].[NextReconciliationAt] <= @__now_0) AND [f0].[ReconciliationAttempts] < 8
      ORDER BY [f0].[UpdatedAt]
info: Microsoft.EntityFrameworkCore.Database.Command[20101]
      Executed DbCommand (9ms) [Parameters=[@__p_1='?' (DbType = Int32), @__now_0='?' (DbType = DateTimeOffset)], CommandType='Text', CommandTimeout='30']
      SELECT TOP(@__p_1) [f].[FulfilmentIntentId], [f].[AgentId], [f].[CreatedAt], [f].[Currency], [f].[DestinationReference], [f].[ExpiresAt], [f].[MerchantOrderId], [f].[Mode], [f].[PickupLocationId], [f].[PrincipalId], [f].[ProviderId], [f].[QuoteHash], [f].[QuoteId], [f].[TotalAmount], [f].[Version]
      FROM [FulfilmentIntents] AS [f]
      INNER JOIN [FulfilmentExecutions] AS [f0] ON [f].[FulfilmentIntentId] = [f0].[FulfilmentIntentId]
      WHERE [f0].[Status] IN (N'Unknown', N'Pending') AND ([f0].[NextReconciliationAt] IS NULL OR [f0].[NextReconciliationAt] <= @__now_0) AND [f0].[ReconciliationAttempts] < 8
      ORDER BY [f0].[UpdatedAt]
info: Microsoft.EntityFrameworkCore.Database.Command[20101]
      Executed DbCommand (7ms) [Parameters=[@__p_1='?' (DbType = Int32), @__now_0='?' (DbType = DateTimeOffset)], CommandType='Text', CommandTimeout='30']
      SELECT TOP(@__p_1) [f].[FulfilmentIntentId], [f].[AgentId], [f].[CreatedAt], [f].[Currency], [f].[DestinationReference], [f].[ExpiresAt], [f].[MerchantOrderId], [f].[Mode], [f].[PickupLocationId], [f].[PrincipalId], [f].[ProviderId], [f].[QuoteHash], [f].[QuoteId], [f].[TotalAmount], [f].[Version]
      FROM [FulfilmentIntents] AS [f]
      INNER JOIN [FulfilmentExecutions] AS [f0] ON [f].[FulfilmentIntentId] = [f0].[FulfilmentIntentId]
      WHERE [f0].[Status] IN (N'Unknown', N'Pending') AND ([f0].[NextReconciliationAt] IS NULL OR [f0].[NextReconciliationAt] <= @__now_0) AND [f0].[ReconciliationAttempts] < 8
      ORDER BY [f0].[UpdatedAt]
info: Microsoft.EntityFrameworkCore.Database.Command[20101]
      Executed DbCommand (13ms) [Parameters=[@__p_1='?' (DbType = Int32), @__now_0='?' (DbType = DateTimeOffset)], CommandType='Text', CommandTimeout='30']
      SELECT TOP(@__p_1) [f].[FulfilmentIntentId], [f].[AgentId], [f].[CreatedAt], [f].[Currency], [f].[DestinationReference], [f].[ExpiresAt], [f].[MerchantOrderId], [f].[Mode], [f].[PickupLocationId], [f].[PrincipalId], [f].[ProviderId], [f].[QuoteHash], [f].[QuoteId], [f].[TotalAmount], [f].[Version]
      FROM [FulfilmentIntents] AS [f]
      INNER JOIN [FulfilmentExecutions] AS [f0] ON [f].[FulfilmentIntentId] = [f0].[FulfilmentIntentId]
      WHERE [f0].[Status] IN (N'Unknown', N'Pending') AND ([f0].[NextReconciliationAt] IS NULL OR [f0].[NextReconciliationAt] <= @__now_0) AND [f0].[ReconciliationAttempts] < 8
      ORDER BY [f0].[UpdatedAt]
info: Microsoft.EntityFrameworkCore.Database.Command[20101]
      Executed DbCommand (9ms) [Parameters=[@__p_1='?' (DbType = Int32), @__now_0='?' (DbType = DateTimeOffset)], CommandType='Text', CommandTimeout='30']
      SELECT TOP(@__p_1) [f].[FulfilmentIntentId], [f].[AgentId], [f].[CreatedAt], [f].[Currency], [f].[DestinationReference], [f].[ExpiresAt], [f].[MerchantOrderId], [f].[Mode], [f].[PickupLocationId], [f].[PrincipalId], [f].[ProviderId], [f].[QuoteHash], [f].[QuoteId], [f].[TotalAmount], [f].[Version]
      FROM [FulfilmentIntents] AS [f]
      INNER JOIN [FulfilmentExecutions] AS [f0] ON [f].[FulfilmentIntentId] = [f0].[FulfilmentIntentId]
      WHERE [f0].[Status] IN (N'Unknown', N'Pending') AND ([f0].[NextReconciliationAt] IS NULL OR [f0].[NextReconciliationAt] <= @__now_0) AND [f0].[ReconciliationAttempts] < 8
      ORDER BY [f0].[UpdatedAt]
info: Microsoft.EntityFrameworkCore.Database.Command[20101]
      Executed DbCommand (8ms) [Parameters=[@__p_1='?' (DbType = Int32), @__now_0='?' (DbType = DateTimeOffset)], CommandType='Text', CommandTimeout='30']
      SELECT TOP(@__p_1) [f].[FulfilmentIntentId], [f].[AgentId], [f].[CreatedAt], [f].[Currency], [f].[DestinationReference], [f].[ExpiresAt], [f].[MerchantOrderId], [f].[Mode], [f].[PickupLocationId], [f].[PrincipalId], [f].[ProviderId], [f].[QuoteHash], [f].[QuoteId], [f].[TotalAmount], [f].[Version]
      FROM [FulfilmentIntents] AS [f]
      INNER JOIN [FulfilmentExecutions] AS [f0] ON [f].[FulfilmentIntentId] = [f0].[FulfilmentIntentId]
      WHERE [f0].[Status] IN (N'Unknown', N'Pending') AND ([f0].[NextReconciliationAt] IS NULL OR [f0].[NextReconciliationAt] <= @__now_0) AND [f0].[ReconciliationAttempts] < 8
      ORDER BY [f0].[UpdatedAt]
info: Microsoft.EntityFrameworkCore.Database.Command[20101]
      Executed DbCommand (5ms) [Parameters=[@__p_1='?' (DbType = Int32), @__now_0='?' (DbType = DateTimeOffset)], CommandType='Text', CommandTimeout='30']
      SELECT TOP(@__p_1) [f].[FulfilmentIntentId], [f].[AgentId], [f].[CreatedAt], [f].[Currency], [f].[DestinationReference], [f].[ExpiresAt], [f].[MerchantOrderId], [f].[Mode], [f].[PickupLocationId], [f].[PrincipalId], [f].[ProviderId], [f].[QuoteHash], [f].[QuoteId], [f].[TotalAmount], [f].[Version]
      FROM [FulfilmentIntents] AS [f]
      INNER JOIN [FulfilmentExecutions] AS [f0] ON [f].[FulfilmentIntentId] = [f0].[FulfilmentIntentId]
      WHERE [f0].[Status] IN (N'Unknown', N'Pending') AND ([f0].[NextReconciliationAt] IS NULL OR [f0].[NextReconciliationAt] <= @__now_0) AND [f0].[ReconciliationAttempts] < 8
      ORDER BY [f0].[UpdatedAt]
info: Microsoft.EntityFrameworkCore.Database.Command[20101]
      Executed DbCommand (10ms) [Parameters=[@__p_1='?' (DbType = Int32), @__now_0='?' (DbType = DateTimeOffset)], CommandType='Text', CommandTimeout='30']
      SELECT TOP(@__p_1) [f].[FulfilmentIntentId], [f].[AgentId], [f].[CreatedAt], [f].[Currency], [f].[DestinationReference], [f].[ExpiresAt], [f].[MerchantOrderId], [f].[Mode], [f].[PickupLocationId], [f].[PrincipalId], [f].[ProviderId], [f].[QuoteHash], [f].[QuoteId], [f].[TotalAmount], [f].[Version]
      FROM [FulfilmentIntents] AS [f]
      INNER JOIN [FulfilmentExecutions] AS [f0] ON [f].[FulfilmentIntentId] = [f0].[FulfilmentIntentId]
      WHERE [f0].[Status] IN (N'Unknown', N'Pending') AND ([f0].[NextReconciliationAt] IS NULL OR [f0].[NextReconciliationAt] <= @__now_0) AND [f0].[ReconciliationAttempts] < 8
      ORDER BY [f0].[UpdatedAt]
info: Microsoft.EntityFrameworkCore.Database.Command[20101]
      Executed DbCommand (5ms) [Parameters=[@__p_1='?' (DbType = Int32), @__now_0='?' (DbType = DateTimeOffset)], CommandType='Text', CommandTimeout='30']
      SELECT TOP(@__p_1) [f].[FulfilmentIntentId], [f].[AgentId], [f].[CreatedAt], [f].[Currency], [f].[DestinationReference], [f].[ExpiresAt], [f].[MerchantOrderId], [f].[Mode], [f].[PickupLocationId], [f].[PrincipalId], [f].[ProviderId], [f].[QuoteHash], [f].[QuoteId], [f].[TotalAmount], [f].[Version]
      FROM [FulfilmentIntents] AS [f]
      INNER JOIN [FulfilmentExecutions] AS [f0] ON [f].[FulfilmentIntentId] = [f0].[FulfilmentIntentId]
      WHERE [f0].[Status] IN (N'Unknown', N'Pending') AND ([f0].[NextReconciliationAt] IS NULL OR [f0].[NextReconciliationAt] <= @__now_0) AND [f0].[ReconciliationAttempts] < 8
      ORDER BY [f0].[UpdatedAt]
info: Microsoft.EntityFrameworkCore.Database.Command[20101]
      Executed DbCommand (6ms) [Parameters=[@__p_1='?' (DbType = Int32), @__now_0='?' (DbType = DateTimeOffset)], CommandType='Text', CommandTimeout='30']
      SELECT TOP(@__p_1) [f].[FulfilmentIntentId], [f].[AgentId], [f].[CreatedAt], [f].[Currency], [f].[DestinationReference], [f].[ExpiresAt], [f].[MerchantOrderId], [f].[Mode], [f].[PickupLocationId], [f].[PrincipalId], [f].[ProviderId], [f].[QuoteHash], [f].[QuoteId], [f].[TotalAmount], [f].[Version]
      FROM [FulfilmentIntents] AS [f]
      INNER JOIN [FulfilmentExecutions] AS [f0] ON [f].[FulfilmentIntentId] = [f0].[FulfilmentIntentId]
      WHERE [f0].[Status] IN (N'Unknown', N'Pending') AND ([f0].[NextReconciliationAt] IS NULL OR [f0].[NextReconciliationAt] <= @__now_0) AND [f0].[ReconciliationAttempts] < 8
      ORDER BY [f0].[UpdatedAt]
info: Microsoft.EntityFrameworkCore.Database.Command[20101]
      Executed DbCommand (7ms) [Parameters=[@__p_1='?' (DbType = Int32), @__now_0='?' (DbType = DateTimeOffset)], CommandType='Text', CommandTimeout='30']
      SELECT TOP(@__p_1) [f].[FulfilmentIntentId], [f].[AgentId], [f].[CreatedAt], [f].[Currency], [f].[DestinationReference], [f].[ExpiresAt], [f].[MerchantOrderId], [f].[Mode], [f].[PickupLocationId], [f].[PrincipalId], [f].[ProviderId], [f].[QuoteHash], [f].[QuoteId], [f].[TotalAmount], [f].[Version]
      FROM [FulfilmentIntents] AS [f]
      INNER JOIN [FulfilmentExecutions] AS [f0] ON [f].[FulfilmentIntentId] = [f0].[FulfilmentIntentId]
      WHERE [f0].[Status] IN (N'Unknown', N'Pending') AND ([f0].[NextReconciliationAt] IS NULL OR [f0].[NextReconciliationAt] <= @__now_0) AND [f0].[ReconciliationAttempts] < 8
      ORDER BY [f0].[UpdatedAt]
info: Microsoft.EntityFrameworkCore.Database.Command[20101]
      Executed DbCommand (13ms) [Parameters=[@__p_1='?' (DbType = Int32), @__now_0='?' (DbType = DateTimeOffset)], CommandType='Text', CommandTimeout='30']
      SELECT TOP(@__p_1) [f].[FulfilmentIntentId], [f].[AgentId], [f].[CreatedAt], [f].[Currency], [f].[DestinationReference], [f].[ExpiresAt], [f].[MerchantOrderId], [f].[Mode], [f].[PickupLocationId], [f].[PrincipalId], [f].[ProviderId], [f].[QuoteHash], [f].[QuoteId], [f].[TotalAmount], [f].[Version]
      FROM [FulfilmentIntents] AS [f]
      INNER JOIN [FulfilmentExecutions] AS [f0] ON [f].[FulfilmentIntentId] = [f0].[FulfilmentIntentId]
      WHERE [f0].[Status] IN (N'Unknown', N'Pending') AND ([f0].[NextReconciliationAt] IS NULL OR [f0].[NextReconciliationAt] <= @__now_0) AND [f0].[ReconciliationAttempts] < 8
      ORDER BY [f0].[UpdatedAt]
info: Microsoft.EntityFrameworkCore.Database.Command[20101]
      Executed DbCommand (12ms) [Parameters=[@__p_1='?' (DbType = Int32), @__now_0='?' (DbType = DateTimeOffset)], CommandType='Text', CommandTimeout='30']
      SELECT TOP(@__p_1) [f].[FulfilmentIntentId], [f].[AgentId], [f].[CreatedAt], [f].[Currency], [f].[DestinationReference], [f].[ExpiresAt], [f].[MerchantOrderId], [f].[Mode], [f].[PickupLocationId], [f].[PrincipalId], [f].[ProviderId], [f].[QuoteHash], [f].[QuoteId], [f].[TotalAmount], [f].[Version]
      FROM [FulfilmentIntents] AS [f]
      INNER JOIN [FulfilmentExecutions] AS [f0] ON [f].[FulfilmentIntentId] = [f0].[FulfilmentIntentId]
      WHERE [f0].[Status] IN (N'Unknown', N'Pending') AND ([f0].[NextReconciliationAt] IS NULL OR [f0].[NextReconciliationAt] <= @__now_0) AND [f0].[ReconciliationAttempts] < 8
      ORDER BY [f0].[UpdatedAt]
info: Microsoft.EntityFrameworkCore.Database.Command[20101]
      Executed DbCommand (1ms) [Parameters=[@__p_1='?' (DbType = Int32), @__now_0='?' (DbType = DateTimeOffset)], CommandType='Text', CommandTimeout='30']
      SELECT TOP(@__p_1) [f].[FulfilmentIntentId], [f].[AgentId], [f].[CreatedAt], [f].[Currency], [f].[DestinationReference], [f].[ExpiresAt], [f].[MerchantOrderId], [f].[Mode], [f].[PickupLocationId], [f].[PrincipalId], [f].[ProviderId], [f].[QuoteHash], [f].[QuoteId], [f].[TotalAmount], [f].[Version]
      FROM [FulfilmentIntents] AS [f]
      INNER JOIN [FulfilmentExecutions] AS [f0] ON [f].[FulfilmentIntentId] = [f0].[FulfilmentIntentId]
      WHERE [f0].[Status] IN (N'Unknown', N'Pending') AND ([f0].[NextReconciliationAt] IS NULL OR [f0].[NextReconciliationAt] <= @__now_0) AND [f0].[ReconciliationAttempts] < 8
      ORDER BY [f0].[UpdatedAt]
info: Microsoft.EntityFrameworkCore.Database.Command[20101]
      Executed DbCommand (18ms) [Parameters=[@__p_1='?' (DbType = Int32), @__now_0='?' (DbType = DateTimeOffset)], CommandType='Text', CommandTimeout='30']
      SELECT TOP(@__p_1) [f].[FulfilmentIntentId], [f].[AgentId], [f].[CreatedAt], [f].[Currency], [f].[DestinationReference], [f].[ExpiresAt], [f].[MerchantOrderId], [f].[Mode], [f].[PickupLocationId], [f].[PrincipalId], [f].[ProviderId], [f].[QuoteHash], [f].[QuoteId], [f].[TotalAmount], [f].[Version]
      FROM [FulfilmentIntents] AS [f]
      INNER JOIN [FulfilmentExecutions] AS [f0] ON [f].[FulfilmentIntentId] = [f0].[FulfilmentIntentId]
      WHERE [f0].[Status] IN (N'Unknown', N'Pending') AND ([f0].[NextReconciliationAt] IS NULL OR [f0].[NextReconciliationAt] <= @__now_0) AND [f0].[ReconciliationAttempts] < 8
      ORDER BY [f0].[UpdatedAt]
info: Microsoft.EntityFrameworkCore.Database.Command[20101]
      Executed DbCommand (18ms) [Parameters=[@__p_1='?' (DbType = Int32), @__now_0='?' (DbType = DateTimeOffset)], CommandType='Text', CommandTimeout='30']
      SELECT TOP(@__p_1) [f].[FulfilmentIntentId], [f].[AgentId], [f].[CreatedAt], [f].[Currency], [f].[DestinationReference], [f].[ExpiresAt], [f].[MerchantOrderId], [f].[Mode], [f].[PickupLocationId], [f].[PrincipalId], [f].[ProviderId], [f].[QuoteHash], [f].[QuoteId], [f].[TotalAmount], [f].[Version]
      FROM [FulfilmentIntents] AS [f]
      INNER JOIN [FulfilmentExecutions] AS [f0] ON [f].[FulfilmentIntentId] = [f0].[FulfilmentIntentId]
      WHERE [f0].[Status] IN (N'Unknown', N'Pending') AND ([f0].[NextReconciliationAt] IS NULL OR [f0].[NextReconciliationAt] <= @__now_0) AND [f0].[ReconciliationAttempts] < 8
      ORDER BY [f0].[UpdatedAt]
info: Microsoft.EntityFrameworkCore.Database.Command[20101]
      Executed DbCommand (145ms) [Parameters=[@__p_1='?' (DbType = Int32), @__now_0='?' (DbType = DateTimeOffset)], CommandType='Text', CommandTimeout='30']
      SELECT TOP(@__p_1) [f].[FulfilmentIntentId], [f].[AgentId], [f].[CreatedAt], [f].[Currency], [f].[DestinationReference], [f].[ExpiresAt], [f].[MerchantOrderId], [f].[Mode], [f].[PickupLocationId], [f].[PrincipalId], [f].[ProviderId], [f].[QuoteHash], [f].[QuoteId], [f].[TotalAmount], [f].[Version]
      FROM [FulfilmentIntents] AS [f]
      INNER JOIN [FulfilmentExecutions] AS [f0] ON [f].[FulfilmentIntentId] = [f0].[FulfilmentIntentId]
      WHERE [f0].[Status] IN (N'Unknown', N'Pending') AND ([f0].[NextReconciliationAt] IS NULL OR [f0].[NextReconciliationAt] <= @__now_0) AND [f0].[ReconciliationAttempts] < 8
      ORDER BY [f0].[UpdatedAt]
info: Microsoft.EntityFrameworkCore.Database.Command[20101]
      Executed DbCommand (11ms) [Parameters=[@__p_1='?' (DbType = Int32), @__now_0='?' (DbType = DateTimeOffset)], CommandType='Text', CommandTimeout='30']
      SELECT TOP(@__p_1) [f].[FulfilmentIntentId], [f].[AgentId], [f].[CreatedAt], [f].[Currency], [f].[DestinationReference], [f].[ExpiresAt], [f].[MerchantOrderId], [f].[Mode], [f].[PickupLocationId], [f].[PrincipalId], [f].[ProviderId], [f].[QuoteHash], [f].[QuoteId], [f].[TotalAmount], [f].[Version]
      FROM [FulfilmentIntents] AS [f]
      INNER JOIN [FulfilmentExecutions] AS [f0] ON [f].[FulfilmentIntentId] = [f0].[FulfilmentIntentId]
      WHERE [f0].[Status] IN (N'Unknown', N'Pending') AND ([f0].[NextReconciliationAt] IS NULL OR [f0].[NextReconciliationAt] <= @__now_0) AND [f0].[ReconciliationAttempts] < 8
      ORDER BY [f0].[UpdatedAt]
info: Microsoft.EntityFrameworkCore.Database.Command[20101]
      Executed DbCommand (4ms) [Parameters=[@__p_1='?' (DbType = Int32), @__now_0='?' (DbType = DateTimeOffset)], CommandType='Text', CommandTimeout='30']
      SELECT TOP(@__p_1) [f].[FulfilmentIntentId], [f].[AgentId], [f].[CreatedAt], [f].[Currency], [f].[DestinationReference], [f].[ExpiresAt], [f].[MerchantOrderId], [f].[Mode], [f].[PickupLocationId], [f].[PrincipalId], [f].[ProviderId], [f].[QuoteHash], [f].[QuoteId], [f].[TotalAmount], [f].[Version]
      FROM [FulfilmentIntents] AS [f]
      INNER JOIN [FulfilmentExecutions] AS [f0] ON [f].[FulfilmentIntentId] = [f0].[FulfilmentIntentId]
      WHERE [f0].[Status] IN (N'Unknown', N'Pending') AND ([f0].[NextReconciliationAt] IS NULL OR [f0].[NextReconciliationAt] <= @__now_0) AND [f0].[ReconciliationAttempts] < 8
      ORDER BY [f0].[UpdatedAt]
info: Microsoft.EntityFrameworkCore.Database.Command[20101]
      Executed DbCommand (7ms) [Parameters=[@__p_1='?' (DbType = Int32), @__now_0='?' (DbType = DateTimeOffset)], CommandType='Text', CommandTimeout='30']
      SELECT TOP(@__p_1) [f].[FulfilmentIntentId], [f].[AgentId], [f].[CreatedAt], [f].[Currency], [f].[DestinationReference], [f].[ExpiresAt], [f].[MerchantOrderId], [f].[Mode], [f].[PickupLocationId], [f].[PrincipalId], [f].[ProviderId], [f].[QuoteHash], [f].[QuoteId], [f].[TotalAmount], [f].[Version]
      FROM [FulfilmentIntents] AS [f]
      INNER JOIN [FulfilmentExecutions] AS [f0] ON [f].[FulfilmentIntentId] = [f0].[FulfilmentIntentId]
      WHERE [f0].[Status] IN (N'Unknown', N'Pending') AND ([f0].[NextReconciliationAt] IS NULL OR [f0].[NextReconciliationAt] <= @__now_0) AND [f0].[ReconciliationAttempts] < 8
      ORDER BY [f0].[UpdatedAt]
info: Microsoft.EntityFrameworkCore.Database.Command[20101]
      Executed DbCommand (1ms) [Parameters=[@__p_1='?' (DbType = Int32), @__now_0='?' (DbType = DateTimeOffset)], CommandType='Text', CommandTimeout='30']
      SELECT TOP(@__p_1) [f].[FulfilmentIntentId], [f].[AgentId], [f].[CreatedAt], [f].[Currency], [f].[DestinationReference], [f].[ExpiresAt], [f].[MerchantOrderId], [f].[Mode], [f].[PickupLocationId], [f].[PrincipalId], [f].[ProviderId], [f].[QuoteHash], [f].[QuoteId], [f].[TotalAmount], [f].[Version]
      FROM [FulfilmentIntents] AS [f]
      INNER JOIN [FulfilmentExecutions] AS [f0] ON [f].[FulfilmentIntentId] = [f0].[FulfilmentIntentId]
      WHERE [f0].[Status] IN (N'Unknown', N'Pending') AND ([f0].[NextReconciliationAt] IS NULL OR [f0].[NextReconciliationAt] <= @__now_0) AND [f0].[ReconciliationAttempts] < 8
      ORDER BY [f0].[UpdatedAt]
info: Microsoft.EntityFrameworkCore.Database.Command[20101]
      Executed DbCommand (9ms) [Parameters=[@__p_1='?' (DbType = Int32), @__now_0='?' (DbType = DateTimeOffset)], CommandType='Text', CommandTimeout='30']
      SELECT TOP(@__p_1) [f].[FulfilmentIntentId], [f].[AgentId], [f].[CreatedAt], [f].[Currency], [f].[DestinationReference], [f].[ExpiresAt], [f].[MerchantOrderId], [f].[Mode], [f].[PickupLocationId], [f].[PrincipalId], [f].[ProviderId], [f].[QuoteHash], [f].[QuoteId], [f].[TotalAmount], [f].[Version]
      FROM [FulfilmentIntents] AS [f]
      INNER JOIN [FulfilmentExecutions] AS [f0] ON [f].[FulfilmentIntentId] = [f0].[FulfilmentIntentId]
      WHERE [f0].[Status] IN (N'Unknown', N'Pending') AND ([f0].[NextReconciliationAt] IS NULL OR [f0].[NextReconciliationAt] <= @__now_0) AND [f0].[ReconciliationAttempts] < 8
      ORDER BY [f0].[UpdatedAt]
info: Microsoft.EntityFrameworkCore.Database.Command[20101]
      Executed DbCommand (1ms) [Parameters=[@__p_1='?' (DbType = Int32), @__now_0='?' (DbType = DateTimeOffset)], CommandType='Text', CommandTimeout='30']
      SELECT TOP(@__p_1) [f].[FulfilmentIntentId], [f].[AgentId], [f].[CreatedAt], [f].[Currency], [f].[DestinationReference], [f].[ExpiresAt], [f].[MerchantOrderId], [f].[Mode], [f].[PickupLocationId], [f].[PrincipalId], [f].[ProviderId], [f].[QuoteHash], [f].[QuoteId], [f].[TotalAmount], [f].[Version]
      FROM [FulfilmentIntents] AS [f]
      INNER JOIN [FulfilmentExecutions] AS [f0] ON [f].[FulfilmentIntentId] = [f0].[FulfilmentIntentId]
      WHERE [f0].[Status] IN (N'Unknown', N'Pending') AND ([f0].[NextReconciliationAt] IS NULL OR [f0].[NextReconciliationAt] <= @__now_0) AND [f0].[ReconciliationAttempts] < 8
      ORDER BY [f0].[UpdatedAt]
info: Microsoft.EntityFrameworkCore.Database.Command[20101]
      Executed DbCommand (14ms) [Parameters=[@__p_1='?' (DbType = Int32), @__now_0='?' (DbType = DateTimeOffset)], CommandType='Text', CommandTimeout='30']
      SELECT TOP(@__p_1) [f].[FulfilmentIntentId], [f].[AgentId], [f].[CreatedAt], [f].[Currency], [f].[DestinationReference], [f].[ExpiresAt], [f].[MerchantOrderId], [f].[Mode], [f].[PickupLocationId], [f].[PrincipalId], [f].[ProviderId], [f].[QuoteHash], [f].[QuoteId], [f].[TotalAmount], [f].[Version]
      FROM [FulfilmentIntents] AS [f]
      INNER JOIN [FulfilmentExecutions] AS [f0] ON [f].[FulfilmentIntentId] = [f0].[FulfilmentIntentId]
      WHERE [f0].[Status] IN (N'Unknown', N'Pending') AND ([f0].[NextReconciliationAt] IS NULL OR [f0].[NextReconciliationAt] <= @__now_0) AND [f0].[ReconciliationAttempts] < 8
      ORDER BY [f0].[UpdatedAt]
info: Microsoft.EntityFrameworkCore.Database.Command[20101]
      Executed DbCommand (1ms) [Parameters=[@__p_1='?' (DbType = Int32), @__now_0='?' (DbType = DateTimeOffset)], CommandType='Text', CommandTimeout='30']
      SELECT TOP(@__p_1) [f].[FulfilmentIntentId], [f].[AgentId], [f].[CreatedAt], [f].[Currency], [f].[DestinationReference], [f].[ExpiresAt], [f].[MerchantOrderId], [f].[Mode], [f].[PickupLocationId], [f].[PrincipalId], [f].[ProviderId], [f].[QuoteHash], [f].[QuoteId], [f].[TotalAmount], [f].[Version]
      FROM [FulfilmentIntents] AS [f]
      INNER JOIN [FulfilmentExecutions] AS [f0] ON [f].[FulfilmentIntentId] = [f0].[FulfilmentIntentId]
      WHERE [f0].[Status] IN (N'Unknown', N'Pending') AND ([f0].[NextReconciliationAt] IS NULL OR [f0].[NextReconciliationAt] <= @__now_0) AND [f0].[ReconciliationAttempts] < 8
      ORDER BY [f0].[UpdatedAt]
info: Microsoft.EntityFrameworkCore.Database.Command[20101]
      Executed DbCommand (11ms) [Parameters=[@__p_1='?' (DbType = Int32), @__now_0='?' (DbType = DateTimeOffset)], CommandType='Text', CommandTimeout='30']
      SELECT TOP(@__p_1) [f].[FulfilmentIntentId], [f].[AgentId], [f].[CreatedAt], [f].[Currency], [f].[DestinationReference], [f].[ExpiresAt], [f].[MerchantOrderId], [f].[Mode], [f].[PickupLocationId], [f].[PrincipalId], [f].[ProviderId], [f].[QuoteHash], [f].[QuoteId], [f].[TotalAmount], [f].[Version]
      FROM [FulfilmentIntents] AS [f]
      INNER JOIN [FulfilmentExecutions] AS [f0] ON [f].[FulfilmentIntentId] = [f0].[FulfilmentIntentId]
      WHERE [f0].[Status] IN (N'Unknown', N'Pending') AND ([f0].[NextReconciliationAt] IS NULL OR [f0].[NextReconciliationAt] <= @__now_0) AND [f0].[ReconciliationAttempts] < 8
      ORDER BY [f0].[UpdatedAt]
info: Microsoft.EntityFrameworkCore.Database.Command[20101]
      Executed DbCommand (12ms) [Parameters=[@__p_1='?' (DbType = Int32), @__now_0='?' (DbType = DateTimeOffset)], CommandType='Text', CommandTimeout='30']
      SELECT TOP(@__p_1) [f].[FulfilmentIntentId], [f].[AgentId], [f].[CreatedAt], [f].[Currency], [f].[DestinationReference], [f].[ExpiresAt], [f].[MerchantOrderId], [f].[Mode], [f].[PickupLocationId], [f].[PrincipalId], [f].[ProviderId], [f].[QuoteHash], [f].[QuoteId], [f].[TotalAmount], [f].[Version]
      FROM [FulfilmentIntents] AS [f]
      INNER JOIN [FulfilmentExecutions] AS [f0] ON [f].[FulfilmentIntentId] = [f0].[FulfilmentIntentId]
      WHERE [f0].[Status] IN (N'Unknown', N'Pending') AND ([f0].[NextReconciliationAt] IS NULL OR [f0].[NextReconciliationAt] <= @__now_0) AND [f0].[ReconciliationAttempts] < 8
      ORDER BY [f0].[UpdatedAt]
info: Microsoft.EntityFrameworkCore.Database.Command[20101]
      Executed DbCommand (4ms) [Parameters=[@__p_1='?' (DbType = Int32), @__now_0='?' (DbType = DateTimeOffset)], CommandType='Text', CommandTimeout='30']
      SELECT TOP(@__p_1) [f].[FulfilmentIntentId], [f].[AgentId], [f].[CreatedAt], [f].[Currency], [f].[DestinationReference], [f].[ExpiresAt], [f].[MerchantOrderId], [f].[Mode], [f].[PickupLocationId], [f].[PrincipalId], [f].[ProviderId], [f].[QuoteHash], [f].[QuoteId], [f].[TotalAmount], [f].[Version]
      FROM [FulfilmentIntents] AS [f]
      INNER JOIN [FulfilmentExecutions] AS [f0] ON [f].[FulfilmentIntentId] = [f0].[FulfilmentIntentId]
      WHERE [f0].[Status] IN (N'Unknown', N'Pending') AND ([f0].[NextReconciliationAt] IS NULL OR [f0].[NextReconciliationAt] <= @__now_0) AND [f0].[ReconciliationAttempts] < 8
      ORDER BY [f0].[UpdatedAt]
info: Microsoft.EntityFrameworkCore.Database.Command[20101]
      Executed DbCommand (9ms) [Parameters=[@__p_1='?' (DbType = Int32), @__now_0='?' (DbType = DateTimeOffset)], CommandType='Text', CommandTimeout='30']
      SELECT TOP(@__p_1) [f].[FulfilmentIntentId], [f].[AgentId], [f].[CreatedAt], [f].[Currency], [f].[DestinationReference], [f].[ExpiresAt], [f].[MerchantOrderId], [f].[Mode], [f].[PickupLocationId], [f].[PrincipalId], [f].[ProviderId], [f].[QuoteHash], [f].[QuoteId], [f].[TotalAmount], [f].[Version]
      FROM [FulfilmentIntents] AS [f]
      INNER JOIN [FulfilmentExecutions] AS [f0] ON [f].[FulfilmentIntentId] = [f0].[FulfilmentIntentId]
      WHERE [f0].[Status] IN (N'Unknown', N'Pending') AND ([f0].[NextReconciliationAt] IS NULL OR [f0].[NextReconciliationAt] <= @__now_0) AND [f0].[ReconciliationAttempts] < 8
      ORDER BY [f0].[UpdatedAt]
info: Microsoft.EntityFrameworkCore.Database.Command[20101]
      Executed DbCommand (6ms) [Parameters=[@__p_1='?' (DbType = Int32), @__now_0='?' (DbType = DateTimeOffset)], CommandType='Text', CommandTimeout='30']
      SELECT TOP(@__p_1) [f].[FulfilmentIntentId], [f].[AgentId], [f].[CreatedAt], [f].[Currency], [f].[DestinationReference], [f].[ExpiresAt], [f].[MerchantOrderId], [f].[Mode], [f].[PickupLocationId], [f].[PrincipalId], [f].[ProviderId], [f].[QuoteHash], [f].[QuoteId], [f].[TotalAmount], [f].[Version]
      FROM [FulfilmentIntents] AS [f]
      INNER JOIN [FulfilmentExecutions] AS [f0] ON [f].[FulfilmentIntentId] = [f0].[FulfilmentIntentId]
      WHERE [f0].[Status] IN (N'Unknown', N'Pending') AND ([f0].[NextReconciliationAt] IS NULL OR [f0].[NextReconciliationAt] <= @__now_0) AND [f0].[ReconciliationAttempts] < 8
      ORDER BY [f0].[UpdatedAt]
info: Microsoft.EntityFrameworkCore.Database.Command[20101]
      Executed DbCommand (6ms) [Parameters=[@__p_1='?' (DbType = Int32), @__now_0='?' (DbType = DateTimeOffset)], CommandType='Text', CommandTimeout='30']
      SELECT TOP(@__p_1) [f].[FulfilmentIntentId], [f].[AgentId], [f].[CreatedAt], [f].[Currency], [f].[DestinationReference], [f].[ExpiresAt], [f].[MerchantOrderId], [f].[Mode], [f].[PickupLocationId], [f].[PrincipalId], [f].[ProviderId], [f].[QuoteHash], [f].[QuoteId], [f].[TotalAmount], [f].[Version]
      FROM [FulfilmentIntents] AS [f]
      INNER JOIN [FulfilmentExecutions] AS [f0] ON [f].[FulfilmentIntentId] = [f0].[FulfilmentIntentId]
      WHERE [f0].[Status] IN (N'Unknown', N'Pending') AND ([f0].[NextReconciliationAt] IS NULL OR [f0].[NextReconciliationAt] <= @__now_0) AND [f0].[ReconciliationAttempts] < 8
      ORDER BY [f0].[UpdatedAt]
info: Microsoft.EntityFrameworkCore.Database.Command[20101]
      Executed DbCommand (6ms) [Parameters=[@__p_1='?' (DbType = Int32), @__now_0='?' (DbType = DateTimeOffset)], CommandType='Text', CommandTimeout='30']
      SELECT TOP(@__p_1) [f].[FulfilmentIntentId], [f].[AgentId], [f].[CreatedAt], [f].[Currency], [f].[DestinationReference], [f].[ExpiresAt], [f].[MerchantOrderId], [f].[Mode], [f].[PickupLocationId], [f].[PrincipalId], [f].[ProviderId], [f].[QuoteHash], [f].[QuoteId], [f].[TotalAmount], [f].[Version]
      FROM [FulfilmentIntents] AS [f]
      INNER JOIN [FulfilmentExecutions] AS [f0] ON [f].[FulfilmentIntentId] = [f0].[FulfilmentIntentId]
      WHERE [f0].[Status] IN (N'Unknown', N'Pending') AND ([f0].[NextReconciliationAt] IS NULL OR [f0].[NextReconciliationAt] <= @__now_0) AND [f0].[ReconciliationAttempts] < 8
      ORDER BY [f0].[UpdatedAt]
info: Microsoft.EntityFrameworkCore.Database.Command[20101]
      Executed DbCommand (13ms) [Parameters=[@__p_1='?' (DbType = Int32), @__now_0='?' (DbType = DateTimeOffset)], CommandType='Text', CommandTimeout='30']
      SELECT TOP(@__p_1) [f].[FulfilmentIntentId], [f].[AgentId], [f].[CreatedAt], [f].[Currency], [f].[DestinationReference], [f].[ExpiresAt], [f].[MerchantOrderId], [f].[Mode], [f].[PickupLocationId], [f].[PrincipalId], [f].[ProviderId], [f].[QuoteHash], [f].[QuoteId], [f].[TotalAmount], [f].[Version]
      FROM [FulfilmentIntents] AS [f]
      INNER JOIN [FulfilmentExecutions] AS [f0] ON [f].[FulfilmentIntentId] = [f0].[FulfilmentIntentId]
      WHERE [f0].[Status] IN (N'Unknown', N'Pending') AND ([f0].[NextReconciliationAt] IS NULL OR [f0].[NextReconciliationAt] <= @__now_0) AND [f0].[ReconciliationAttempts] < 8
      ORDER BY [f0].[UpdatedAt]
info: Microsoft.EntityFrameworkCore.Database.Command[20101]
      Executed DbCommand (12ms) [Parameters=[@__p_1='?' (DbType = Int32), @__now_0='?' (DbType = DateTimeOffset)], CommandType='Text', CommandTimeout='30']
      SELECT TOP(@__p_1) [f].[FulfilmentIntentId], [f].[AgentId], [f].[CreatedAt], [f].[Currency], [f].[DestinationReference], [f].[ExpiresAt], [f].[MerchantOrderId], [f].[Mode], [f].[PickupLocationId], [f].[PrincipalId], [f].[ProviderId], [f].[QuoteHash], [f].[QuoteId], [f].[TotalAmount], [f].[Version]
      FROM [FulfilmentIntents] AS [f]
      INNER JOIN [FulfilmentExecutions] AS [f0] ON [f].[FulfilmentIntentId] = [f0].[FulfilmentIntentId]
      WHERE [f0].[Status] IN (N'Unknown', N'Pending') AND ([f0].[NextReconciliationAt] IS NULL OR [f0].[NextReconciliationAt] <= @__now_0) AND [f0].[ReconciliationAttempts] < 8
      ORDER BY [f0].[UpdatedAt]
info: Microsoft.EntityFrameworkCore.Database.Command[20101]
      Executed DbCommand (4ms) [Parameters=[@__p_1='?' (DbType = Int32), @__now_0='?' (DbType = DateTimeOffset)], CommandType='Text', CommandTimeout='30']
      SELECT TOP(@__p_1) [f].[FulfilmentIntentId], [f].[AgentId], [f].[CreatedAt], [f].[Currency], [f].[DestinationReference], [f].[ExpiresAt], [f].[MerchantOrderId], [f].[Mode], [f].[PickupLocationId], [f].[PrincipalId], [f].[ProviderId], [f].[QuoteHash], [f].[QuoteId], [f].[TotalAmount], [f].[Version]
      FROM [FulfilmentIntents] AS [f]
      INNER JOIN [FulfilmentExecutions] AS [f0] ON [f].[FulfilmentIntentId] = [f0].[FulfilmentIntentId]
      WHERE [f0].[Status] IN (N'Unknown', N'Pending') AND ([f0].[NextReconciliationAt] IS NULL OR [f0].[NextReconciliationAt] <= @__now_0) AND [f0].[ReconciliationAttempts] < 8
      ORDER BY [f0].[UpdatedAt]
info: Microsoft.EntityFrameworkCore.Database.Command[20101]
      Executed DbCommand (6ms) [Parameters=[@__p_1='?' (DbType = Int32), @__now_0='?' (DbType = DateTimeOffset)], CommandType='Text', CommandTimeout='30']
      SELECT TOP(@__p_1) [f].[FulfilmentIntentId], [f].[AgentId], [f].[CreatedAt], [f].[Currency], [f].[DestinationReference], [f].[ExpiresAt], [f].[MerchantOrderId], [f].[Mode], [f].[PickupLocationId], [f].[PrincipalId], [f].[ProviderId], [f].[QuoteHash], [f].[QuoteId], [f].[TotalAmount], [f].[Version]
      FROM [FulfilmentIntents] AS [f]
      INNER JOIN [FulfilmentExecutions] AS [f0] ON [f].[FulfilmentIntentId] = [f0].[FulfilmentIntentId]
      WHERE [f0].[Status] IN (N'Unknown', N'Pending') AND ([f0].[NextReconciliationAt] IS NULL OR [f0].[NextReconciliationAt] <= @__now_0) AND [f0].[ReconciliationAttempts] < 8
      ORDER BY [f0].[UpdatedAt]
info: Microsoft.EntityFrameworkCore.Database.Command[20101]
      Executed DbCommand (20ms) [Parameters=[@__provider_0='?' (Size = 128), @__key_1='?' (Size = 256)], CommandType='Text', CommandTimeout='30']
      SELECT TOP(2) [a].[UserId]
      FROM [AspNetUserLogins] AS [a]
      WHERE [a].[LoginProvider] = @__provider_0 AND [a].[ProviderKey] = @__key_1
info: Microsoft.EntityFrameworkCore.Database.Command[20101]
      Executed DbCommand (14ms) [Parameters=[@__id_0='?' (Size = 128)], CommandType='Text', CommandTimeout='30']
      SELECT TOP(2) [a].[Id], [a].[AccessFailedCount], [a].[ConcurrencyStamp], [a].[CreatedAt], [a].[Email], [a].[EmailConfirmed], [a].[ExternalIssuer], [a].[ExternalSubject], [a].[LockoutEnabled], [a].[LockoutEnd], [a].[NormalizedEmail], [a].[NormalizedUserName], [a].[PasswordHash], [a].[PhoneNumber], [a].[PhoneNumberConfirmed], [a].[PrincipalId], [a].[SecurityStamp], [a].[TwoFactorEnabled], [a].[UserName], [a].[Version]
      FROM [AspNetUsers] AS [a]
      WHERE [a].[Id] = @__id_0
info: Microsoft.EntityFrameworkCore.Database.Command[20101]
      Executed DbCommand (1ms) [Parameters=[@__provider_0='?' (Size = 128), @__key_1='?' (Size = 256)], CommandType='Text', CommandTimeout='30']
      SELECT TOP(2) [a].[UserId]
      FROM [AspNetUserLogins] AS [a]
      WHERE [a].[LoginProvider] = @__provider_0 AND [a].[ProviderKey] = @__key_1
info: Microsoft.EntityFrameworkCore.Database.Command[20101]
      Executed DbCommand (0ms) [Parameters=[@__id_0='?' (Size = 128)], CommandType='Text', CommandTimeout='30']
      SELECT TOP(2) [a].[Id], [a].[AccessFailedCount], [a].[ConcurrencyStamp], [a].[CreatedAt], [a].[Email], [a].[EmailConfirmed], [a].[ExternalIssuer], [a].[ExternalSubject], [a].[LockoutEnabled], [a].[LockoutEnd], [a].[NormalizedEmail], [a].[NormalizedUserName], [a].[PasswordHash], [a].[PhoneNumber], [a].[PhoneNumberConfirmed], [a].[PrincipalId], [a].[SecurityStamp], [a].[TwoFactorEnabled], [a].[UserName], [a].[Version]
      FROM [AspNetUsers] AS [a]
      WHERE [a].[Id] = @__id_0
info: Microsoft.EntityFrameworkCore.Database.Command[20101]
      Executed DbCommand (0ms) [Parameters=[@__provider_0='?' (Size = 128), @__key_1='?' (Size = 256)], CommandType='Text', CommandTimeout='30']
      SELECT TOP(2) [a].[UserId]
      FROM [AspNetUserLogins] AS [a]
      WHERE [a].[LoginProvider] = @__provider_0 AND [a].[ProviderKey] = @__key_1
info: Microsoft.EntityFrameworkCore.Database.Command[20101]
      Executed DbCommand (0ms) [Parameters=[@__provider_0='?' (Size = 128), @__key_1='?' (Size = 256)], CommandType='Text', CommandTimeout='30']
      SELECT TOP(2) [a].[UserId]
      FROM [AspNetUserLogins] AS [a]
      WHERE [a].[LoginProvider] = @__provider_0 AND [a].[ProviderKey] = @__key_1
info: Microsoft.EntityFrameworkCore.Database.Command[20101]
      Executed DbCommand (0ms) [Parameters=[@__id_0='?' (Size = 128)], CommandType='Text', CommandTimeout='30']
      SELECT TOP(2) [a].[Id], [a].[AccessFailedCount], [a].[ConcurrencyStamp], [a].[CreatedAt], [a].[Email], [a].[EmailConfirmed], [a].[ExternalIssuer], [a].[ExternalSubject], [a].[LockoutEnabled], [a].[LockoutEnd], [a].[NormalizedEmail], [a].[NormalizedUserName], [a].[PasswordHash], [a].[PhoneNumber], [a].[PhoneNumberConfirmed], [a].[PrincipalId], [a].[SecurityStamp], [a].[TwoFactorEnabled], [a].[UserName], [a].[Version]
      FROM [AspNetUsers] AS [a]
      WHERE [a].[Id] = @__id_0
info: Microsoft.EntityFrameworkCore.Database.Command[20101]
      Executed DbCommand (8ms) [Parameters=[], CommandType='Text', CommandTimeout='30']
      SELECT [a].[SequenceNumber], [a].[AgentId], [a].[AuthorityId], [a].[CurrentHash], [a].[PolicyVersion], [a].[PreviousHash], [a].[PrincipalId], [a].[RecordJson], [a].[Timestamp], [a].[TransactionId]
      FROM [AuditRecords] AS [a]
      ORDER BY [a].[SequenceNumber]
info: Microsoft.EntityFrameworkCore.Database.Command[20101]
      Executed DbCommand (1ms) [Parameters=[@__provider_0='?' (Size = 128), @__key_1='?' (Size = 256)], CommandType='Text', CommandTimeout='30']
      SELECT TOP(2) [a].[UserId]
      FROM [AspNetUserLogins] AS [a]
      WHERE [a].[LoginProvider] = @__provider_0 AND [a].[ProviderKey] = @__key_1
info: Microsoft.EntityFrameworkCore.Database.Command[20101]
      Executed DbCommand (6ms) [Parameters=[@__id_0='?' (Size = 450)], CommandType='Text', CommandTimeout='30']
      SELECT [c].[PaymentMethodId], [c].[CardBrand], [c].[ExpiryMonth], [c].[ExpiryYear], [c].[Last4], [c].[PrincipalId], [c].[Provider], [c].[ProviderCustomerReference], [c].[ProviderToken], [c].[Status], [c].[Version]
      FROM [ConsumerPaymentMethods] AS [c]
      WHERE [c].[PrincipalId] = @__id_0
info: Microsoft.EntityFrameworkCore.Database.Command[20101]
      Executed DbCommand (0ms) [Parameters=[@__id_0='?' (Size = 128)], CommandType='Text', CommandTimeout='30']
      SELECT TOP(2) [a].[Id], [a].[AccessFailedCount], [a].[ConcurrencyStamp], [a].[CreatedAt], [a].[Email], [a].[EmailConfirmed], [a].[ExternalIssuer], [a].[ExternalSubject], [a].[LockoutEnabled], [a].[LockoutEnd], [a].[NormalizedEmail], [a].[NormalizedUserName], [a].[PasswordHash], [a].[PhoneNumber], [a].[PhoneNumberConfirmed], [a].[PrincipalId], [a].[SecurityStamp], [a].[TwoFactorEnabled], [a].[UserName], [a].[Version]
      FROM [AspNetUsers] AS [a]
      WHERE [a].[Id] = @__id_0
info: Microsoft.EntityFrameworkCore.Database.Command[20101]
      Executed DbCommand (0ms) [Parameters=[], CommandType='Text', CommandTimeout='30']
      SELECT [a].[SequenceNumber], [a].[AgentId], [a].[AuthorityId], [a].[CurrentHash], [a].[PolicyVersion], [a].[PreviousHash], [a].[PrincipalId], [a].[RecordJson], [a].[Timestamp], [a].[TransactionId]
      FROM [AuditRecords] AS [a]
      ORDER BY [a].[SequenceNumber]
info: Microsoft.EntityFrameworkCore.Database.Command[20101]
      Executed DbCommand (0ms) [Parameters=[@__id_0='?' (Size = 128)], CommandType='Text', CommandTimeout='30']
      SELECT TOP(2) [a].[Id], [a].[AccessFailedCount], [a].[ConcurrencyStamp], [a].[CreatedAt], [a].[Email], [a].[EmailConfirmed], [a].[ExternalIssuer], [a].[ExternalSubject], [a].[LockoutEnabled], [a].[LockoutEnd], [a].[NormalizedEmail], [a].[NormalizedUserName], [a].[PasswordHash], [a].[PhoneNumber], [a].[PhoneNumberConfirmed], [a].[PrincipalId], [a].[SecurityStamp], [a].[TwoFactorEnabled], [a].[UserName], [a].[Version]
      FROM [AspNetUsers] AS [a]
      WHERE [a].[Id] = @__id_0
info: Microsoft.EntityFrameworkCore.Database.Command[20101]
      Executed DbCommand (1ms) [Parameters=[@__provider_0='?' (Size = 128), @__key_1='?' (Size = 256)], CommandType='Text', CommandTimeout='30']
      SELECT TOP(2) [a].[UserId]
      FROM [AspNetUserLogins] AS [a]
      WHERE [a].[LoginProvider] = @__provider_0 AND [a].[ProviderKey] = @__key_1
info: Microsoft.EntityFrameworkCore.Database.Command[20101]
      Executed DbCommand (0ms) [Parameters=[], CommandType='Text', CommandTimeout='30']
      SELECT [a].[SequenceNumber], [a].[AgentId], [a].[AuthorityId], [a].[CurrentHash], [a].[PolicyVersion], [a].[PreviousHash], [a].[PrincipalId], [a].[RecordJson], [a].[Timestamp], [a].[TransactionId]
      FROM [AuditRecords] AS [a]
      ORDER BY [a].[SequenceNumber]
info: Microsoft.EntityFrameworkCore.Database.Command[20101]
      Executed DbCommand (0ms) [Parameters=[@__id_0='?' (Size = 128)], CommandType='Text', CommandTimeout='30']
      SELECT TOP(2) [a].[Id], [a].[AccessFailedCount], [a].[ConcurrencyStamp], [a].[CreatedAt], [a].[Email], [a].[EmailConfirmed], [a].[ExternalIssuer], [a].[ExternalSubject], [a].[LockoutEnabled], [a].[LockoutEnd], [a].[NormalizedEmail], [a].[NormalizedUserName], [a].[PasswordHash], [a].[PhoneNumber], [a].[PhoneNumberConfirmed], [a].[PrincipalId], [a].[SecurityStamp], [a].[TwoFactorEnabled], [a].[UserName], [a].[Version]
      FROM [AspNetUsers] AS [a]
      WHERE [a].[Id] = @__id_0
info: Microsoft.EntityFrameworkCore.Database.Command[20101]
      Executed DbCommand (1ms) [Parameters=[], CommandType='Text', CommandTimeout='30']
      SELECT [a].[SequenceNumber], [a].[AgentId], [a].[AuthorityId], [a].[CurrentHash], [a].[PolicyVersion], [a].[PreviousHash], [a].[PrincipalId], [a].[RecordJson], [a].[Timestamp], [a].[TransactionId]
      FROM [AuditRecords] AS [a]
      ORDER BY [a].[SequenceNumber]
info: Microsoft.EntityFrameworkCore.Database.Command[20101]
      Executed DbCommand (0ms) [Parameters=[@__provider_0='?' (Size = 128), @__key_1='?' (Size = 256)], CommandType='Text', CommandTimeout='30']
      SELECT TOP(2) [a].[UserId]
      FROM [AspNetUserLogins] AS [a]
      WHERE [a].[LoginProvider] = @__provider_0 AND [a].[ProviderKey] = @__key_1
info: Microsoft.EntityFrameworkCore.Database.Command[20101]
      Executed DbCommand (0ms) [Parameters=[@__id_0='?' (Size = 128)], CommandType='Text', CommandTimeout='30']
      SELECT TOP(2) [a].[Id], [a].[AccessFailedCount], [a].[ConcurrencyStamp], [a].[CreatedAt], [a].[Email], [a].[EmailConfirmed], [a].[ExternalIssuer], [a].[ExternalSubject], [a].[LockoutEnabled], [a].[LockoutEnd], [a].[NormalizedEmail], [a].[NormalizedUserName], [a].[PasswordHash], [a].[PhoneNumber], [a].[PhoneNumberConfirmed], [a].[PrincipalId], [a].[SecurityStamp], [a].[TwoFactorEnabled], [a].[UserName], [a].[Version]
      FROM [AspNetUsers] AS [a]
      WHERE [a].[Id] = @__id_0
info: Microsoft.EntityFrameworkCore.Database.Command[20101]
      Executed DbCommand (0ms) [Parameters=[], CommandType='Text', CommandTimeout='30']
      SELECT [a].[SequenceNumber], [a].[AgentId], [a].[AuthorityId], [a].[CurrentHash], [a].[PolicyVersion], [a].[PreviousHash], [a].[PrincipalId], [a].[RecordJson], [a].[Timestamp], [a].[TransactionId]
      FROM [AuditRecords] AS [a]
      ORDER BY [a].[SequenceNumber]
info: Microsoft.EntityFrameworkCore.Database.Command[20101]
      Executed DbCommand (5ms) [Parameters=[@__principalId_0='?' (Size = 128)], CommandType='Text', CommandTimeout='30']
      SELECT TOP(2) [a].[Id], [a].[AccessFailedCount], [a].[ConcurrencyStamp], [a].[CreatedAt], [a].[Email], [a].[EmailConfirmed], [a].[ExternalIssuer], [a].[ExternalSubject], [a].[LockoutEnabled], [a].[LockoutEnd], [a].[NormalizedEmail], [a].[NormalizedUserName], [a].[PasswordHash], [a].[PhoneNumber], [a].[PhoneNumberConfirmed], [a].[PrincipalId], [a].[SecurityStamp], [a].[TwoFactorEnabled], [a].[UserName], [a].[Version]
      FROM [AspNetUsers] AS [a]
      WHERE [a].[PrincipalId] = @__principalId_0
info: Microsoft.EntityFrameworkCore.Database.Command[20101]
      Executed DbCommand (9ms) [Parameters=[@__principal_0='?' (Size = 450)], CommandType='Text', CommandTimeout='30']
      SELECT [c].[TaskId], [c].[AgentId], [c].[CreatedAt], [c].[Currency], [c].[MandateId], [c].[MandateVersion], [c].[MaximumAmount], [c].[MerchantScopeJson], [c].[NextExecutionAt], [c].[PaymentMethodId], [c].[PreferencesJson], [c].[PrincipalId], [c].[RecipientId], [c].[Schedule], [c].[ShoppingListJson], [c].[Status], [c].[Timezone], [c].[UpdatedAt], [c].[Version]
      FROM [ConsumerPurchaseTasks] AS [c]
      WHERE [c].[PrincipalId] = @__principal_0
info: Microsoft.EntityFrameworkCore.Database.Command[20101]
      Executed DbCommand (9ms) [Parameters=[@__id_0='?' (Size = 450)], CommandType='Text', CommandTimeout='30']
      SELECT [f].[MandateId], [f].[Version], [f].[AboveLimit], [f].[AgentId], [f].[ConcurrencyVersion], [f].[CreatedAt], [f].[Currency], [f].[DailyLimit], [f].[EffectiveFrom], [f].[ExpiresAt], [f].[Merchant], [f].[MonthlyLimit], [f].[PaymentMethodId], [f].[PerTransactionLimit], [f].[PrincipalId], [f].[Purpose], [f].[Status], [f].[SupersedesMandateId], [f].[TaskParametersJson], [f].[WeeklyLimit]
      FROM [FinancialMandates] AS [f]
      WHERE [f].[PrincipalId] = @__id_0
info: Microsoft.EntityFrameworkCore.Database.Command[20101]
      Executed DbCommand (2ms) [Parameters=[@__provider_0='?' (Size = 128), @__key_1='?' (Size = 256)], CommandType='Text', CommandTimeout='30']
      SELECT TOP(2) [a].[UserId]
      FROM [AspNetUserLogins] AS [a]
      WHERE [a].[LoginProvider] = @__provider_0 AND [a].[ProviderKey] = @__key_1
info: Microsoft.EntityFrameworkCore.Database.Command[20101]
      Executed DbCommand (0ms) [Parameters=[@__id_0='?' (Size = 128)], CommandType='Text', CommandTimeout='30']
      SELECT TOP(2) [a].[Id], [a].[AccessFailedCount], [a].[ConcurrencyStamp], [a].[CreatedAt], [a].[Email], [a].[EmailConfirmed], [a].[ExternalIssuer], [a].[ExternalSubject], [a].[LockoutEnabled], [a].[LockoutEnd], [a].[NormalizedEmail], [a].[NormalizedUserName], [a].[PasswordHash], [a].[PhoneNumber], [a].[PhoneNumberConfirmed], [a].[PrincipalId], [a].[SecurityStamp], [a].[TwoFactorEnabled], [a].[UserName], [a].[Version]
      FROM [AspNetUsers] AS [a]
      WHERE [a].[Id] = @__id_0
info: Microsoft.EntityFrameworkCore.Database.Command[20101]
      Executed DbCommand (9ms) [Parameters=[@__principalId_0='?' (Size = 4000)], CommandType='Text', CommandTimeout='30']
      SELECT [a].[AgentId], [a].[AgentType], [a].[CredentialStatus], [a].[Environment], [a].[ExpiresAt], [a].[IssuedAt], [a].[IssuerTrustAnchor], [a].[PrincipalId]
      FROM [Agents] AS [a]
      WHERE [a].[PrincipalId] = @__principalId_0
info: Microsoft.EntityFrameworkCore.Database.Command[20101]
      Executed DbCommand (1ms) [Parameters=[], CommandType='Text', CommandTimeout='30']
      SELECT [a].[SequenceNumber], [a].[AgentId], [a].[AuthorityId], [a].[CurrentHash], [a].[PolicyVersion], [a].[PreviousHash], [a].[PrincipalId], [a].[RecordJson], [a].[Timestamp], [a].[TransactionId]
      FROM [AuditRecords] AS [a]
      ORDER BY [a].[SequenceNumber]
info: Microsoft.EntityFrameworkCore.Database.Command[20101]
      Executed DbCommand (9ms) [Parameters=[@__principal_0='?' (Size = 450)], CommandType='Text', CommandTimeout='30']
      SELECT [p].[ExecutionId], [p].[CreatedAt], [p].[PrincipalId], [p].[ProviderPaymentId], [p].[PurchaseIntentId], [p].[ReasonsJson], [p].[RequiredAction], [p].[ScheduledFor], [p].[State], [p].[TaskId], [p].[TransactionId], [p].[UpdatedAt], [p].[Version]
      FROM [PurchaseExecutions] AS [p]
      WHERE [p].[PrincipalId] = @__principal_0
info: Microsoft.EntityFrameworkCore.Database.Command[20101]
      Executed DbCommand (4ms) [Parameters=[@__principal_0='?' (Size = 450), @__now_1='?' (DbType = DateTimeOffset)], CommandType='Text', CommandTimeout='30']
      SELECT [c].[MemoryId], [c].[Confidence], [c].[Content], [c].[CreatedAt], [c].[Deleted], [c].[ExpiresAt], [c].[Kind], [c].[Polarity], [c].[PrincipalId], [c].[Provenance], [c].[SourceConversationId], [c].[SourcePurchaseIntentId], [c].[Subject], [c].[UpdatedAt], [c].[Version]
      FROM [ConsumerMemories] AS [c]
      WHERE [c].[PrincipalId] = @__principal_0 AND [c].[Deleted] = CAST(0 AS bit) AND ([c].[ExpiresAt] IS NULL OR [c].[ExpiresAt] > @__now_1)
info: Microsoft.EntityFrameworkCore.Database.Command[20101]
      Executed DbCommand (1ms) [Parameters=[@__provider_0='?' (Size = 128), @__key_1='?' (Size = 256)], CommandType='Text', CommandTimeout='30']
      SELECT TOP(2) [a].[UserId]
      FROM [AspNetUserLogins] AS [a]
      WHERE [a].[LoginProvider] = @__provider_0 AND [a].[ProviderKey] = @__key_1
info: Microsoft.EntityFrameworkCore.Database.Command[20101]
      Executed DbCommand (0ms) [Parameters=[@__id_0='?' (Size = 128)], CommandType='Text', CommandTimeout='30']
      SELECT TOP(2) [a].[Id], [a].[AccessFailedCount], [a].[ConcurrencyStamp], [a].[CreatedAt], [a].[Email], [a].[EmailConfirmed], [a].[ExternalIssuer], [a].[ExternalSubject], [a].[LockoutEnabled], [a].[LockoutEnd], [a].[NormalizedEmail], [a].[NormalizedUserName], [a].[PasswordHash], [a].[PhoneNumber], [a].[PhoneNumberConfirmed], [a].[PrincipalId], [a].[SecurityStamp], [a].[TwoFactorEnabled], [a].[UserName], [a].[Version]
      FROM [AspNetUsers] AS [a]
      WHERE [a].[Id] = @__id_0
info: Microsoft.EntityFrameworkCore.Database.Command[20101]
      Executed DbCommand (0ms) [Parameters=[@__id_0='?' (Size = 450)], CommandType='Text', CommandTimeout='30']
      SELECT [c].[PaymentMethodId], [c].[CardBrand], [c].[ExpiryMonth], [c].[ExpiryYear], [c].[Last4], [c].[PrincipalId], [c].[Provider], [c].[ProviderCustomerReference], [c].[ProviderToken], [c].[Status], [c].[Version]
      FROM [ConsumerPaymentMethods] AS [c]
      WHERE [c].[PrincipalId] = @__id_0
info: Microsoft.EntityFrameworkCore.Database.Command[20101]
      Executed DbCommand (0ms) [Parameters=[], CommandType='Text', CommandTimeout='30']
      SELECT [a].[SequenceNumber], [a].[AgentId], [a].[AuthorityId], [a].[CurrentHash], [a].[PolicyVersion], [a].[PreviousHash], [a].[PrincipalId], [a].[RecordJson], [a].[Timestamp], [a].[TransactionId]
      FROM [AuditRecords] AS [a]
      ORDER BY [a].[SequenceNumber]
info: Microsoft.EntityFrameworkCore.Database.Command[20101]
      Executed DbCommand (1ms) [Parameters=[@__id_0='?' (Size = 450)], CommandType='Text', CommandTimeout='30']
      SELECT [f].[MandateId], [f].[Version], [f].[AboveLimit], [f].[AgentId], [f].[ConcurrencyVersion], [f].[CreatedAt], [f].[Currency], [f].[DailyLimit], [f].[EffectiveFrom], [f].[ExpiresAt], [f].[Merchant], [f].[MonthlyLimit], [f].[PaymentMethodId], [f].[PerTransactionLimit], [f].[PrincipalId], [f].[Purpose], [f].[Status], [f].[SupersedesMandateId], [f].[TaskParametersJson], [f].[WeeklyLimit]
      FROM [FinancialMandates] AS [f]
      WHERE [f].[PrincipalId] = @__id_0
info: Microsoft.EntityFrameworkCore.Database.Command[20101]
      Executed DbCommand (3ms) [Parameters=[@__principal_0='?' (Size = 450)], CommandType='Text', CommandTimeout='30']
      SELECT TOP(2) [c].[PrincipalId], [c].[AskBeforeSubstitutions], [c].[InteractionMode], [c].[ShowBasketBeforePayment], [c].[UpdatedAt], [c].[Version]
      FROM [ConsumerConversationPolicies] AS [c]
      WHERE [c].[PrincipalId] = @__principal_0
info: Microsoft.EntityFrameworkCore.Database.Command[20101]
      Executed DbCommand (0ms) [Parameters=[@__provider_0='?' (Size = 128), @__key_1='?' (Size = 256)], CommandType='Text', CommandTimeout='30']
      SELECT TOP(2) [a].[UserId]
      FROM [AspNetUserLogins] AS [a]
      WHERE [a].[LoginProvider] = @__provider_0 AND [a].[ProviderKey] = @__key_1
info: Microsoft.EntityFrameworkCore.Database.Command[20101]
      Executed DbCommand (0ms) [Parameters=[@__id_0='?' (Size = 128)], CommandType='Text', CommandTimeout='30']
      SELECT TOP(2) [a].[Id], [a].[AccessFailedCount], [a].[ConcurrencyStamp], [a].[CreatedAt], [a].[Email], [a].[EmailConfirmed], [a].[ExternalIssuer], [a].[ExternalSubject], [a].[LockoutEnabled], [a].[LockoutEnd], [a].[NormalizedEmail], [a].[NormalizedUserName], [a].[PasswordHash], [a].[PhoneNumber], [a].[PhoneNumberConfirmed], [a].[PrincipalId], [a].[SecurityStamp], [a].[TwoFactorEnabled], [a].[UserName], [a].[Version]
      FROM [AspNetUsers] AS [a]
      WHERE [a].[Id] = @__id_0
info: Microsoft.EntityFrameworkCore.Database.Command[20101]
      Executed DbCommand (0ms) [Parameters=[], CommandType='Text', CommandTimeout='30']
      SELECT [a].[SequenceNumber], [a].[AgentId], [a].[AuthorityId], [a].[CurrentHash], [a].[PolicyVersion], [a].[PreviousHash], [a].[PrincipalId], [a].[RecordJson], [a].[Timestamp], [a].[TransactionId]
      FROM [AuditRecords] AS [a]
      ORDER BY [a].[SequenceNumber]
info: Microsoft.EntityFrameworkCore.Database.Command[20101]
      Executed DbCommand (1ms) [Parameters=[@__provider_0='?' (Size = 128), @__key_1='?' (Size = 256)], CommandType='Text', CommandTimeout='30']
      SELECT TOP(2) [a].[UserId]
      FROM [AspNetUserLogins] AS [a]
      WHERE [a].[LoginProvider] = @__provider_0 AND [a].[ProviderKey] = @__key_1
info: Microsoft.EntityFrameworkCore.Database.Command[20101]
      Executed DbCommand (0ms) [Parameters=[@__id_0='?' (Size = 128)], CommandType='Text', CommandTimeout='30']
      SELECT TOP(2) [a].[Id], [a].[AccessFailedCount], [a].[ConcurrencyStamp], [a].[CreatedAt], [a].[Email], [a].[EmailConfirmed], [a].[ExternalIssuer], [a].[ExternalSubject], [a].[LockoutEnabled], [a].[LockoutEnd], [a].[NormalizedEmail], [a].[NormalizedUserName], [a].[PasswordHash], [a].[PhoneNumber], [a].[PhoneNumberConfirmed], [a].[PrincipalId], [a].[SecurityStamp], [a].[TwoFactorEnabled], [a].[UserName], [a].[Version]
      FROM [AspNetUsers] AS [a]
      WHERE [a].[Id] = @__id_0
info: Microsoft.EntityFrameworkCore.Database.Command[20101]
      Executed DbCommand (0ms) [Parameters=[], CommandType='Text', CommandTimeout='30']
      SELECT [a].[SequenceNumber], [a].[AgentId], [a].[AuthorityId], [a].[CurrentHash], [a].[PolicyVersion], [a].[PreviousHash], [a].[PrincipalId], [a].[RecordJson], [a].[Timestamp], [a].[TransactionId]
      FROM [AuditRecords] AS [a]
      ORDER BY [a].[SequenceNumber]
info: Microsoft.EntityFrameworkCore.Database.Command[20101]
      Executed DbCommand (3ms) [Parameters=[@__principal_0='?' (Size = 450)], CommandType='Text', CommandTimeout='30']
      SELECT TOP(2) [c].[PrincipalId], [c].[AllowAlternativeMerchants], [c].[AllowCrossBrandSubstitutions], [c].[AllowSplitOrders], [c].[AskBeforeNonPreferredMerchant], [c].[DeliveryAddress], [c].[ExcludedMerchantsJson], [c].[MaximumAdditionalDeliveryCost], [c].[MaximumDistanceMiles], [c].[Postcode], [c].[PreferredMerchantsJson], [c].[UpdatedAt], [c].[Version]
      FROM [ConsumerShoppingDeliveryPolicies] AS [c]
      WHERE [c].[PrincipalId] = @__principal_0
info: Microsoft.EntityFrameworkCore.Database.Command[20101]
      Executed DbCommand (10ms) [Parameters=[@__principal_0='?' (Size = 450)], CommandType='Text', CommandTimeout='30']
      SELECT [c].[RecipientId], [c].[Active], [c].[AllowSubstitutions], [c].[AllowedCategoriesJson], [c].[CreatedAt], [c].[DeliveryAddress], [c].[DeliveryConsent], [c].[Email], [c].[ExcludedCategoriesJson], [c].[ExcludedMerchantsJson], [c].[Name], [c].[NotifyRecipient], [c].[PayerNotification], [c].[Phone], [c].[PreferredMerchantsJson], [c].[PrincipalId], [c].[Relationship], [c].[UpdatedAt], [c].[Version]
      FROM [ConsumerRecipients] AS [c]
      WHERE [c].[PrincipalId] = @__principal_0
      ORDER BY [c].[Name]
info: Microsoft.EntityFrameworkCore.Database.Command[20101]
      Executed DbCommand (10ms) [Parameters=[@__p_1='?' (DbType = Int32), @__now_0='?' (DbType = DateTimeOffset)], CommandType='Text', CommandTimeout='30']
      SELECT TOP(@__p_1) [f].[FulfilmentIntentId], [f].[AgentId], [f].[CreatedAt], [f].[Currency], [f].[DestinationReference], [f].[ExpiresAt], [f].[MerchantOrderId], [f].[Mode], [f].[PickupLocationId], [f].[PrincipalId], [f].[ProviderId], [f].[QuoteHash], [f].[QuoteId], [f].[TotalAmount], [f].[Version]
      FROM [FulfilmentIntents] AS [f]
      INNER JOIN [FulfilmentExecutions] AS [f0] ON [f].[FulfilmentIntentId] = [f0].[FulfilmentIntentId]
      WHERE [f0].[Status] IN (N'Unknown', N'Pending') AND ([f0].[NextReconciliationAt] IS NULL OR [f0].[NextReconciliationAt] <= @__now_0) AND [f0].[ReconciliationAttempts] < 8
      ORDER BY [f0].[UpdatedAt]
info: Microsoft.EntityFrameworkCore.Database.Command[20101]
      Executed DbCommand (3ms) [Parameters=[@__p_1='?' (DbType = Int32), @__now_0='?' (DbType = DateTimeOffset)], CommandType='Text', CommandTimeout='30']
      SELECT TOP(@__p_1) [f].[FulfilmentIntentId], [f].[AgentId], [f].[CreatedAt], [f].[Currency], [f].[DestinationReference], [f].[ExpiresAt], [f].[MerchantOrderId], [f].[Mode], [f].[PickupLocationId], [f].[PrincipalId], [f].[ProviderId], [f].[QuoteHash], [f].[QuoteId], [f].[TotalAmount], [f].[Version]
      FROM [FulfilmentIntents] AS [f]
      INNER JOIN [FulfilmentExecutions] AS [f0] ON [f].[FulfilmentIntentId] = [f0].[FulfilmentIntentId]
      WHERE [f0].[Status] IN (N'Unknown', N'Pending') AND ([f0].[NextReconciliationAt] IS NULL OR [f0].[NextReconciliationAt] <= @__now_0) AND [f0].[ReconciliationAttempts] < 8
      ORDER BY [f0].[UpdatedAt]
info: Microsoft.EntityFrameworkCore.Database.Command[20101]
      Executed DbCommand (8ms) [Parameters=[@__p_1='?' (DbType = Int32), @__now_0='?' (DbType = DateTimeOffset)], CommandType='Text', CommandTimeout='30']
      SELECT TOP(@__p_1) [f].[FulfilmentIntentId], [f].[AgentId], [f].[CreatedAt], [f].[Currency], [f].[DestinationReference], [f].[ExpiresAt], [f].[MerchantOrderId], [f].[Mode], [f].[PickupLocationId], [f].[PrincipalId], [f].[ProviderId], [f].[QuoteHash], [f].[QuoteId], [f].[TotalAmount], [f].[Version]
      FROM [FulfilmentIntents] AS [f]
      INNER JOIN [FulfilmentExecutions] AS [f0] ON [f].[FulfilmentIntentId] = [f0].[FulfilmentIntentId]
      WHERE [f0].[Status] IN (N'Unknown', N'Pending') AND ([f0].[NextReconciliationAt] IS NULL OR [f0].[NextReconciliationAt] <= @__now_0) AND [f0].[ReconciliationAttempts] < 8
      ORDER BY [f0].[UpdatedAt]
info: Microsoft.EntityFrameworkCore.Database.Command[20101]
      Executed DbCommand (3ms) [Parameters=[@__provider_0='?' (Size = 128), @__key_1='?' (Size = 256)], CommandType='Text', CommandTimeout='30']
      SELECT TOP(2) [a].[UserId]
      FROM [AspNetUserLogins] AS [a]
      WHERE [a].[LoginProvider] = @__provider_0 AND [a].[ProviderKey] = @__key_1
info: Microsoft.EntityFrameworkCore.Database.Command[20101]
      Executed DbCommand (3ms) [Parameters=[@__provider_0='?' (Size = 128), @__key_1='?' (Size = 256)], CommandType='Text', CommandTimeout='30']
      SELECT TOP(2) [a].[UserId]
      FROM [AspNetUserLogins] AS [a]
      WHERE [a].[LoginProvider] = @__provider_0 AND [a].[ProviderKey] = @__key_1
info: Microsoft.EntityFrameworkCore.Database.Command[20101]
      Executed DbCommand (3ms) [Parameters=[@__provider_0='?' (Size = 128), @__key_1='?' (Size = 256)], CommandType='Text', CommandTimeout='30']
      SELECT TOP(2) [a].[UserId]
      FROM [AspNetUserLogins] AS [a]
      WHERE [a].[LoginProvider] = @__provider_0 AND [a].[ProviderKey] = @__key_1
info: Microsoft.EntityFrameworkCore.Database.Command[20101]
      Executed DbCommand (4ms) [Parameters=[@__provider_0='?' (Size = 128), @__key_1='?' (Size = 256)], CommandType='Text', CommandTimeout='30']
      SELECT TOP(2) [a].[UserId]
      FROM [AspNetUserLogins] AS [a]
      WHERE [a].[LoginProvider] = @__provider_0 AND [a].[ProviderKey] = @__key_1
info: Microsoft.EntityFrameworkCore.Database.Command[20101]
      Executed DbCommand (4ms) [Parameters=[@__id_0='?' (Size = 128)], CommandType='Text', CommandTimeout='30']
      SELECT TOP(2) [a].[Id], [a].[AccessFailedCount], [a].[ConcurrencyStamp], [a].[CreatedAt], [a].[Email], [a].[EmailConfirmed], [a].[ExternalIssuer], [a].[ExternalSubject], [a].[LockoutEnabled], [a].[LockoutEnd], [a].[NormalizedEmail], [a].[NormalizedUserName], [a].[PasswordHash], [a].[PhoneNumber], [a].[PhoneNumberConfirmed], [a].[PrincipalId], [a].[SecurityStamp], [a].[TwoFactorEnabled], [a].[UserName], [a].[Version]
      FROM [AspNetUsers] AS [a]
      WHERE [a].[Id] = @__id_0
info: Microsoft.EntityFrameworkCore.Database.Command[20101]
      Executed DbCommand (4ms) [Parameters=[@__id_0='?' (Size = 128)], CommandType='Text', CommandTimeout='30']
      SELECT TOP(2) [a].[Id], [a].[AccessFailedCount], [a].[ConcurrencyStamp], [a].[CreatedAt], [a].[Email], [a].[EmailConfirmed], [a].[ExternalIssuer], [a].[ExternalSubject], [a].[LockoutEnabled], [a].[LockoutEnd], [a].[NormalizedEmail], [a].[NormalizedUserName], [a].[PasswordHash], [a].[PhoneNumber], [a].[PhoneNumberConfirmed], [a].[PrincipalId], [a].[SecurityStamp], [a].[TwoFactorEnabled], [a].[UserName], [a].[Version]
      FROM [AspNetUsers] AS [a]
      WHERE [a].[Id] = @__id_0
info: Microsoft.EntityFrameworkCore.Database.Command[20101]
      Executed DbCommand (4ms) [Parameters=[@__id_0='?' (Size = 128)], CommandType='Text', CommandTimeout='30']
      SELECT TOP(2) [a].[Id], [a].[AccessFailedCount], [a].[ConcurrencyStamp], [a].[CreatedAt], [a].[Email], [a].[EmailConfirmed], [a].[ExternalIssuer], [a].[ExternalSubject], [a].[LockoutEnabled], [a].[LockoutEnd], [a].[NormalizedEmail], [a].[NormalizedUserName], [a].[PasswordHash], [a].[PhoneNumber], [a].[PhoneNumberConfirmed], [a].[PrincipalId], [a].[SecurityStamp], [a].[TwoFactorEnabled], [a].[UserName], [a].[Version]
      FROM [AspNetUsers] AS [a]
      WHERE [a].[Id] = @__id_0
info: Microsoft.EntityFrameworkCore.Database.Command[20101]
      Executed DbCommand (8ms) [Parameters=[@__id_0='?' (Size = 128)], CommandType='Text', CommandTimeout='30']
      SELECT TOP(2) [a].[Id], [a].[AccessFailedCount], [a].[ConcurrencyStamp], [a].[CreatedAt], [a].[Email], [a].[EmailConfirmed], [a].[ExternalIssuer], [a].[ExternalSubject], [a].[LockoutEnabled], [a].[LockoutEnd], [a].[NormalizedEmail], [a].[NormalizedUserName], [a].[PasswordHash], [a].[PhoneNumber], [a].[PhoneNumberConfirmed], [a].[PrincipalId], [a].[SecurityStamp], [a].[TwoFactorEnabled], [a].[UserName], [a].[Version]
      FROM [AspNetUsers] AS [a]
      WHERE [a].[Id] = @__id_0
info: Microsoft.EntityFrameworkCore.Database.Command[20101]
      Executed DbCommand (2ms) [Parameters=[], CommandType='Text', CommandTimeout='30']
      SELECT [a].[SequenceNumber], [a].[AgentId], [a].[AuthorityId], [a].[CurrentHash], [a].[PolicyVersion], [a].[PreviousHash], [a].[PrincipalId], [a].[RecordJson], [a].[Timestamp], [a].[TransactionId]
      FROM [AuditRecords] AS [a]
      ORDER BY [a].[SequenceNumber]
info: Microsoft.EntityFrameworkCore.Database.Command[20101]
      Executed DbCommand (2ms) [Parameters=[], CommandType='Text', CommandTimeout='30']
      SELECT [a].[SequenceNumber], [a].[AgentId], [a].[AuthorityId], [a].[CurrentHash], [a].[PolicyVersion], [a].[PreviousHash], [a].[PrincipalId], [a].[RecordJson], [a].[Timestamp], [a].[TransactionId]
      FROM [AuditRecords] AS [a]
      ORDER BY [a].[SequenceNumber]
info: Microsoft.EntityFrameworkCore.Database.Command[20101]
      Executed DbCommand (0ms) [Parameters=[], CommandType='Text', CommandTimeout='30']
      SELECT [a].[SequenceNumber], [a].[AgentId], [a].[AuthorityId], [a].[CurrentHash], [a].[PolicyVersion], [a].[PreviousHash], [a].[PrincipalId], [a].[RecordJson], [a].[Timestamp], [a].[TransactionId]
      FROM [AuditRecords] AS [a]
      ORDER BY [a].[SequenceNumber]
info: Microsoft.EntityFrameworkCore.Database.Command[20101]
      Executed DbCommand (2ms) [Parameters=[@__principalId_0='?' (Size = 128)], CommandType='Text', CommandTimeout='30']
      SELECT TOP(2) [a].[Id], [a].[AccessFailedCount], [a].[ConcurrencyStamp], [a].[CreatedAt], [a].[Email], [a].[EmailConfirmed], [a].[ExternalIssuer], [a].[ExternalSubject], [a].[LockoutEnabled], [a].[LockoutEnd], [a].[NormalizedEmail], [a].[NormalizedUserName], [a].[PasswordHash], [a].[PhoneNumber], [a].[PhoneNumberConfirmed], [a].[PrincipalId], [a].[SecurityStamp], [a].[TwoFactorEnabled], [a].[UserName], [a].[Version]
      FROM [AspNetUsers] AS [a]
      WHERE [a].[PrincipalId] = @__principalId_0
info: Microsoft.EntityFrameworkCore.Database.Command[20101]
      Executed DbCommand (1ms) [Parameters=[@__provider_0='?' (Size = 128), @__key_1='?' (Size = 256)], CommandType='Text', CommandTimeout='30']
      SELECT TOP(2) [a].[UserId]
      FROM [AspNetUserLogins] AS [a]
      WHERE [a].[LoginProvider] = @__provider_0 AND [a].[ProviderKey] = @__key_1
info: Microsoft.EntityFrameworkCore.Database.Command[20101]
      Executed DbCommand (0ms) [Parameters=[@__provider_0='?' (Size = 128), @__key_1='?' (Size = 256)], CommandType='Text', CommandTimeout='30']
      SELECT TOP(2) [a].[UserId]
      FROM [AspNetUserLogins] AS [a]
      WHERE [a].[LoginProvider] = @__provider_0 AND [a].[ProviderKey] = @__key_1
info: Microsoft.EntityFrameworkCore.Database.Command[20101]
      Executed DbCommand (0ms) [Parameters=[@__id_0='?' (Size = 128)], CommandType='Text', CommandTimeout='30']
      SELECT TOP(2) [a].[Id], [a].[AccessFailedCount], [a].[ConcurrencyStamp], [a].[CreatedAt], [a].[Email], [a].[EmailConfirmed], [a].[ExternalIssuer], [a].[ExternalSubject], [a].[LockoutEnabled], [a].[LockoutEnd], [a].[NormalizedEmail], [a].[NormalizedUserName], [a].[PasswordHash], [a].[PhoneNumber], [a].[PhoneNumberConfirmed], [a].[PrincipalId], [a].[SecurityStamp], [a].[TwoFactorEnabled], [a].[UserName], [a].[Version]
      FROM [AspNetUsers] AS [a]
      WHERE [a].[Id] = @__id_0
info: Microsoft.EntityFrameworkCore.Database.Command[20101]
      Executed DbCommand (0ms) [Parameters=[@__id_0='?' (Size = 128)], CommandType='Text', CommandTimeout='30']
      SELECT TOP(2) [a].[Id], [a].[AccessFailedCount], [a].[ConcurrencyStamp], [a].[CreatedAt], [a].[Email], [a].[EmailConfirmed], [a].[ExternalIssuer], [a].[ExternalSubject], [a].[LockoutEnabled], [a].[LockoutEnd], [a].[NormalizedEmail], [a].[NormalizedUserName], [a].[PasswordHash], [a].[PhoneNumber], [a].[PhoneNumberConfirmed], [a].[PrincipalId], [a].[SecurityStamp], [a].[TwoFactorEnabled], [a].[UserName], [a].[Version]
      FROM [AspNetUsers] AS [a]
      WHERE [a].[Id] = @__id_0
info: Microsoft.EntityFrameworkCore.Database.Command[20101]
      Executed DbCommand (0ms) [Parameters=[], CommandType='Text', CommandTimeout='30']
      SELECT [a].[SequenceNumber], [a].[AgentId], [a].[AuthorityId], [a].[CurrentHash], [a].[PolicyVersion], [a].[PreviousHash], [a].[PrincipalId], [a].[RecordJson], [a].[Timestamp], [a].[TransactionId]
      FROM [AuditRecords] AS [a]
      ORDER BY [a].[SequenceNumber]
info: Microsoft.EntityFrameworkCore.Database.Command[20101]
      Executed DbCommand (0ms) [Parameters=[], CommandType='Text', CommandTimeout='30']
      SELECT [a].[SequenceNumber], [a].[AgentId], [a].[AuthorityId], [a].[CurrentHash], [a].[PolicyVersion], [a].[PreviousHash], [a].[PrincipalId], [a].[RecordJson], [a].[Timestamp], [a].[TransactionId]
      FROM [AuditRecords] AS [a]
      ORDER BY [a].[SequenceNumber]
info: Microsoft.EntityFrameworkCore.Database.Command[20101]
      Executed DbCommand (6ms) [Parameters=[@__id_0='?' (Size = 450)], CommandType='Text', CommandTimeout='30']
      SELECT [f].[MandateId], [f].[Version], [f].[AboveLimit], [f].[AgentId], [f].[ConcurrencyVersion], [f].[CreatedAt], [f].[Currency], [f].[DailyLimit], [f].[EffectiveFrom], [f].[ExpiresAt], [f].[Merchant], [f].[MonthlyLimit], [f].[PaymentMethodId], [f].[PerTransactionLimit], [f].[PrincipalId], [f].[Purpose], [f].[Status], [f].[SupersedesMandateId], [f].[TaskParametersJson], [f].[WeeklyLimit]
      FROM [FinancialMandates] AS [f]
      WHERE [f].[PrincipalId] = @__id_0
info: Microsoft.EntityFrameworkCore.Database.Command[20101]
      Executed DbCommand (7ms) [Parameters=[@__principalId_0='?' (Size = 4000)], CommandType='Text', CommandTimeout='30']
      SELECT [a].[AgentId], [a].[AgentType], [a].[CredentialStatus], [a].[Environment], [a].[ExpiresAt], [a].[IssuedAt], [a].[IssuerTrustAnchor], [a].[PrincipalId]
      FROM [Agents] AS [a]
      WHERE [a].[PrincipalId] = @__principalId_0
info: Microsoft.EntityFrameworkCore.Database.Command[20101]
      Executed DbCommand (10ms) [Parameters=[@__principal_0='?' (Size = 450)], CommandType='Text', CommandTimeout='30']
      SELECT [p].[ExecutionId], [p].[CreatedAt], [p].[PrincipalId], [p].[ProviderPaymentId], [p].[PurchaseIntentId], [p].[ReasonsJson], [p].[RequiredAction], [p].[ScheduledFor], [p].[State], [p].[TaskId], [p].[TransactionId], [p].[UpdatedAt], [p].[Version]
      FROM [PurchaseExecutions] AS [p]
      WHERE [p].[PrincipalId] = @__principal_0
info: Microsoft.EntityFrameworkCore.Database.Command[20101]
      Executed DbCommand (3ms) [Parameters=[@__id_0='?' (Size = 450)], CommandType='Text', CommandTimeout='30']
      SELECT [c].[PaymentMethodId], [c].[CardBrand], [c].[ExpiryMonth], [c].[ExpiryYear], [c].[Last4], [c].[PrincipalId], [c].[Provider], [c].[ProviderCustomerReference], [c].[ProviderToken], [c].[Status], [c].[Version]
      FROM [ConsumerPaymentMethods] AS [c]
      WHERE [c].[PrincipalId] = @__id_0
info: Microsoft.EntityFrameworkCore.Database.Command[20101]
      Executed DbCommand (1ms) [Parameters=[@__provider_0='?' (Size = 128), @__key_1='?' (Size = 256)], CommandType='Text', CommandTimeout='30']
      SELECT TOP(2) [a].[UserId]
      FROM [AspNetUserLogins] AS [a]
      WHERE [a].[LoginProvider] = @__provider_0 AND [a].[ProviderKey] = @__key_1
info: Microsoft.EntityFrameworkCore.Database.Command[20101]
      Executed DbCommand (5ms) [Parameters=[@__id_0='?' (Size = 450)], CommandType='Text', CommandTimeout='30']
      SELECT [c].[PaymentMethodId], [c].[CardBrand], [c].[ExpiryMonth], [c].[ExpiryYear], [c].[Last4], [c].[PrincipalId], [c].[Provider], [c].[ProviderCustomerReference], [c].[ProviderToken], [c].[Status], [c].[Version]
      FROM [ConsumerPaymentMethods] AS [c]
      WHERE [c].[PrincipalId] = @__id_0
info: Microsoft.EntityFrameworkCore.Database.Command[20101]
      Executed DbCommand (1ms) [Parameters=[@__id_0='?' (Size = 128)], CommandType='Text', CommandTimeout='30']
      SELECT TOP(2) [a].[Id], [a].[AccessFailedCount], [a].[ConcurrencyStamp], [a].[CreatedAt], [a].[Email], [a].[EmailConfirmed], [a].[ExternalIssuer], [a].[ExternalSubject], [a].[LockoutEnabled], [a].[LockoutEnd], [a].[NormalizedEmail], [a].[NormalizedUserName], [a].[PasswordHash], [a].[PhoneNumber], [a].[PhoneNumberConfirmed], [a].[PrincipalId], [a].[SecurityStamp], [a].[TwoFactorEnabled], [a].[UserName], [a].[Version]
      FROM [AspNetUsers] AS [a]
      WHERE [a].[Id] = @__id_0
info: Microsoft.EntityFrameworkCore.Database.Command[20101]
      Executed DbCommand (0ms) [Parameters=[@__id_0='?' (Size = 450)], CommandType='Text', CommandTimeout='30']
      SELECT [f].[MandateId], [f].[Version], [f].[AboveLimit], [f].[AgentId], [f].[ConcurrencyVersion], [f].[CreatedAt], [f].[Currency], [f].[DailyLimit], [f].[EffectiveFrom], [f].[ExpiresAt], [f].[Merchant], [f].[MonthlyLimit], [f].[PaymentMethodId], [f].[PerTransactionLimit], [f].[PrincipalId], [f].[Purpose], [f].[Status], [f].[SupersedesMandateId], [f].[TaskParametersJson], [f].[WeeklyLimit]
      FROM [FinancialMandates] AS [f]
      WHERE [f].[PrincipalId] = @__id_0
info: Microsoft.EntityFrameworkCore.Database.Command[20101]
      Executed DbCommand (0ms) [Parameters=[], CommandType='Text', CommandTimeout='30']
      SELECT [a].[SequenceNumber], [a].[AgentId], [a].[AuthorityId], [a].[CurrentHash], [a].[PolicyVersion], [a].[PreviousHash], [a].[PrincipalId], [a].[RecordJson], [a].[Timestamp], [a].[TransactionId]
      FROM [AuditRecords] AS [a]
      ORDER BY [a].[SequenceNumber]
info: Microsoft.EntityFrameworkCore.Database.Command[20101]
      Executed DbCommand (1ms) [Parameters=[@__provider_0='?' (Size = 128), @__key_1='?' (Size = 256)], CommandType='Text', CommandTimeout='30']
      SELECT TOP(2) [a].[UserId]
      FROM [AspNetUserLogins] AS [a]
      WHERE [a].[LoginProvider] = @__provider_0 AND [a].[ProviderKey] = @__key_1
info: Microsoft.EntityFrameworkCore.Database.Command[20101]
      Executed DbCommand (0ms) [Parameters=[@__id_0='?' (Size = 128)], CommandType='Text', CommandTimeout='30']
      SELECT TOP(2) [a].[Id], [a].[AccessFailedCount], [a].[ConcurrencyStamp], [a].[CreatedAt], [a].[Email], [a].[EmailConfirmed], [a].[ExternalIssuer], [a].[ExternalSubject], [a].[LockoutEnabled], [a].[LockoutEnd], [a].[NormalizedEmail], [a].[NormalizedUserName], [a].[PasswordHash], [a].[PhoneNumber], [a].[PhoneNumberConfirmed], [a].[PrincipalId], [a].[SecurityStamp], [a].[TwoFactorEnabled], [a].[UserName], [a].[Version]
      FROM [AspNetUsers] AS [a]
      WHERE [a].[Id] = @__id_0
info: Microsoft.EntityFrameworkCore.Database.Command[20101]
      Executed DbCommand (8ms) [Parameters=[@__principal_0='?' (Size = 450)], CommandType='Text', CommandTimeout='30']
      SELECT [c].[TaskId], [c].[AgentId], [c].[CreatedAt], [c].[Currency], [c].[MandateId], [c].[MandateVersion], [c].[MaximumAmount], [c].[MerchantScopeJson], [c].[NextExecutionAt], [c].[PaymentMethodId], [c].[PreferencesJson], [c].[PrincipalId], [c].[RecipientId], [c].[Schedule], [c].[ShoppingListJson], [c].[Status], [c].[Timezone], [c].[UpdatedAt], [c].[Version]
      FROM [ConsumerPurchaseTasks] AS [c]
      WHERE [c].[PrincipalId] = @__principal_0
info: Microsoft.EntityFrameworkCore.Database.Command[20101]
      Executed DbCommand (0ms) [Parameters=[], CommandType='Text', CommandTimeout='30']
      SELECT [a].[SequenceNumber], [a].[AgentId], [a].[AuthorityId], [a].[CurrentHash], [a].[PolicyVersion], [a].[PreviousHash], [a].[PrincipalId], [a].[RecordJson], [a].[Timestamp], [a].[TransactionId]
      FROM [AuditRecords] AS [a]
      ORDER BY [a].[SequenceNumber]
info: Microsoft.EntityFrameworkCore.Database.Command[20101]
      Executed DbCommand (1ms) [Parameters=[@__provider_0='?' (Size = 128), @__key_1='?' (Size = 256)], CommandType='Text', CommandTimeout='30']
      SELECT TOP(2) [a].[UserId]
      FROM [AspNetUserLogins] AS [a]
      WHERE [a].[LoginProvider] = @__provider_0 AND [a].[ProviderKey] = @__key_1
info: Microsoft.EntityFrameworkCore.Database.Command[20101]
      Executed DbCommand (0ms) [Parameters=[@__id_0='?' (Size = 128)], CommandType='Text', CommandTimeout='30']
      SELECT TOP(2) [a].[Id], [a].[AccessFailedCount], [a].[ConcurrencyStamp], [a].[CreatedAt], [a].[Email], [a].[EmailConfirmed], [a].[ExternalIssuer], [a].[ExternalSubject], [a].[LockoutEnabled], [a].[LockoutEnd], [a].[NormalizedEmail], [a].[NormalizedUserName], [a].[PasswordHash], [a].[PhoneNumber], [a].[PhoneNumberConfirmed], [a].[PrincipalId], [a].[SecurityStamp], [a].[TwoFactorEnabled], [a].[UserName], [a].[Version]
      FROM [AspNetUsers] AS [a]
      WHERE [a].[Id] = @__id_0
info: Microsoft.EntityFrameworkCore.Database.Command[20101]
      Executed DbCommand (0ms) [Parameters=[@__provider_0='?' (Size = 128), @__key_1='?' (Size = 256)], CommandType='Text', CommandTimeout='30']
      SELECT TOP(2) [a].[UserId]
      FROM [AspNetUserLogins] AS [a]
      WHERE [a].[LoginProvider] = @__provider_0 AND [a].[ProviderKey] = @__key_1
info: Microsoft.EntityFrameworkCore.Database.Command[20101]
      Executed DbCommand (1ms) [Parameters=[], CommandType='Text', CommandTimeout='30']
      SELECT [a].[SequenceNumber], [a].[AgentId], [a].[AuthorityId], [a].[CurrentHash], [a].[PolicyVersion], [a].[PreviousHash], [a].[PrincipalId], [a].[RecordJson], [a].[Timestamp], [a].[TransactionId]
      FROM [AuditRecords] AS [a]
      ORDER BY [a].[SequenceNumber]
info: Microsoft.EntityFrameworkCore.Database.Command[20101]
      Executed DbCommand (1ms) [Parameters=[@__id_0='?' (Size = 128)], CommandType='Text', CommandTimeout='30']
      SELECT TOP(2) [a].[Id], [a].[AccessFailedCount], [a].[ConcurrencyStamp], [a].[CreatedAt], [a].[Email], [a].[EmailConfirmed], [a].[ExternalIssuer], [a].[ExternalSubject], [a].[LockoutEnabled], [a].[LockoutEnd], [a].[NormalizedEmail], [a].[NormalizedUserName], [a].[PasswordHash], [a].[PhoneNumber], [a].[PhoneNumberConfirmed], [a].[PrincipalId], [a].[SecurityStamp], [a].[TwoFactorEnabled], [a].[UserName], [a].[Version]
      FROM [AspNetUsers] AS [a]
      WHERE [a].[Id] = @__id_0
info: Microsoft.EntityFrameworkCore.Database.Command[20101]
      Executed DbCommand (3ms) [Parameters=[@__principal_0='?' (Size = 450), @__now_1='?' (DbType = DateTimeOffset)], CommandType='Text', CommandTimeout='30']
      SELECT [c].[MemoryId], [c].[Confidence], [c].[Content], [c].[CreatedAt], [c].[Deleted], [c].[ExpiresAt], [c].[Kind], [c].[Polarity], [c].[PrincipalId], [c].[Provenance], [c].[SourceConversationId], [c].[SourcePurchaseIntentId], [c].[Subject], [c].[UpdatedAt], [c].[Version]
      FROM [ConsumerMemories] AS [c]
      WHERE [c].[PrincipalId] = @__principal_0 AND [c].[Deleted] = CAST(0 AS bit) AND ([c].[ExpiresAt] IS NULL OR [c].[ExpiresAt] > @__now_1)
info: Microsoft.EntityFrameworkCore.Database.Command[20101]
      Executed DbCommand (1ms) [Parameters=[], CommandType='Text', CommandTimeout='30']
      SELECT [a].[SequenceNumber], [a].[AgentId], [a].[AuthorityId], [a].[CurrentHash], [a].[PolicyVersion], [a].[PreviousHash], [a].[PrincipalId], [a].[RecordJson], [a].[Timestamp], [a].[TransactionId]
      FROM [AuditRecords] AS [a]
      ORDER BY [a].[SequenceNumber]
info: Microsoft.EntityFrameworkCore.Database.Command[20101]
      Executed DbCommand (2ms) [Parameters=[@__principal_0='?' (Size = 450)], CommandType='Text', CommandTimeout='30']
      SELECT TOP(2) [c].[PrincipalId], [c].[AskBeforeSubstitutions], [c].[InteractionMode], [c].[ShowBasketBeforePayment], [c].[UpdatedAt], [c].[Version]
      FROM [ConsumerConversationPolicies] AS [c]
      WHERE [c].[PrincipalId] = @__principal_0
info: Microsoft.EntityFrameworkCore.Database.Command[20101]
      Executed DbCommand (3ms) [Parameters=[@__principal_0='?' (Size = 450)], CommandType='Text', CommandTimeout='30']
      SELECT TOP(2) [c].[PrincipalId], [c].[AllowAlternativeMerchants], [c].[AllowCrossBrandSubstitutions], [c].[AllowSplitOrders], [c].[AskBeforeNonPreferredMerchant], [c].[DeliveryAddress], [c].[ExcludedMerchantsJson], [c].[MaximumAdditionalDeliveryCost], [c].[MaximumDistanceMiles], [c].[Postcode], [c].[PreferredMerchantsJson], [c].[UpdatedAt], [c].[Version]
      FROM [ConsumerShoppingDeliveryPolicies] AS [c]
      WHERE [c].[PrincipalId] = @__principal_0
info: Microsoft.EntityFrameworkCore.Database.Command[20101]
      Executed DbCommand (4ms) [Parameters=[@__principal_0='?' (Size = 450)], CommandType='Text', CommandTimeout='30']
      SELECT [c].[RecipientId], [c].[Active], [c].[AllowSubstitutions], [c].[AllowedCategoriesJson], [c].[CreatedAt], [c].[DeliveryAddress], [c].[DeliveryConsent], [c].[Email], [c].[ExcludedCategoriesJson], [c].[ExcludedMerchantsJson], [c].[Name], [c].[NotifyRecipient], [c].[PayerNotification], [c].[Phone], [c].[PreferredMerchantsJson], [c].[PrincipalId], [c].[Relationship], [c].[UpdatedAt], [c].[Version]
      FROM [ConsumerRecipients] AS [c]
      WHERE [c].[PrincipalId] = @__principal_0
      ORDER BY [c].[Name]
info: Microsoft.EntityFrameworkCore.Database.Command[20101]
      Executed DbCommand (7ms) [Parameters=[@__p_1='?' (DbType = Int32), @__now_0='?' (DbType = DateTimeOffset)], CommandType='Text', CommandTimeout='30']
      SELECT TOP(@__p_1) [f].[FulfilmentIntentId], [f].[AgentId], [f].[CreatedAt], [f].[Currency], [f].[DestinationReference], [f].[ExpiresAt], [f].[MerchantOrderId], [f].[Mode], [f].[PickupLocationId], [f].[PrincipalId], [f].[ProviderId], [f].[QuoteHash], [f].[QuoteId], [f].[TotalAmount], [f].[Version]
      FROM [FulfilmentIntents] AS [f]
      INNER JOIN [FulfilmentExecutions] AS [f0] ON [f].[FulfilmentIntentId] = [f0].[FulfilmentIntentId]
      WHERE [f0].[Status] IN (N'Unknown', N'Pending') AND ([f0].[NextReconciliationAt] IS NULL OR [f0].[NextReconciliationAt] <= @__now_0) AND [f0].[ReconciliationAttempts] < 8
      ORDER BY [f0].[UpdatedAt]
info: Microsoft.EntityFrameworkCore.Database.Command[20101]
      Executed DbCommand (0ms) [Parameters=[@__p_1='?' (DbType = Int32), @__now_0='?' (DbType = DateTimeOffset)], CommandType='Text', CommandTimeout='30']
      SELECT TOP(@__p_1) [f].[FulfilmentIntentId], [f].[AgentId], [f].[CreatedAt], [f].[Currency], [f].[DestinationReference], [f].[ExpiresAt], [f].[MerchantOrderId], [f].[Mode], [f].[PickupLocationId], [f].[PrincipalId], [f].[ProviderId], [f].[QuoteHash], [f].[QuoteId], [f].[TotalAmount], [f].[Version]
      FROM [FulfilmentIntents] AS [f]
      INNER JOIN [FulfilmentExecutions] AS [f0] ON [f].[FulfilmentIntentId] = [f0].[FulfilmentIntentId]
      WHERE [f0].[Status] IN (N'Unknown', N'Pending') AND ([f0].[NextReconciliationAt] IS NULL OR [f0].[NextReconciliationAt] <= @__now_0) AND [f0].[ReconciliationAttempts] < 8
      ORDER BY [f0].[UpdatedAt]
info: Microsoft.EntityFrameworkCore.Database.Command[20101]
      Executed DbCommand (5ms) [Parameters=[@__p_1='?' (DbType = Int32), @__now_0='?' (DbType = DateTimeOffset)], CommandType='Text', CommandTimeout='30']
      SELECT TOP(@__p_1) [f].[FulfilmentIntentId], [f].[AgentId], [f].[CreatedAt], [f].[Currency], [f].[DestinationReference], [f].[ExpiresAt], [f].[MerchantOrderId], [f].[Mode], [f].[PickupLocationId], [f].[PrincipalId], [f].[ProviderId], [f].[QuoteHash], [f].[QuoteId], [f].[TotalAmount], [f].[Version]
      FROM [FulfilmentIntents] AS [f]
      INNER JOIN [FulfilmentExecutions] AS [f0] ON [f].[FulfilmentIntentId] = [f0].[FulfilmentIntentId]
      WHERE [f0].[Status] IN (N'Unknown', N'Pending') AND ([f0].[NextReconciliationAt] IS NULL OR [f0].[NextReconciliationAt] <= @__now_0) AND [f0].[ReconciliationAttempts] < 8
      ORDER BY [f0].[UpdatedAt]
info: Microsoft.EntityFrameworkCore.Database.Command[20101]
      Executed DbCommand (11ms) [Parameters=[@__p_1='?' (DbType = Int32), @__now_0='?' (DbType = DateTimeOffset)], CommandType='Text', CommandTimeout='30']
      SELECT TOP(@__p_1) [f].[FulfilmentIntentId], [f].[AgentId], [f].[CreatedAt], [f].[Currency], [f].[DestinationReference], [f].[ExpiresAt], [f].[MerchantOrderId], [f].[Mode], [f].[PickupLocationId], [f].[PrincipalId], [f].[ProviderId], [f].[QuoteHash], [f].[QuoteId], [f].[TotalAmount], [f].[Version]
      FROM [FulfilmentIntents] AS [f]
      INNER JOIN [FulfilmentExecutions] AS [f0] ON [f].[FulfilmentIntentId] = [f0].[FulfilmentIntentId]
      WHERE [f0].[Status] IN (N'Unknown', N'Pending') AND ([f0].[NextReconciliationAt] IS NULL OR [f0].[NextReconciliationAt] <= @__now_0) AND [f0].[ReconciliationAttempts] < 8
      ORDER BY [f0].[UpdatedAt]
info: Microsoft.EntityFrameworkCore.Database.Command[20101]
      Executed DbCommand (20ms) [Parameters=[@__p_1='?' (DbType = Int32), @__now_0='?' (DbType = DateTimeOffset)], CommandType='Text', CommandTimeout='30']
      SELECT TOP(@__p_1) [f].[FulfilmentIntentId], [f].[AgentId], [f].[CreatedAt], [f].[Currency], [f].[DestinationReference], [f].[ExpiresAt], [f].[MerchantOrderId], [f].[Mode], [f].[PickupLocationId], [f].[PrincipalId], [f].[ProviderId], [f].[QuoteHash], [f].[QuoteId], [f].[TotalAmount], [f].[Version]
      FROM [FulfilmentIntents] AS [f]
      INNER JOIN [FulfilmentExecutions] AS [f0] ON [f].[FulfilmentIntentId] = [f0].[FulfilmentIntentId]
      WHERE [f0].[Status] IN (N'Unknown', N'Pending') AND ([f0].[NextReconciliationAt] IS NULL OR [f0].[NextReconciliationAt] <= @__now_0) AND [f0].[ReconciliationAttempts] < 8
      ORDER BY [f0].[UpdatedAt]
info: Microsoft.EntityFrameworkCore.Database.Command[20101]
      Executed DbCommand (9ms) [Parameters=[@__p_1='?' (DbType = Int32), @__now_0='?' (DbType = DateTimeOffset)], CommandType='Text', CommandTimeout='30']
      SELECT TOP(@__p_1) [f].[FulfilmentIntentId], [f].[AgentId], [f].[CreatedAt], [f].[Currency], [f].[DestinationReference], [f].[ExpiresAt], [f].[MerchantOrderId], [f].[Mode], [f].[PickupLocationId], [f].[PrincipalId], [f].[ProviderId], [f].[QuoteHash], [f].[QuoteId], [f].[TotalAmount], [f].[Version]
      FROM [FulfilmentIntents] AS [f]
      INNER JOIN [FulfilmentExecutions] AS [f0] ON [f].[FulfilmentIntentId] = [f0].[FulfilmentIntentId]
      WHERE [f0].[Status] IN (N'Unknown', N'Pending') AND ([f0].[NextReconciliationAt] IS NULL OR [f0].[NextReconciliationAt] <= @__now_0) AND [f0].[ReconciliationAttempts] < 8
      ORDER BY [f0].[UpdatedAt]
info: Microsoft.EntityFrameworkCore.Database.Command[20101]
      Executed DbCommand (6ms) [Parameters=[@__p_1='?' (DbType = Int32), @__now_0='?' (DbType = DateTimeOffset)], CommandType='Text', CommandTimeout='30']
      SELECT TOP(@__p_1) [f].[FulfilmentIntentId], [f].[AgentId], [f].[CreatedAt], [f].[Currency], [f].[DestinationReference], [f].[ExpiresAt], [f].[MerchantOrderId], [f].[Mode], [f].[PickupLocationId], [f].[PrincipalId], [f].[ProviderId], [f].[QuoteHash], [f].[QuoteId], [f].[TotalAmount], [f].[Version]
      FROM [FulfilmentIntents] AS [f]
      INNER JOIN [FulfilmentExecutions] AS [f0] ON [f].[FulfilmentIntentId] = [f0].[FulfilmentIntentId]
      WHERE [f0].[Status] IN (N'Unknown', N'Pending') AND ([f0].[NextReconciliationAt] IS NULL OR [f0].[NextReconciliationAt] <= @__now_0) AND [f0].[ReconciliationAttempts] < 8
      ORDER BY [f0].[UpdatedAt]
info: Microsoft.EntityFrameworkCore.Database.Command[20101]
      Executed DbCommand (5ms) [Parameters=[@__p_1='?' (DbType = Int32), @__now_0='?' (DbType = DateTimeOffset)], CommandType='Text', CommandTimeout='30']
      SELECT TOP(@__p_1) [f].[FulfilmentIntentId], [f].[AgentId], [f].[CreatedAt], [f].[Currency], [f].[DestinationReference], [f].[ExpiresAt], [f].[MerchantOrderId], [f].[Mode], [f].[PickupLocationId], [f].[PrincipalId], [f].[ProviderId], [f].[QuoteHash], [f].[QuoteId], [f].[TotalAmount], [f].[Version]
      FROM [FulfilmentIntents] AS [f]
      INNER JOIN [FulfilmentExecutions] AS [f0] ON [f].[FulfilmentIntentId] = [f0].[FulfilmentIntentId]
      WHERE [f0].[Status] IN (N'Unknown', N'Pending') AND ([f0].[NextReconciliationAt] IS NULL OR [f0].[NextReconciliationAt] <= @__now_0) AND [f0].[ReconciliationAttempts] < 8
      ORDER BY [f0].[UpdatedAt]
info: Microsoft.EntityFrameworkCore.Database.Command[20101]
      Executed DbCommand (9ms) [Parameters=[@__p_1='?' (DbType = Int32), @__now_0='?' (DbType = DateTimeOffset)], CommandType='Text', CommandTimeout='30']
      SELECT TOP(@__p_1) [f].[FulfilmentIntentId], [f].[AgentId], [f].[CreatedAt], [f].[Currency], [f].[DestinationReference], [f].[ExpiresAt], [f].[MerchantOrderId], [f].[Mode], [f].[PickupLocationId], [f].[PrincipalId], [f].[ProviderId], [f].[QuoteHash], [f].[QuoteId], [f].[TotalAmount], [f].[Version]
      FROM [FulfilmentIntents] AS [f]
      INNER JOIN [FulfilmentExecutions] AS [f0] ON [f].[FulfilmentIntentId] = [f0].[FulfilmentIntentId]
      WHERE [f0].[Status] IN (N'Unknown', N'Pending') AND ([f0].[NextReconciliationAt] IS NULL OR [f0].[NextReconciliationAt] <= @__now_0) AND [f0].[ReconciliationAttempts] < 8
      ORDER BY [f0].[UpdatedAt]
info: Microsoft.EntityFrameworkCore.Database.Command[20101]
      Executed DbCommand (0ms) [Parameters=[@__p_1='?' (DbType = Int32), @__now_0='?' (DbType = DateTimeOffset)], CommandType='Text', CommandTimeout='30']
      SELECT TOP(@__p_1) [f].[FulfilmentIntentId], [f].[AgentId], [f].[CreatedAt], [f].[Currency], [f].[DestinationReference], [f].[ExpiresAt], [f].[MerchantOrderId], [f].[Mode], [f].[PickupLocationId], [f].[PrincipalId], [f].[ProviderId], [f].[QuoteHash], [f].[QuoteId], [f].[TotalAmount], [f].[Version]
      FROM [FulfilmentIntents] AS [f]
      INNER JOIN [FulfilmentExecutions] AS [f0] ON [f].[FulfilmentIntentId] = [f0].[FulfilmentIntentId]
      WHERE [f0].[Status] IN (N'Unknown', N'Pending') AND ([f0].[NextReconciliationAt] IS NULL OR [f0].[NextReconciliationAt] <= @__now_0) AND [f0].[ReconciliationAttempts] < 8
      ORDER BY [f0].[UpdatedAt]
info: Microsoft.EntityFrameworkCore.Database.Command[20101]
      Executed DbCommand (5ms) [Parameters=[@__p_1='?' (DbType = Int32), @__now_0='?' (DbType = DateTimeOffset)], CommandType='Text', CommandTimeout='30']
      SELECT TOP(@__p_1) [f].[FulfilmentIntentId], [f].[AgentId], [f].[CreatedAt], [f].[Currency], [f].[DestinationReference], [f].[ExpiresAt], [f].[MerchantOrderId], [f].[Mode], [f].[PickupLocationId], [f].[PrincipalId], [f].[ProviderId], [f].[QuoteHash], [f].[QuoteId], [f].[TotalAmount], [f].[Version]
      FROM [FulfilmentIntents] AS [f]
      INNER JOIN [FulfilmentExecutions] AS [f0] ON [f].[FulfilmentIntentId] = [f0].[FulfilmentIntentId]
      WHERE [f0].[Status] IN (N'Unknown', N'Pending') AND ([f0].[NextReconciliationAt] IS NULL OR [f0].[NextReconciliationAt] <= @__now_0) AND [f0].[ReconciliationAttempts] < 8
      ORDER BY [f0].[UpdatedAt]
info: Microsoft.EntityFrameworkCore.Database.Command[20101]
      Executed DbCommand (6ms) [Parameters=[@__p_1='?' (DbType = Int32), @__now_0='?' (DbType = DateTimeOffset)], CommandType='Text', CommandTimeout='30']
      SELECT TOP(@__p_1) [f].[FulfilmentIntentId], [f].[AgentId], [f].[CreatedAt], [f].[Currency], [f].[DestinationReference], [f].[ExpiresAt], [f].[MerchantOrderId], [f].[Mode], [f].[PickupLocationId], [f].[PrincipalId], [f].[ProviderId], [f].[QuoteHash], [f].[QuoteId], [f].[TotalAmount], [f].[Version]
      FROM [FulfilmentIntents] AS [f]
      INNER JOIN [FulfilmentExecutions] AS [f0] ON [f].[FulfilmentIntentId] = [f0].[FulfilmentIntentId]
      WHERE [f0].[Status] IN (N'Unknown', N'Pending') AND ([f0].[NextReconciliationAt] IS NULL OR [f0].[NextReconciliationAt] <= @__now_0) AND [f0].[ReconciliationAttempts] < 8
      ORDER BY [f0].[UpdatedAt]
info: Microsoft.EntityFrameworkCore.Database.Command[20101]
      Executed DbCommand (0ms) [Parameters=[@__p_1='?' (DbType = Int32), @__now_0='?' (DbType = DateTimeOffset)], CommandType='Text', CommandTimeout='30']
      SELECT TOP(@__p_1) [f].[FulfilmentIntentId], [f].[AgentId], [f].[CreatedAt], [f].[Currency], [f].[DestinationReference], [f].[ExpiresAt], [f].[MerchantOrderId], [f].[Mode], [f].[PickupLocationId], [f].[PrincipalId], [f].[ProviderId], [f].[QuoteHash], [f].[QuoteId], [f].[TotalAmount], [f].[Version]
      FROM [FulfilmentIntents] AS [f]
      INNER JOIN [FulfilmentExecutions] AS [f0] ON [f].[FulfilmentIntentId] = [f0].[FulfilmentIntentId]
      WHERE [f0].[Status] IN (N'Unknown', N'Pending') AND ([f0].[NextReconciliationAt] IS NULL OR [f0].[NextReconciliationAt] <= @__now_0) AND [f0].[ReconciliationAttempts] < 8
      ORDER BY [f0].[UpdatedAt]
info: Microsoft.EntityFrameworkCore.Database.Command[20101]
      Executed DbCommand (9ms) [Parameters=[@__p_1='?' (DbType = Int32), @__now_0='?' (DbType = DateTimeOffset)], CommandType='Text', CommandTimeout='30']
      SELECT TOP(@__p_1) [f].[FulfilmentIntentId], [f].[AgentId], [f].[CreatedAt], [f].[Currency], [f].[DestinationReference], [f].[ExpiresAt], [f].[MerchantOrderId], [f].[Mode], [f].[PickupLocationId], [f].[PrincipalId], [f].[ProviderId], [f].[QuoteHash], [f].[QuoteId], [f].[TotalAmount], [f].[Version]
      FROM [FulfilmentIntents] AS [f]
      INNER JOIN [FulfilmentExecutions] AS [f0] ON [f].[FulfilmentIntentId] = [f0].[FulfilmentIntentId]
      WHERE [f0].[Status] IN (N'Unknown', N'Pending') AND ([f0].[NextReconciliationAt] IS NULL OR [f0].[NextReconciliationAt] <= @__now_0) AND [f0].[ReconciliationAttempts] < 8
      ORDER BY [f0].[UpdatedAt]
info: Microsoft.EntityFrameworkCore.Database.Command[20101]
      Executed DbCommand (1ms) [Parameters=[@__p_1='?' (DbType = Int32), @__now_0='?' (DbType = DateTimeOffset)], CommandType='Text', CommandTimeout='30']
      SELECT TOP(@__p_1) [f].[FulfilmentIntentId], [f].[AgentId], [f].[CreatedAt], [f].[Currency], [f].[DestinationReference], [f].[ExpiresAt], [f].[MerchantOrderId], [f].[Mode], [f].[PickupLocationId], [f].[PrincipalId], [f].[ProviderId], [f].[QuoteHash], [f].[QuoteId], [f].[TotalAmount], [f].[Version]
      FROM [FulfilmentIntents] AS [f]
      INNER JOIN [FulfilmentExecutions] AS [f0] ON [f].[FulfilmentIntentId] = [f0].[FulfilmentIntentId]
      WHERE [f0].[Status] IN (N'Unknown', N'Pending') AND ([f0].[NextReconciliationAt] IS NULL OR [f0].[NextReconciliationAt] <= @__now_0) AND [f0].[ReconciliationAttempts] < 8
      ORDER BY [f0].[UpdatedAt]
info: Microsoft.EntityFrameworkCore.Database.Command[20101]
      Executed DbCommand (54ms) [Parameters=[@__p_1='?' (DbType = Int32), @__now_0='?' (DbType = DateTimeOffset)], CommandType='Text', CommandTimeout='30']
      SELECT TOP(@__p_1) [f].[FulfilmentIntentId], [f].[AgentId], [f].[CreatedAt], [f].[Currency], [f].[DestinationReference], [f].[ExpiresAt], [f].[MerchantOrderId], [f].[Mode], [f].[PickupLocationId], [f].[PrincipalId], [f].[ProviderId], [f].[QuoteHash], [f].[QuoteId], [f].[TotalAmount], [f].[Version]
      FROM [FulfilmentIntents] AS [f]
      INNER JOIN [FulfilmentExecutions] AS [f0] ON [f].[FulfilmentIntentId] = [f0].[FulfilmentIntentId]
      WHERE [f0].[Status] IN (N'Unknown', N'Pending') AND ([f0].[NextReconciliationAt] IS NULL OR [f0].[NextReconciliationAt] <= @__now_0) AND [f0].[ReconciliationAttempts] < 8
      ORDER BY [f0].[UpdatedAt]
info: Microsoft.EntityFrameworkCore.Database.Command[20101]
      Executed DbCommand (6ms) [Parameters=[@__p_1='?' (DbType = Int32), @__now_0='?' (DbType = DateTimeOffset)], CommandType='Text', CommandTimeout='30']
      SELECT TOP(@__p_1) [f].[FulfilmentIntentId], [f].[AgentId], [f].[CreatedAt], [f].[Currency], [f].[DestinationReference], [f].[ExpiresAt], [f].[MerchantOrderId], [f].[Mode], [f].[PickupLocationId], [f].[PrincipalId], [f].[ProviderId], [f].[QuoteHash], [f].[QuoteId], [f].[TotalAmount], [f].[Version]
      FROM [FulfilmentIntents] AS [f]
      INNER JOIN [FulfilmentExecutions] AS [f0] ON [f].[FulfilmentIntentId] = [f0].[FulfilmentIntentId]
      WHERE [f0].[Status] IN (N'Unknown', N'Pending') AND ([f0].[NextReconciliationAt] IS NULL OR [f0].[NextReconciliationAt] <= @__now_0) AND [f0].[ReconciliationAttempts] < 8
      ORDER BY [f0].[UpdatedAt]
info: Microsoft.EntityFrameworkCore.Database.Command[20101]
      Executed DbCommand (15ms) [Parameters=[@__p_1='?' (DbType = Int32), @__now_0='?' (DbType = DateTimeOffset)], CommandType='Text', CommandTimeout='30']
      SELECT TOP(@__p_1) [f].[FulfilmentIntentId], [f].[AgentId], [f].[CreatedAt], [f].[Currency], [f].[DestinationReference], [f].[ExpiresAt], [f].[MerchantOrderId], [f].[Mode], [f].[PickupLocationId], [f].[PrincipalId], [f].[ProviderId], [f].[QuoteHash], [f].[QuoteId], [f].[TotalAmount], [f].[Version]
      FROM [FulfilmentIntents] AS [f]
      INNER JOIN [FulfilmentExecutions] AS [f0] ON [f].[FulfilmentIntentId] = [f0].[FulfilmentIntentId]
      WHERE [f0].[Status] IN (N'Unknown', N'Pending') AND ([f0].[NextReconciliationAt] IS NULL OR [f0].[NextReconciliationAt] <= @__now_0) AND [f0].[ReconciliationAttempts] < 8
      ORDER BY [f0].[UpdatedAt]
info: Microsoft.EntityFrameworkCore.Database.Command[20101]
      Executed DbCommand (5ms) [Parameters=[@__p_1='?' (DbType = Int32), @__now_0='?' (DbType = DateTimeOffset)], CommandType='Text', CommandTimeout='30']
      SELECT TOP(@__p_1) [f].[FulfilmentIntentId], [f].[AgentId], [f].[CreatedAt], [f].[Currency], [f].[DestinationReference], [f].[ExpiresAt], [f].[MerchantOrderId], [f].[Mode], [f].[PickupLocationId], [f].[PrincipalId], [f].[ProviderId], [f].[QuoteHash], [f].[QuoteId], [f].[TotalAmount], [f].[Version]
      FROM [FulfilmentIntents] AS [f]
      INNER JOIN [FulfilmentExecutions] AS [f0] ON [f].[FulfilmentIntentId] = [f0].[FulfilmentIntentId]
      WHERE [f0].[Status] IN (N'Unknown', N'Pending') AND ([f0].[NextReconciliationAt] IS NULL OR [f0].[NextReconciliationAt] <= @__now_0) AND [f0].[ReconciliationAttempts] < 8
      ORDER BY [f0].[UpdatedAt]
info: Microsoft.EntityFrameworkCore.Database.Command[20101]
      Executed DbCommand (14ms) [Parameters=[@__p_1='?' (DbType = Int32), @__now_0='?' (DbType = DateTimeOffset)], CommandType='Text', CommandTimeout='30']
      SELECT TOP(@__p_1) [f].[FulfilmentIntentId], [f].[AgentId], [f].[CreatedAt], [f].[Currency], [f].[DestinationReference], [f].[ExpiresAt], [f].[MerchantOrderId], [f].[Mode], [f].[PickupLocationId], [f].[PrincipalId], [f].[ProviderId], [f].[QuoteHash], [f].[QuoteId], [f].[TotalAmount], [f].[Version]
      FROM [FulfilmentIntents] AS [f]
      INNER JOIN [FulfilmentExecutions] AS [f0] ON [f].[FulfilmentIntentId] = [f0].[FulfilmentIntentId]
      WHERE [f0].[Status] IN (N'Unknown', N'Pending') AND ([f0].[NextReconciliationAt] IS NULL OR [f0].[NextReconciliationAt] <= @__now_0) AND [f0].[ReconciliationAttempts] < 8
      ORDER BY [f0].[UpdatedAt]
info: Microsoft.EntityFrameworkCore.Database.Command[20101]
      Executed DbCommand (1ms) [Parameters=[@__p_1='?' (DbType = Int32), @__now_0='?' (DbType = DateTimeOffset)], CommandType='Text', CommandTimeout='30']
      SELECT TOP(@__p_1) [f].[FulfilmentIntentId], [f].[AgentId], [f].[CreatedAt], [f].[Currency], [f].[DestinationReference], [f].[ExpiresAt], [f].[MerchantOrderId], [f].[Mode], [f].[PickupLocationId], [f].[PrincipalId], [f].[ProviderId], [f].[QuoteHash], [f].[QuoteId], [f].[TotalAmount], [f].[Version]
      FROM [FulfilmentIntents] AS [f]
      INNER JOIN [FulfilmentExecutions] AS [f0] ON [f].[FulfilmentIntentId] = [f0].[FulfilmentIntentId]
      WHERE [f0].[Status] IN (N'Unknown', N'Pending') AND ([f0].[NextReconciliationAt] IS NULL OR [f0].[NextReconciliationAt] <= @__now_0) AND [f0].[ReconciliationAttempts] < 8
      ORDER BY [f0].[UpdatedAt]
info: Microsoft.EntityFrameworkCore.Database.Command[20101]
      Executed DbCommand (16ms) [Parameters=[@__p_1='?' (DbType = Int32), @__now_0='?' (DbType = DateTimeOffset)], CommandType='Text', CommandTimeout='30']
      SELECT TOP(@__p_1) [f].[FulfilmentIntentId], [f].[AgentId], [f].[CreatedAt], [f].[Currency], [f].[DestinationReference], [f].[ExpiresAt], [f].[MerchantOrderId], [f].[Mode], [f].[PickupLocationId], [f].[PrincipalId], [f].[ProviderId], [f].[QuoteHash], [f].[QuoteId], [f].[TotalAmount], [f].[Version]
      FROM [FulfilmentIntents] AS [f]
      INNER JOIN [FulfilmentExecutions] AS [f0] ON [f].[FulfilmentIntentId] = [f0].[FulfilmentIntentId]
      WHERE [f0].[Status] IN (N'Unknown', N'Pending') AND ([f0].[NextReconciliationAt] IS NULL OR [f0].[NextReconciliationAt] <= @__now_0) AND [f0].[ReconciliationAttempts] < 8
      ORDER BY [f0].[UpdatedAt]
info: Microsoft.EntityFrameworkCore.Database.Command[20101]
      Executed DbCommand (17ms) [Parameters=[@__p_1='?' (DbType = Int32), @__now_0='?' (DbType = DateTimeOffset)], CommandType='Text', CommandTimeout='30']
      SELECT TOP(@__p_1) [f].[FulfilmentIntentId], [f].[AgentId], [f].[CreatedAt], [f].[Currency], [f].[DestinationReference], [f].[ExpiresAt], [f].[MerchantOrderId], [f].[Mode], [f].[PickupLocationId], [f].[PrincipalId], [f].[ProviderId], [f].[QuoteHash], [f].[QuoteId], [f].[TotalAmount], [f].[Version]
      FROM [FulfilmentIntents] AS [f]
      INNER JOIN [FulfilmentExecutions] AS [f0] ON [f].[FulfilmentIntentId] = [f0].[FulfilmentIntentId]
      WHERE [f0].[Status] IN (N'Unknown', N'Pending') AND ([f0].[NextReconciliationAt] IS NULL OR [f0].[NextReconciliationAt] <= @__now_0) AND [f0].[ReconciliationAttempts] < 8
      ORDER BY [f0].[UpdatedAt]
info: Microsoft.EntityFrameworkCore.Database.Command[20101]
      Executed DbCommand (18ms) [Parameters=[@__p_1='?' (DbType = Int32), @__now_0='?' (DbType = DateTimeOffset)], CommandType='Text', CommandTimeout='30']
      SELECT TOP(@__p_1) [f].[FulfilmentIntentId], [f].[AgentId], [f].[CreatedAt], [f].[Currency], [f].[DestinationReference], [f].[ExpiresAt], [f].[MerchantOrderId], [f].[Mode], [f].[PickupLocationId], [f].[PrincipalId], [f].[ProviderId], [f].[QuoteHash], [f].[QuoteId], [f].[TotalAmount], [f].[Version]
      FROM [FulfilmentIntents] AS [f]
      INNER JOIN [FulfilmentExecutions] AS [f0] ON [f].[FulfilmentIntentId] = [f0].[FulfilmentIntentId]
      WHERE [f0].[Status] IN (N'Unknown', N'Pending') AND ([f0].[NextReconciliationAt] IS NULL OR [f0].[NextReconciliationAt] <= @__now_0) AND [f0].[ReconciliationAttempts] < 8
      ORDER BY [f0].[UpdatedAt]
info: Microsoft.EntityFrameworkCore.Database.Command[20101]
      Executed DbCommand (17ms) [Parameters=[@__p_1='?' (DbType = Int32), @__now_0='?' (DbType = DateTimeOffset)], CommandType='Text', CommandTimeout='30']
      SELECT TOP(@__p_1) [f].[FulfilmentIntentId], [f].[AgentId], [f].[CreatedAt], [f].[Currency], [f].[DestinationReference], [f].[ExpiresAt], [f].[MerchantOrderId], [f].[Mode], [f].[PickupLocationId], [f].[PrincipalId], [f].[ProviderId], [f].[QuoteHash], [f].[QuoteId], [f].[TotalAmount], [f].[Version]
      FROM [FulfilmentIntents] AS [f]
      INNER JOIN [FulfilmentExecutions] AS [f0] ON [f].[FulfilmentIntentId] = [f0].[FulfilmentIntentId]
      WHERE [f0].[Status] IN (N'Unknown', N'Pending') AND ([f0].[NextReconciliationAt] IS NULL OR [f0].[NextReconciliationAt] <= @__now_0) AND [f0].[ReconciliationAttempts] < 8
      ORDER BY [f0].[UpdatedAt]
info: Microsoft.EntityFrameworkCore.Database.Command[20101]
      Executed DbCommand (6ms) [Parameters=[@__p_1='?' (DbType = Int32), @__now_0='?' (DbType = DateTimeOffset)], CommandType='Text', CommandTimeout='30']
      SELECT TOP(@__p_1) [f].[FulfilmentIntentId], [f].[AgentId], [f].[CreatedAt], [f].[Currency], [f].[DestinationReference], [f].[ExpiresAt], [f].[MerchantOrderId], [f].[Mode], [f].[PickupLocationId], [f].[PrincipalId], [f].[ProviderId], [f].[QuoteHash], [f].[QuoteId], [f].[TotalAmount], [f].[Version]
      FROM [FulfilmentIntents] AS [f]
      INNER JOIN [FulfilmentExecutions] AS [f0] ON [f].[FulfilmentIntentId] = [f0].[FulfilmentIntentId]
      WHERE [f0].[Status] IN (N'Unknown', N'Pending') AND ([f0].[NextReconciliationAt] IS NULL OR [f0].[NextReconciliationAt] <= @__now_0) AND [f0].[ReconciliationAttempts] < 8
      ORDER BY [f0].[UpdatedAt]
info: Microsoft.EntityFrameworkCore.Database.Command[20101]
      Executed DbCommand (23ms) [Parameters=[@__p_1='?' (DbType = Int32), @__now_0='?' (DbType = DateTimeOffset)], CommandType='Text', CommandTimeout='30']
      SELECT TOP(@__p_1) [f].[FulfilmentIntentId], [f].[AgentId], [f].[CreatedAt], [f].[Currency], [f].[DestinationReference], [f].[ExpiresAt], [f].[MerchantOrderId], [f].[Mode], [f].[PickupLocationId], [f].[PrincipalId], [f].[ProviderId], [f].[QuoteHash], [f].[QuoteId], [f].[TotalAmount], [f].[Version]
      FROM [FulfilmentIntents] AS [f]
      INNER JOIN [FulfilmentExecutions] AS [f0] ON [f].[FulfilmentIntentId] = [f0].[FulfilmentIntentId]
      WHERE [f0].[Status] IN (N'Unknown', N'Pending') AND ([f0].[NextReconciliationAt] IS NULL OR [f0].[NextReconciliationAt] <= @__now_0) AND [f0].[ReconciliationAttempts] < 8
      ORDER BY [f0].[UpdatedAt]
info: Microsoft.EntityFrameworkCore.Database.Command[20101]
      Executed DbCommand (7ms) [Parameters=[@__p_1='?' (DbType = Int32), @__now_0='?' (DbType = DateTimeOffset)], CommandType='Text', CommandTimeout='30']
      SELECT TOP(@__p_1) [f].[FulfilmentIntentId], [f].[AgentId], [f].[CreatedAt], [f].[Currency], [f].[DestinationReference], [f].[ExpiresAt], [f].[MerchantOrderId], [f].[Mode], [f].[PickupLocationId], [f].[PrincipalId], [f].[ProviderId], [f].[QuoteHash], [f].[QuoteId], [f].[TotalAmount], [f].[Version]
      FROM [FulfilmentIntents] AS [f]
      INNER JOIN [FulfilmentExecutions] AS [f0] ON [f].[FulfilmentIntentId] = [f0].[FulfilmentIntentId]
      WHERE [f0].[Status] IN (N'Unknown', N'Pending') AND ([f0].[NextReconciliationAt] IS NULL OR [f0].[NextReconciliationAt] <= @__now_0) AND [f0].[ReconciliationAttempts] < 8
      ORDER BY [f0].[UpdatedAt]
info: Microsoft.EntityFrameworkCore.Database.Command[20101]
      Executed DbCommand (7ms) [Parameters=[@__p_1='?' (DbType = Int32), @__now_0='?' (DbType = DateTimeOffset)], CommandType='Text', CommandTimeout='30']
      SELECT TOP(@__p_1) [f].[FulfilmentIntentId], [f].[AgentId], [f].[CreatedAt], [f].[Currency], [f].[DestinationReference], [f].[ExpiresAt], [f].[MerchantOrderId], [f].[Mode], [f].[PickupLocationId], [f].[PrincipalId], [f].[ProviderId], [f].[QuoteHash], [f].[QuoteId], [f].[TotalAmount], [f].[Version]
      FROM [FulfilmentIntents] AS [f]
      INNER JOIN [FulfilmentExecutions] AS [f0] ON [f].[FulfilmentIntentId] = [f0].[FulfilmentIntentId]
      WHERE [f0].[Status] IN (N'Unknown', N'Pending') AND ([f0].[NextReconciliationAt] IS NULL OR [f0].[NextReconciliationAt] <= @__now_0) AND [f0].[ReconciliationAttempts] < 8
      ORDER BY [f0].[UpdatedAt]
info: Microsoft.EntityFrameworkCore.Database.Command[20101]
      Executed DbCommand (152ms) [Parameters=[@__p_1='?' (DbType = Int32), @__now_0='?' (DbType = DateTimeOffset)], CommandType='Text', CommandTimeout='30']
      SELECT TOP(@__p_1) [f].[FulfilmentIntentId], [f].[AgentId], [f].[CreatedAt], [f].[Currency], [f].[DestinationReference], [f].[ExpiresAt], [f].[MerchantOrderId], [f].[Mode], [f].[PickupLocationId], [f].[PrincipalId], [f].[ProviderId], [f].[QuoteHash], [f].[QuoteId], [f].[TotalAmount], [f].[Version]
      FROM [FulfilmentIntents] AS [f]
      INNER JOIN [FulfilmentExecutions] AS [f0] ON [f].[FulfilmentIntentId] = [f0].[FulfilmentIntentId]
      WHERE [f0].[Status] IN (N'Unknown', N'Pending') AND ([f0].[NextReconciliationAt] IS NULL OR [f0].[NextReconciliationAt] <= @__now_0) AND [f0].[ReconciliationAttempts] < 8
      ORDER BY [f0].[UpdatedAt]
info: Microsoft.EntityFrameworkCore.Database.Command[20101]
      Executed DbCommand (7ms) [Parameters=[@__p_1='?' (DbType = Int32), @__now_0='?' (DbType = DateTimeOffset)], CommandType='Text', CommandTimeout='30']
      SELECT TOP(@__p_1) [f].[FulfilmentIntentId], [f].[AgentId], [f].[CreatedAt], [f].[Currency], [f].[DestinationReference], [f].[ExpiresAt], [f].[MerchantOrderId], [f].[Mode], [f].[PickupLocationId], [f].[PrincipalId], [f].[ProviderId], [f].[QuoteHash], [f].[QuoteId], [f].[TotalAmount], [f].[Version]
      FROM [FulfilmentIntents] AS [f]
      INNER JOIN [FulfilmentExecutions] AS [f0] ON [f].[FulfilmentIntentId] = [f0].[FulfilmentIntentId]
      WHERE [f0].[Status] IN (N'Unknown', N'Pending') AND ([f0].[NextReconciliationAt] IS NULL OR [f0].[NextReconciliationAt] <= @__now_0) AND [f0].[ReconciliationAttempts] < 8
      ORDER BY [f0].[UpdatedAt]
info: Microsoft.EntityFrameworkCore.Database.Command[20101]
      Executed DbCommand (10ms) [Parameters=[@__p_1='?' (DbType = Int32), @__now_0='?' (DbType = DateTimeOffset)], CommandType='Text', CommandTimeout='30']
      SELECT TOP(@__p_1) [f].[FulfilmentIntentId], [f].[AgentId], [f].[CreatedAt], [f].[Currency], [f].[DestinationReference], [f].[ExpiresAt], [f].[MerchantOrderId], [f].[Mode], [f].[PickupLocationId], [f].[PrincipalId], [f].[ProviderId], [f].[QuoteHash], [f].[QuoteId], [f].[TotalAmount], [f].[Version]
      FROM [FulfilmentIntents] AS [f]
      INNER JOIN [FulfilmentExecutions] AS [f0] ON [f].[FulfilmentIntentId] = [f0].[FulfilmentIntentId]
      WHERE [f0].[Status] IN (N'Unknown', N'Pending') AND ([f0].[NextReconciliationAt] IS NULL OR [f0].[NextReconciliationAt] <= @__now_0) AND [f0].[ReconciliationAttempts] < 8
      ORDER BY [f0].[UpdatedAt]
info: Microsoft.EntityFrameworkCore.Database.Command[20101]
      Executed DbCommand (44ms) [Parameters=[@__p_1='?' (DbType = Int32), @__now_0='?' (DbType = DateTimeOffset)], CommandType='Text', CommandTimeout='30']
      SELECT TOP(@__p_1) [f].[FulfilmentIntentId], [f].[AgentId], [f].[CreatedAt], [f].[Currency], [f].[DestinationReference], [f].[ExpiresAt], [f].[MerchantOrderId], [f].[Mode], [f].[PickupLocationId], [f].[PrincipalId], [f].[ProviderId], [f].[QuoteHash], [f].[QuoteId], [f].[TotalAmount], [f].[Version]
      FROM [FulfilmentIntents] AS [f]
      INNER JOIN [FulfilmentExecutions] AS [f0] ON [f].[FulfilmentIntentId] = [f0].[FulfilmentIntentId]
      WHERE [f0].[Status] IN (N'Unknown', N'Pending') AND ([f0].[NextReconciliationAt] IS NULL OR [f0].[NextReconciliationAt] <= @__now_0) AND [f0].[ReconciliationAttempts] < 8
      ORDER BY [f0].[UpdatedAt]
info: Microsoft.EntityFrameworkCore.Database.Command[20101]
      Executed DbCommand (14ms) [Parameters=[@__p_1='?' (DbType = Int32), @__now_0='?' (DbType = DateTimeOffset)], CommandType='Text', CommandTimeout='30']
      SELECT TOP(@__p_1) [f].[FulfilmentIntentId], [f].[AgentId], [f].[CreatedAt], [f].[Currency], [f].[DestinationReference], [f].[ExpiresAt], [f].[MerchantOrderId], [f].[Mode], [f].[PickupLocationId], [f].[PrincipalId], [f].[ProviderId], [f].[QuoteHash], [f].[QuoteId], [f].[TotalAmount], [f].[Version]
      FROM [FulfilmentIntents] AS [f]
      INNER JOIN [FulfilmentExecutions] AS [f0] ON [f].[FulfilmentIntentId] = [f0].[FulfilmentIntentId]
      WHERE [f0].[Status] IN (N'Unknown', N'Pending') AND ([f0].[NextReconciliationAt] IS NULL OR [f0].[NextReconciliationAt] <= @__now_0) AND [f0].[ReconciliationAttempts] < 8
      ORDER BY [f0].[UpdatedAt]
info: Microsoft.EntityFrameworkCore.Database.Command[20101]
      Executed DbCommand (11ms) [Parameters=[@__p_1='?' (DbType = Int32), @__now_0='?' (DbType = DateTimeOffset)], CommandType='Text', CommandTimeout='30']
      SELECT TOP(@__p_1) [f].[FulfilmentIntentId], [f].[AgentId], [f].[CreatedAt], [f].[Currency], [f].[DestinationReference], [f].[ExpiresAt], [f].[MerchantOrderId], [f].[Mode], [f].[PickupLocationId], [f].[PrincipalId], [f].[ProviderId], [f].[QuoteHash], [f].[QuoteId], [f].[TotalAmount], [f].[Version]
      FROM [FulfilmentIntents] AS [f]
      INNER JOIN [FulfilmentExecutions] AS [f0] ON [f].[FulfilmentIntentId] = [f0].[FulfilmentIntentId]
      WHERE [f0].[Status] IN (N'Unknown', N'Pending') AND ([f0].[NextReconciliationAt] IS NULL OR [f0].[NextReconciliationAt] <= @__now_0) AND [f0].[ReconciliationAttempts] < 8
      ORDER BY [f0].[UpdatedAt]
info: Microsoft.EntityFrameworkCore.Database.Command[20101]
      Executed DbCommand (11ms) [Parameters=[@__p_1='?' (DbType = Int32), @__now_0='?' (DbType = DateTimeOffset)], CommandType='Text', CommandTimeout='30']
      SELECT TOP(@__p_1) [f].[FulfilmentIntentId], [f].[AgentId], [f].[CreatedAt], [f].[Currency], [f].[DestinationReference], [f].[ExpiresAt], [f].[MerchantOrderId], [f].[Mode], [f].[PickupLocationId], [f].[PrincipalId], [f].[ProviderId], [f].[QuoteHash], [f].[QuoteId], [f].[TotalAmount], [f].[Version]
      FROM [FulfilmentIntents] AS [f]
      INNER JOIN [FulfilmentExecutions] AS [f0] ON [f].[FulfilmentIntentId] = [f0].[FulfilmentIntentId]
      WHERE [f0].[Status] IN (N'Unknown', N'Pending') AND ([f0].[NextReconciliationAt] IS NULL OR [f0].[NextReconciliationAt] <= @__now_0) AND [f0].[ReconciliationAttempts] < 8
      ORDER BY [f0].[UpdatedAt]
info: Microsoft.EntityFrameworkCore.Database.Command[20101]
      Executed DbCommand (6ms) [Parameters=[@__p_1='?' (DbType = Int32), @__now_0='?' (DbType = DateTimeOffset)], CommandType='Text', CommandTimeout='30']
      SELECT TOP(@__p_1) [f].[FulfilmentIntentId], [f].[AgentId], [f].[CreatedAt], [f].[Currency], [f].[DestinationReference], [f].[ExpiresAt], [f].[MerchantOrderId], [f].[Mode], [f].[PickupLocationId], [f].[PrincipalId], [f].[ProviderId], [f].[QuoteHash], [f].[QuoteId], [f].[TotalAmount], [f].[Version]
      FROM [FulfilmentIntents] AS [f]
      INNER JOIN [FulfilmentExecutions] AS [f0] ON [f].[FulfilmentIntentId] = [f0].[FulfilmentIntentId]
      WHERE [f0].[Status] IN (N'Unknown', N'Pending') AND ([f0].[NextReconciliationAt] IS NULL OR [f0].[NextReconciliationAt] <= @__now_0) AND [f0].[ReconciliationAttempts] < 8
      ORDER BY [f0].[UpdatedAt]
info: Microsoft.EntityFrameworkCore.Database.Command[20101]
      Executed DbCommand (8ms) [Parameters=[@__p_1='?' (DbType = Int32), @__now_0='?' (DbType = DateTimeOffset)], CommandType='Text', CommandTimeout='30']
      SELECT TOP(@__p_1) [f].[FulfilmentIntentId], [f].[AgentId], [f].[CreatedAt], [f].[Currency], [f].[DestinationReference], [f].[ExpiresAt], [f].[MerchantOrderId], [f].[Mode], [f].[PickupLocationId], [f].[PrincipalId], [f].[ProviderId], [f].[QuoteHash], [f].[QuoteId], [f].[TotalAmount], [f].[Version]
      FROM [FulfilmentIntents] AS [f]
      INNER JOIN [FulfilmentExecutions] AS [f0] ON [f].[FulfilmentIntentId] = [f0].[FulfilmentIntentId]
      WHERE [f0].[Status] IN (N'Unknown', N'Pending') AND ([f0].[NextReconciliationAt] IS NULL OR [f0].[NextReconciliationAt] <= @__now_0) AND [f0].[ReconciliationAttempts] < 8
      ORDER BY [f0].[UpdatedAt]
info: Microsoft.EntityFrameworkCore.Database.Command[20101]
      Executed DbCommand (11ms) [Parameters=[@__p_1='?' (DbType = Int32), @__now_0='?' (DbType = DateTimeOffset)], CommandType='Text', CommandTimeout='30']
      SELECT TOP(@__p_1) [f].[FulfilmentIntentId], [f].[AgentId], [f].[CreatedAt], [f].[Currency], [f].[DestinationReference], [f].[ExpiresAt], [f].[MerchantOrderId], [f].[Mode], [f].[PickupLocationId], [f].[PrincipalId], [f].[ProviderId], [f].[QuoteHash], [f].[QuoteId], [f].[TotalAmount], [f].[Version]
      FROM [FulfilmentIntents] AS [f]
      INNER JOIN [FulfilmentExecutions] AS [f0] ON [f].[FulfilmentIntentId] = [f0].[FulfilmentIntentId]
      WHERE [f0].[Status] IN (N'Unknown', N'Pending') AND ([f0].[NextReconciliationAt] IS NULL OR [f0].[NextReconciliationAt] <= @__now_0) AND [f0].[ReconciliationAttempts] < 8
      ORDER BY [f0].[UpdatedAt]
info: Microsoft.EntityFrameworkCore.Database.Command[20101]
      Executed DbCommand (12ms) [Parameters=[@__provider_0='?' (Size = 128), @__key_1='?' (Size = 256)], CommandType='Text', CommandTimeout='30']
      SELECT TOP(2) [a].[UserId]
      FROM [AspNetUserLogins] AS [a]
      WHERE [a].[LoginProvider] = @__provider_0 AND [a].[ProviderKey] = @__key_1
info: Microsoft.EntityFrameworkCore.Database.Command[20101]
      Executed DbCommand (1ms) [Parameters=[@__provider_0='?' (Size = 128), @__key_1='?' (Size = 256)], CommandType='Text', CommandTimeout='30']
      SELECT TOP(2) [a].[UserId]
      FROM [AspNetUserLogins] AS [a]
      WHERE [a].[LoginProvider] = @__provider_0 AND [a].[ProviderKey] = @__key_1
info: Microsoft.EntityFrameworkCore.Database.Command[20101]
      Executed DbCommand (14ms) [Parameters=[@__id_0='?' (Size = 128)], CommandType='Text', CommandTimeout='30']
      SELECT TOP(2) [a].[Id], [a].[AccessFailedCount], [a].[ConcurrencyStamp], [a].[CreatedAt], [a].[Email], [a].[EmailConfirmed], [a].[ExternalIssuer], [a].[ExternalSubject], [a].[LockoutEnabled], [a].[LockoutEnd], [a].[NormalizedEmail], [a].[NormalizedUserName], [a].[PasswordHash], [a].[PhoneNumber], [a].[PhoneNumberConfirmed], [a].[PrincipalId], [a].[SecurityStamp], [a].[TwoFactorEnabled], [a].[UserName], [a].[Version]
      FROM [AspNetUsers] AS [a]
      WHERE [a].[Id] = @__id_0
info: Microsoft.EntityFrameworkCore.Database.Command[20101]
      Executed DbCommand (2ms) [Parameters=[@__id_0='?' (Size = 128)], CommandType='Text', CommandTimeout='30']
      SELECT TOP(2) [a].[Id], [a].[AccessFailedCount], [a].[ConcurrencyStamp], [a].[CreatedAt], [a].[Email], [a].[EmailConfirmed], [a].[ExternalIssuer], [a].[ExternalSubject], [a].[LockoutEnabled], [a].[LockoutEnd], [a].[NormalizedEmail], [a].[NormalizedUserName], [a].[PasswordHash], [a].[PhoneNumber], [a].[PhoneNumberConfirmed], [a].[PrincipalId], [a].[SecurityStamp], [a].[TwoFactorEnabled], [a].[UserName], [a].[Version]
      FROM [AspNetUsers] AS [a]
      WHERE [a].[Id] = @__id_0
info: Microsoft.EntityFrameworkCore.Database.Command[20101]
      Executed DbCommand (1ms) [Parameters=[@__provider_0='?' (Size = 128), @__key_1='?' (Size = 256)], CommandType='Text', CommandTimeout='30']
      SELECT TOP(2) [a].[UserId]
      FROM [AspNetUserLogins] AS [a]
      WHERE [a].[LoginProvider] = @__provider_0 AND [a].[ProviderKey] = @__key_1
info: Microsoft.EntityFrameworkCore.Database.Command[20101]
      Executed DbCommand (0ms) [Parameters=[@__id_0='?' (Size = 128)], CommandType='Text', CommandTimeout='30']
      SELECT TOP(2) [a].[Id], [a].[AccessFailedCount], [a].[ConcurrencyStamp], [a].[CreatedAt], [a].[Email], [a].[EmailConfirmed], [a].[ExternalIssuer], [a].[ExternalSubject], [a].[LockoutEnabled], [a].[LockoutEnd], [a].[NormalizedEmail], [a].[NormalizedUserName], [a].[PasswordHash], [a].[PhoneNumber], [a].[PhoneNumberConfirmed], [a].[PrincipalId], [a].[SecurityStamp], [a].[TwoFactorEnabled], [a].[UserName], [a].[Version]
      FROM [AspNetUsers] AS [a]
      WHERE [a].[Id] = @__id_0
info: Microsoft.EntityFrameworkCore.Database.Command[20101]
      Executed DbCommand (1ms) [Parameters=[@__provider_0='?' (Size = 128), @__key_1='?' (Size = 256)], CommandType='Text', CommandTimeout='30']
      SELECT TOP(2) [a].[UserId]
      FROM [AspNetUserLogins] AS [a]
      WHERE [a].[LoginProvider] = @__provider_0 AND [a].[ProviderKey] = @__key_1
info: Microsoft.EntityFrameworkCore.Database.Command[20101]
      Executed DbCommand (1ms) [Parameters=[@__provider_0='?' (Size = 128), @__key_1='?' (Size = 256)], CommandType='Text', CommandTimeout='30']
      SELECT TOP(2) [a].[UserId]
      FROM [AspNetUserLogins] AS [a]
      WHERE [a].[LoginProvider] = @__provider_0 AND [a].[ProviderKey] = @__key_1
info: Microsoft.EntityFrameworkCore.Database.Command[20101]
      Executed DbCommand (1ms) [Parameters=[@__provider_0='?' (Size = 128), @__key_1='?' (Size = 256)], CommandType='Text', CommandTimeout='30']
      SELECT TOP(2) [a].[UserId]
      FROM [AspNetUserLogins] AS [a]
      WHERE [a].[LoginProvider] = @__provider_0 AND [a].[ProviderKey] = @__key_1
info: Microsoft.EntityFrameworkCore.Database.Command[20101]
      Executed DbCommand (0ms) [Parameters=[@__id_0='?' (Size = 128)], CommandType='Text', CommandTimeout='30']
      SELECT TOP(2) [a].[Id], [a].[AccessFailedCount], [a].[ConcurrencyStamp], [a].[CreatedAt], [a].[Email], [a].[EmailConfirmed], [a].[ExternalIssuer], [a].[ExternalSubject], [a].[LockoutEnabled], [a].[LockoutEnd], [a].[NormalizedEmail], [a].[NormalizedUserName], [a].[PasswordHash], [a].[PhoneNumber], [a].[PhoneNumberConfirmed], [a].[PrincipalId], [a].[SecurityStamp], [a].[TwoFactorEnabled], [a].[UserName], [a].[Version]
      FROM [AspNetUsers] AS [a]
      WHERE [a].[Id] = @__id_0
info: Microsoft.EntityFrameworkCore.Database.Command[20101]
      Executed DbCommand (0ms) [Parameters=[@__id_0='?' (Size = 128)], CommandType='Text', CommandTimeout='30']
      SELECT TOP(2) [a].[Id], [a].[AccessFailedCount], [a].[ConcurrencyStamp], [a].[CreatedAt], [a].[Email], [a].[EmailConfirmed], [a].[ExternalIssuer], [a].[ExternalSubject], [a].[LockoutEnabled], [a].[LockoutEnd], [a].[NormalizedEmail], [a].[NormalizedUserName], [a].[PasswordHash], [a].[PhoneNumber], [a].[PhoneNumberConfirmed], [a].[PrincipalId], [a].[SecurityStamp], [a].[TwoFactorEnabled], [a].[UserName], [a].[Version]
      FROM [AspNetUsers] AS [a]
      WHERE [a].[Id] = @__id_0
info: Microsoft.EntityFrameworkCore.Database.Command[20101]
      Executed DbCommand (0ms) [Parameters=[@__id_0='?' (Size = 128)], CommandType='Text', CommandTimeout='30']
      SELECT TOP(2) [a].[Id], [a].[AccessFailedCount], [a].[ConcurrencyStamp], [a].[CreatedAt], [a].[Email], [a].[EmailConfirmed], [a].[ExternalIssuer], [a].[ExternalSubject], [a].[LockoutEnabled], [a].[LockoutEnd], [a].[NormalizedEmail], [a].[NormalizedUserName], [a].[PasswordHash], [a].[PhoneNumber], [a].[PhoneNumberConfirmed], [a].[PrincipalId], [a].[SecurityStamp], [a].[TwoFactorEnabled], [a].[UserName], [a].[Version]
      FROM [AspNetUsers] AS [a]
      WHERE [a].[Id] = @__id_0
info: Microsoft.EntityFrameworkCore.Database.Command[20101]
      Executed DbCommand (7ms) [Parameters=[], CommandType='Text', CommandTimeout='30']
      SELECT [a].[SequenceNumber], [a].[AgentId], [a].[AuthorityId], [a].[CurrentHash], [a].[PolicyVersion], [a].[PreviousHash], [a].[PrincipalId], [a].[RecordJson], [a].[Timestamp], [a].[TransactionId]
      FROM [AuditRecords] AS [a]
      ORDER BY [a].[SequenceNumber]
info: Microsoft.EntityFrameworkCore.Database.Command[20101]
      Executed DbCommand (7ms) [Parameters=[], CommandType='Text', CommandTimeout='30']
      SELECT [a].[SequenceNumber], [a].[AgentId], [a].[AuthorityId], [a].[CurrentHash], [a].[PolicyVersion], [a].[PreviousHash], [a].[PrincipalId], [a].[RecordJson], [a].[Timestamp], [a].[TransactionId]
      FROM [AuditRecords] AS [a]
      ORDER BY [a].[SequenceNumber]
info: Microsoft.EntityFrameworkCore.Database.Command[20101]
      Executed DbCommand (8ms) [Parameters=[], CommandType='Text', CommandTimeout='30']
      SELECT [a].[SequenceNumber], [a].[AgentId], [a].[AuthorityId], [a].[CurrentHash], [a].[PolicyVersion], [a].[PreviousHash], [a].[PrincipalId], [a].[RecordJson], [a].[Timestamp], [a].[TransactionId]
      FROM [AuditRecords] AS [a]
      ORDER BY [a].[SequenceNumber]
info: Microsoft.EntityFrameworkCore.Database.Command[20101]
      Executed DbCommand (8ms) [Parameters=[], CommandType='Text', CommandTimeout='30']
      SELECT [a].[SequenceNumber], [a].[AgentId], [a].[AuthorityId], [a].[CurrentHash], [a].[PolicyVersion], [a].[PreviousHash], [a].[PrincipalId], [a].[RecordJson], [a].[Timestamp], [a].[TransactionId]
      FROM [AuditRecords] AS [a]
      ORDER BY [a].[SequenceNumber]
info: Microsoft.EntityFrameworkCore.Database.Command[20101]
      Executed DbCommand (9ms) [Parameters=[], CommandType='Text', CommandTimeout='30']
      SELECT [a].[SequenceNumber], [a].[AgentId], [a].[AuthorityId], [a].[CurrentHash], [a].[PolicyVersion], [a].[PreviousHash], [a].[PrincipalId], [a].[RecordJson], [a].[Timestamp], [a].[TransactionId]
      FROM [AuditRecords] AS [a]
      ORDER BY [a].[SequenceNumber]
info: Microsoft.EntityFrameworkCore.Database.Command[20101]
      Executed DbCommand (6ms) [Parameters=[@__principalId_0='?' (Size = 128)], CommandType='Text', CommandTimeout='30']
      SELECT TOP(2) [a].[Id], [a].[AccessFailedCount], [a].[ConcurrencyStamp], [a].[CreatedAt], [a].[Email], [a].[EmailConfirmed], [a].[ExternalIssuer], [a].[ExternalSubject], [a].[LockoutEnabled], [a].[LockoutEnd], [a].[NormalizedEmail], [a].[NormalizedUserName], [a].[PasswordHash], [a].[PhoneNumber], [a].[PhoneNumberConfirmed], [a].[PrincipalId], [a].[SecurityStamp], [a].[TwoFactorEnabled], [a].[UserName], [a].[Version]
      FROM [AspNetUsers] AS [a]
      WHERE [a].[PrincipalId] = @__principalId_0
info: Microsoft.EntityFrameworkCore.Database.Command[20101]
      Executed DbCommand (0ms) [Parameters=[@__provider_0='?' (Size = 128), @__key_1='?' (Size = 256)], CommandType='Text', CommandTimeout='30']
      SELECT TOP(2) [a].[UserId]
      FROM [AspNetUserLogins] AS [a]
      WHERE [a].[LoginProvider] = @__provider_0 AND [a].[ProviderKey] = @__key_1
info: Microsoft.EntityFrameworkCore.Database.Command[20101]
      Executed DbCommand (0ms) [Parameters=[@__id_0='?' (Size = 128)], CommandType='Text', CommandTimeout='30']
      SELECT TOP(2) [a].[Id], [a].[AccessFailedCount], [a].[ConcurrencyStamp], [a].[CreatedAt], [a].[Email], [a].[EmailConfirmed], [a].[ExternalIssuer], [a].[ExternalSubject], [a].[LockoutEnabled], [a].[LockoutEnd], [a].[NormalizedEmail], [a].[NormalizedUserName], [a].[PasswordHash], [a].[PhoneNumber], [a].[PhoneNumberConfirmed], [a].[PrincipalId], [a].[SecurityStamp], [a].[TwoFactorEnabled], [a].[UserName], [a].[Version]
      FROM [AspNetUsers] AS [a]
      WHERE [a].[Id] = @__id_0
info: Microsoft.EntityFrameworkCore.Database.Command[20101]
      Executed DbCommand (0ms) [Parameters=[], CommandType='Text', CommandTimeout='30']
      SELECT [a].[SequenceNumber], [a].[AgentId], [a].[AuthorityId], [a].[CurrentHash], [a].[PolicyVersion], [a].[PreviousHash], [a].[PrincipalId], [a].[RecordJson], [a].[Timestamp], [a].[TransactionId]
      FROM [AuditRecords] AS [a]
      ORDER BY [a].[SequenceNumber]
info: Microsoft.EntityFrameworkCore.Database.Command[20101]
      Executed DbCommand (8ms) [Parameters=[@__principalId_0='?' (Size = 4000)], CommandType='Text', CommandTimeout='30']
      SELECT [a].[AgentId], [a].[AgentType], [a].[CredentialStatus], [a].[Environment], [a].[ExpiresAt], [a].[IssuedAt], [a].[IssuerTrustAnchor], [a].[PrincipalId]
      FROM [Agents] AS [a]
      WHERE [a].[PrincipalId] = @__principalId_0
info: Microsoft.EntityFrameworkCore.Database.Command[20101]
      Executed DbCommand (9ms) [Parameters=[@__id_0='?' (Size = 450)], CommandType='Text', CommandTimeout='30']
      SELECT [c].[PaymentMethodId], [c].[CardBrand], [c].[ExpiryMonth], [c].[ExpiryYear], [c].[Last4], [c].[PrincipalId], [c].[Provider], [c].[ProviderCustomerReference], [c].[ProviderToken], [c].[Status], [c].[Version]
      FROM [ConsumerPaymentMethods] AS [c]
      WHERE [c].[PrincipalId] = @__id_0
info: Microsoft.EntityFrameworkCore.Database.Command[20101]
      Executed DbCommand (10ms) [Parameters=[@__principal_0='?' (Size = 450)], CommandType='Text', CommandTimeout='30']
      SELECT [p].[ExecutionId], [p].[CreatedAt], [p].[PrincipalId], [p].[ProviderPaymentId], [p].[PurchaseIntentId], [p].[ReasonsJson], [p].[RequiredAction], [p].[ScheduledFor], [p].[State], [p].[TaskId], [p].[TransactionId], [p].[UpdatedAt], [p].[Version]
      FROM [PurchaseExecutions] AS [p]
      WHERE [p].[PrincipalId] = @__principal_0
info: Microsoft.EntityFrameworkCore.Database.Command[20101]
      Executed DbCommand (1ms) [Parameters=[@__id_0='?' (Size = 450)], CommandType='Text', CommandTimeout='30']
      SELECT [c].[PaymentMethodId], [c].[CardBrand], [c].[ExpiryMonth], [c].[ExpiryYear], [c].[Last4], [c].[PrincipalId], [c].[Provider], [c].[ProviderCustomerReference], [c].[ProviderToken], [c].[Status], [c].[Version]
      FROM [ConsumerPaymentMethods] AS [c]
      WHERE [c].[PrincipalId] = @__id_0
info: Microsoft.EntityFrameworkCore.Database.Command[20101]
      Executed DbCommand (10ms) [Parameters=[@__principal_0='?' (Size = 450)], CommandType='Text', CommandTimeout='30']
      SELECT [c].[TaskId], [c].[AgentId], [c].[CreatedAt], [c].[Currency], [c].[MandateId], [c].[MandateVersion], [c].[MaximumAmount], [c].[MerchantScopeJson], [c].[NextExecutionAt], [c].[PaymentMethodId], [c].[PreferencesJson], [c].[PrincipalId], [c].[RecipientId], [c].[Schedule], [c].[ShoppingListJson], [c].[Status], [c].[Timezone], [c].[UpdatedAt], [c].[Version]
      FROM [ConsumerPurchaseTasks] AS [c]
      WHERE [c].[PrincipalId] = @__principal_0
info: Microsoft.EntityFrameworkCore.Database.Command[20101]
      Executed DbCommand (11ms) [Parameters=[@__id_0='?' (Size = 450)], CommandType='Text', CommandTimeout='30']
      SELECT [f].[MandateId], [f].[Version], [f].[AboveLimit], [f].[AgentId], [f].[ConcurrencyVersion], [f].[CreatedAt], [f].[Currency], [f].[DailyLimit], [f].[EffectiveFrom], [f].[ExpiresAt], [f].[Merchant], [f].[MonthlyLimit], [f].[PaymentMethodId], [f].[PerTransactionLimit], [f].[PrincipalId], [f].[Purpose], [f].[Status], [f].[SupersedesMandateId], [f].[TaskParametersJson], [f].[WeeklyLimit]
      FROM [FinancialMandates] AS [f]
      WHERE [f].[PrincipalId] = @__id_0
info: Microsoft.EntityFrameworkCore.Database.Command[20101]
      Executed DbCommand (1ms) [Parameters=[@__id_0='?' (Size = 450)], CommandType='Text', CommandTimeout='30']
      SELECT [f].[MandateId], [f].[Version], [f].[AboveLimit], [f].[AgentId], [f].[ConcurrencyVersion], [f].[CreatedAt], [f].[Currency], [f].[DailyLimit], [f].[EffectiveFrom], [f].[ExpiresAt], [f].[Merchant], [f].[MonthlyLimit], [f].[PaymentMethodId], [f].[PerTransactionLimit], [f].[PrincipalId], [f].[Purpose], [f].[Status], [f].[SupersedesMandateId], [f].[TaskParametersJson], [f].[WeeklyLimit]
      FROM [FinancialMandates] AS [f]
      WHERE [f].[PrincipalId] = @__id_0
info: Microsoft.EntityFrameworkCore.Database.Command[20101]
      Executed DbCommand (1ms) [Parameters=[@__provider_0='?' (Size = 128), @__key_1='?' (Size = 256)], CommandType='Text', CommandTimeout='30']
      SELECT TOP(2) [a].[UserId]
      FROM [AspNetUserLogins] AS [a]
      WHERE [a].[LoginProvider] = @__provider_0 AND [a].[ProviderKey] = @__key_1
info: Microsoft.EntityFrameworkCore.Database.Command[20101]
      Executed DbCommand (1ms) [Parameters=[@__id_0='?' (Size = 128)], CommandType='Text', CommandTimeout='30']
      SELECT TOP(2) [a].[Id], [a].[AccessFailedCount], [a].[ConcurrencyStamp], [a].[CreatedAt], [a].[Email], [a].[EmailConfirmed], [a].[ExternalIssuer], [a].[ExternalSubject], [a].[LockoutEnabled], [a].[LockoutEnd], [a].[NormalizedEmail], [a].[NormalizedUserName], [a].[PasswordHash], [a].[PhoneNumber], [a].[PhoneNumberConfirmed], [a].[PrincipalId], [a].[SecurityStamp], [a].[TwoFactorEnabled], [a].[UserName], [a].[Version]
      FROM [AspNetUsers] AS [a]
      WHERE [a].[Id] = @__id_0
info: Microsoft.EntityFrameworkCore.Database.Command[20101]
      Executed DbCommand (0ms) [Parameters=[], CommandType='Text', CommandTimeout='30']
      SELECT [a].[SequenceNumber], [a].[AgentId], [a].[AuthorityId], [a].[CurrentHash], [a].[PolicyVersion], [a].[PreviousHash], [a].[PrincipalId], [a].[RecordJson], [a].[Timestamp], [a].[TransactionId]
      FROM [AuditRecords] AS [a]
      ORDER BY [a].[SequenceNumber]
info: Microsoft.EntityFrameworkCore.Database.Command[20101]
      Executed DbCommand (1ms) [Parameters=[@__provider_0='?' (Size = 128), @__key_1='?' (Size = 256)], CommandType='Text', CommandTimeout='30']
      SELECT TOP(2) [a].[UserId]
      FROM [AspNetUserLogins] AS [a]
      WHERE [a].[LoginProvider] = @__provider_0 AND [a].[ProviderKey] = @__key_1
info: Microsoft.EntityFrameworkCore.Database.Command[20101]
      Executed DbCommand (0ms) [Parameters=[@__provider_0='?' (Size = 128), @__key_1='?' (Size = 256)], CommandType='Text', CommandTimeout='30']
      SELECT TOP(2) [a].[UserId]
      FROM [AspNetUserLogins] AS [a]
      WHERE [a].[LoginProvider] = @__provider_0 AND [a].[ProviderKey] = @__key_1
info: Microsoft.EntityFrameworkCore.Database.Command[20101]
      Executed DbCommand (0ms) [Parameters=[@__id_0='?' (Size = 128)], CommandType='Text', CommandTimeout='30']
      SELECT TOP(2) [a].[Id], [a].[AccessFailedCount], [a].[ConcurrencyStamp], [a].[CreatedAt], [a].[Email], [a].[EmailConfirmed], [a].[ExternalIssuer], [a].[ExternalSubject], [a].[LockoutEnabled], [a].[LockoutEnd], [a].[NormalizedEmail], [a].[NormalizedUserName], [a].[PasswordHash], [a].[PhoneNumber], [a].[PhoneNumberConfirmed], [a].[PrincipalId], [a].[SecurityStamp], [a].[TwoFactorEnabled], [a].[UserName], [a].[Version]
      FROM [AspNetUsers] AS [a]
      WHERE [a].[Id] = @__id_0
info: Microsoft.EntityFrameworkCore.Database.Command[20101]
      Executed DbCommand (1ms) [Parameters=[@__id_0='?' (Size = 128)], CommandType='Text', CommandTimeout='30']
      SELECT TOP(2) [a].[Id], [a].[AccessFailedCount], [a].[ConcurrencyStamp], [a].[CreatedAt], [a].[Email], [a].[EmailConfirmed], [a].[ExternalIssuer], [a].[ExternalSubject], [a].[LockoutEnabled], [a].[LockoutEnd], [a].[NormalizedEmail], [a].[NormalizedUserName], [a].[PasswordHash], [a].[PhoneNumber], [a].[PhoneNumberConfirmed], [a].[PrincipalId], [a].[SecurityStamp], [a].[TwoFactorEnabled], [a].[UserName], [a].[Version]
      FROM [AspNetUsers] AS [a]
      WHERE [a].[Id] = @__id_0
info: Microsoft.EntityFrameworkCore.Database.Command[20101]
      Executed DbCommand (0ms) [Parameters=[], CommandType='Text', CommandTimeout='30']
      SELECT [a].[SequenceNumber], [a].[AgentId], [a].[AuthorityId], [a].[CurrentHash], [a].[PolicyVersion], [a].[PreviousHash], [a].[PrincipalId], [a].[RecordJson], [a].[Timestamp], [a].[TransactionId]
      FROM [AuditRecords] AS [a]
      ORDER BY [a].[SequenceNumber]
info: Microsoft.EntityFrameworkCore.Database.Command[20101]
      Executed DbCommand (7ms) [Parameters=[@__principal_0='?' (Size = 450), @__now_1='?' (DbType = DateTimeOffset)], CommandType='Text', CommandTimeout='30']
      SELECT [c].[MemoryId], [c].[Confidence], [c].[Content], [c].[CreatedAt], [c].[Deleted], [c].[ExpiresAt], [c].[Kind], [c].[Polarity], [c].[PrincipalId], [c].[Provenance], [c].[SourceConversationId], [c].[SourcePurchaseIntentId], [c].[Subject], [c].[UpdatedAt], [c].[Version]
      FROM [ConsumerMemories] AS [c]
      WHERE [c].[PrincipalId] = @__principal_0 AND [c].[Deleted] = CAST(0 AS bit) AND ([c].[ExpiresAt] IS NULL OR [c].[ExpiresAt] > @__now_1)
info: Microsoft.EntityFrameworkCore.Database.Command[20101]
      Executed DbCommand (0ms) [Parameters=[], CommandType='Text', CommandTimeout='30']
      SELECT [a].[SequenceNumber], [a].[AgentId], [a].[AuthorityId], [a].[CurrentHash], [a].[PolicyVersion], [a].[PreviousHash], [a].[PrincipalId], [a].[RecordJson], [a].[Timestamp], [a].[TransactionId]
      FROM [AuditRecords] AS [a]
      ORDER BY [a].[SequenceNumber]
info: Microsoft.EntityFrameworkCore.Database.Command[20101]
      Executed DbCommand (4ms) [Parameters=[@__principal_0='?' (Size = 450)], CommandType='Text', CommandTimeout='30']
      SELECT TOP(2) [c].[PrincipalId], [c].[AskBeforeSubstitutions], [c].[InteractionMode], [c].[ShowBasketBeforePayment], [c].[UpdatedAt], [c].[Version]
      FROM [ConsumerConversationPolicies] AS [c]
      WHERE [c].[PrincipalId] = @__principal_0
info: Microsoft.EntityFrameworkCore.Database.Command[20101]
      Executed DbCommand (5ms) [Parameters=[@__principal_0='?' (Size = 450)], CommandType='Text', CommandTimeout='30']
      SELECT TOP(2) [c].[PrincipalId], [c].[AllowAlternativeMerchants], [c].[AllowCrossBrandSubstitutions], [c].[AllowSplitOrders], [c].[AskBeforeNonPreferredMerchant], [c].[DeliveryAddress], [c].[ExcludedMerchantsJson], [c].[MaximumAdditionalDeliveryCost], [c].[MaximumDistanceMiles], [c].[Postcode], [c].[PreferredMerchantsJson], [c].[UpdatedAt], [c].[Version]
      FROM [ConsumerShoppingDeliveryPolicies] AS [c]
      WHERE [c].[PrincipalId] = @__principal_0
info: Microsoft.EntityFrameworkCore.Database.Command[20101]
      Executed DbCommand (11ms) [Parameters=[@__principal_0='?' (Size = 450)], CommandType='Text', CommandTimeout='30']
      SELECT [c].[RecipientId], [c].[Active], [c].[AllowSubstitutions], [c].[AllowedCategoriesJson], [c].[CreatedAt], [c].[DeliveryAddress], [c].[DeliveryConsent], [c].[Email], [c].[ExcludedCategoriesJson], [c].[ExcludedMerchantsJson], [c].[Name], [c].[NotifyRecipient], [c].[PayerNotification], [c].[Phone], [c].[PreferredMerchantsJson], [c].[PrincipalId], [c].[Relationship], [c].[UpdatedAt], [c].[Version]
      FROM [ConsumerRecipients] AS [c]
      WHERE [c].[PrincipalId] = @__principal_0
      ORDER BY [c].[Name]
info: Microsoft.EntityFrameworkCore.Database.Command[20101]
      Executed DbCommand (2ms) [Parameters=[@__provider_0='?' (Size = 128), @__key_1='?' (Size = 256)], CommandType='Text', CommandTimeout='30']
      SELECT TOP(2) [a].[UserId]
      FROM [AspNetUserLogins] AS [a]
      WHERE [a].[LoginProvider] = @__provider_0 AND [a].[ProviderKey] = @__key_1
info: Microsoft.EntityFrameworkCore.Database.Command[20101]
      Executed DbCommand (2ms) [Parameters=[@__provider_0='?' (Size = 128), @__key_1='?' (Size = 256)], CommandType='Text', CommandTimeout='30']
      SELECT TOP(2) [a].[UserId]
      FROM [AspNetUserLogins] AS [a]
      WHERE [a].[LoginProvider] = @__provider_0 AND [a].[ProviderKey] = @__key_1
info: Microsoft.EntityFrameworkCore.Database.Command[20101]
      Executed DbCommand (2ms) [Parameters=[@__id_0='?' (Size = 128)], CommandType='Text', CommandTimeout='30']
      SELECT TOP(2) [a].[Id], [a].[AccessFailedCount], [a].[ConcurrencyStamp], [a].[CreatedAt], [a].[Email], [a].[EmailConfirmed], [a].[ExternalIssuer], [a].[ExternalSubject], [a].[LockoutEnabled], [a].[LockoutEnd], [a].[NormalizedEmail], [a].[NormalizedUserName], [a].[PasswordHash], [a].[PhoneNumber], [a].[PhoneNumberConfirmed], [a].[PrincipalId], [a].[SecurityStamp], [a].[TwoFactorEnabled], [a].[UserName], [a].[Version]
      FROM [AspNetUsers] AS [a]
      WHERE [a].[Id] = @__id_0
info: Microsoft.EntityFrameworkCore.Database.Command[20101]
      Executed DbCommand (2ms) [Parameters=[@__provider_0='?' (Size = 128), @__key_1='?' (Size = 256)], CommandType='Text', CommandTimeout='30']
      SELECT TOP(2) [a].[UserId]
      FROM [AspNetUserLogins] AS [a]
      WHERE [a].[LoginProvider] = @__provider_0 AND [a].[ProviderKey] = @__key_1
info: Microsoft.EntityFrameworkCore.Database.Command[20101]
      Executed DbCommand (3ms) [Parameters=[@__provider_0='?' (Size = 128), @__key_1='?' (Size = 256)], CommandType='Text', CommandTimeout='30']
      SELECT TOP(2) [a].[UserId]
      FROM [AspNetUserLogins] AS [a]
      WHERE [a].[LoginProvider] = @__provider_0 AND [a].[ProviderKey] = @__key_1
info: Microsoft.EntityFrameworkCore.Database.Command[20101]
      Executed DbCommand (4ms) [Parameters=[@__provider_0='?' (Size = 128), @__key_1='?' (Size = 256)], CommandType='Text', CommandTimeout='30']
      SELECT TOP(2) [a].[UserId]
      FROM [AspNetUserLogins] AS [a]
      WHERE [a].[LoginProvider] = @__provider_0 AND [a].[ProviderKey] = @__key_1
info: Microsoft.EntityFrameworkCore.Database.Command[20101]
      Executed DbCommand (1ms) [Parameters=[@__id_0='?' (Size = 128)], CommandType='Text', CommandTimeout='30']
      SELECT TOP(2) [a].[Id], [a].[AccessFailedCount], [a].[ConcurrencyStamp], [a].[CreatedAt], [a].[Email], [a].[EmailConfirmed], [a].[ExternalIssuer], [a].[ExternalSubject], [a].[LockoutEnabled], [a].[LockoutEnd], [a].[NormalizedEmail], [a].[NormalizedUserName], [a].[PasswordHash], [a].[PhoneNumber], [a].[PhoneNumberConfirmed], [a].[PrincipalId], [a].[SecurityStamp], [a].[TwoFactorEnabled], [a].[UserName], [a].[Version]
      FROM [AspNetUsers] AS [a]
      WHERE [a].[Id] = @__id_0
info: Microsoft.EntityFrameworkCore.Database.Command[20101]
      Executed DbCommand (1ms) [Parameters=[@__id_0='?' (Size = 128)], CommandType='Text', CommandTimeout='30']
      SELECT TOP(2) [a].[Id], [a].[AccessFailedCount], [a].[ConcurrencyStamp], [a].[CreatedAt], [a].[Email], [a].[EmailConfirmed], [a].[ExternalIssuer], [a].[ExternalSubject], [a].[LockoutEnabled], [a].[LockoutEnd], [a].[NormalizedEmail], [a].[NormalizedUserName], [a].[PasswordHash], [a].[PhoneNumber], [a].[PhoneNumberConfirmed], [a].[PrincipalId], [a].[SecurityStamp], [a].[TwoFactorEnabled], [a].[UserName], [a].[Version]
      FROM [AspNetUsers] AS [a]
      WHERE [a].[Id] = @__id_0
info: Microsoft.EntityFrameworkCore.Database.Command[20101]
      Executed DbCommand (1ms) [Parameters=[@__provider_0='?' (Size = 128), @__key_1='?' (Size = 256)], CommandType='Text', CommandTimeout='30']
      SELECT TOP(2) [a].[UserId]
      FROM [AspNetUserLogins] AS [a]
      WHERE [a].[LoginProvider] = @__provider_0 AND [a].[ProviderKey] = @__key_1
info: Microsoft.EntityFrameworkCore.Database.Command[20101]
      Executed DbCommand (1ms) [Parameters=[@__id_0='?' (Size = 128)], CommandType='Text', CommandTimeout='30']
      SELECT TOP(2) [a].[Id], [a].[AccessFailedCount], [a].[ConcurrencyStamp], [a].[CreatedAt], [a].[Email], [a].[EmailConfirmed], [a].[ExternalIssuer], [a].[ExternalSubject], [a].[LockoutEnabled], [a].[LockoutEnd], [a].[NormalizedEmail], [a].[NormalizedUserName], [a].[PasswordHash], [a].[PhoneNumber], [a].[PhoneNumberConfirmed], [a].[PrincipalId], [a].[SecurityStamp], [a].[TwoFactorEnabled], [a].[UserName], [a].[Version]
      FROM [AspNetUsers] AS [a]
      WHERE [a].[Id] = @__id_0
info: Microsoft.EntityFrameworkCore.Database.Command[20101]
      Executed DbCommand (1ms) [Parameters=[@__principalId_0='?' (Size = 128)], CommandType='Text', CommandTimeout='30']
      SELECT TOP(2) [a].[Id], [a].[AccessFailedCount], [a].[ConcurrencyStamp], [a].[CreatedAt], [a].[Email], [a].[EmailConfirmed], [a].[ExternalIssuer], [a].[ExternalSubject], [a].[LockoutEnabled], [a].[LockoutEnd], [a].[NormalizedEmail], [a].[NormalizedUserName], [a].[PasswordHash], [a].[PhoneNumber], [a].[PhoneNumberConfirmed], [a].[PrincipalId], [a].[SecurityStamp], [a].[TwoFactorEnabled], [a].[UserName], [a].[Version]
      FROM [AspNetUsers] AS [a]
      WHERE [a].[PrincipalId] = @__principalId_0
info: Microsoft.EntityFrameworkCore.Database.Command[20101]
      Executed DbCommand (1ms) [Parameters=[@__id_0='?' (Size = 128)], CommandType='Text', CommandTimeout='30']
      SELECT TOP(2) [a].[Id], [a].[AccessFailedCount], [a].[ConcurrencyStamp], [a].[CreatedAt], [a].[Email], [a].[EmailConfirmed], [a].[ExternalIssuer], [a].[ExternalSubject], [a].[LockoutEnabled], [a].[LockoutEnd], [a].[NormalizedEmail], [a].[NormalizedUserName], [a].[PasswordHash], [a].[PhoneNumber], [a].[PhoneNumberConfirmed], [a].[PrincipalId], [a].[SecurityStamp], [a].[TwoFactorEnabled], [a].[UserName], [a].[Version]
      FROM [AspNetUsers] AS [a]
      WHERE [a].[Id] = @__id_0
info: Microsoft.EntityFrameworkCore.Database.Command[20101]
      Executed DbCommand (0ms) [Parameters=[], CommandType='Text', CommandTimeout='30']
      SELECT [a].[SequenceNumber], [a].[AgentId], [a].[AuthorityId], [a].[CurrentHash], [a].[PolicyVersion], [a].[PreviousHash], [a].[PrincipalId], [a].[RecordJson], [a].[Timestamp], [a].[TransactionId]
      FROM [AuditRecords] AS [a]
      ORDER BY [a].[SequenceNumber]
info: Microsoft.EntityFrameworkCore.Database.Command[20101]
      Executed DbCommand (0ms) [Parameters=[@__id_0='?' (Size = 128)], CommandType='Text', CommandTimeout='30']
      SELECT TOP(2) [a].[Id], [a].[AccessFailedCount], [a].[ConcurrencyStamp], [a].[CreatedAt], [a].[Email], [a].[EmailConfirmed], [a].[ExternalIssuer], [a].[ExternalSubject], [a].[LockoutEnabled], [a].[LockoutEnd], [a].[NormalizedEmail], [a].[NormalizedUserName], [a].[PasswordHash], [a].[PhoneNumber], [a].[PhoneNumberConfirmed], [a].[PrincipalId], [a].[SecurityStamp], [a].[TwoFactorEnabled], [a].[UserName], [a].[Version]
      FROM [AspNetUsers] AS [a]
      WHERE [a].[Id] = @__id_0
info: Microsoft.EntityFrameworkCore.Database.Command[20101]
      Executed DbCommand (0ms) [Parameters=[], CommandType='Text', CommandTimeout='30']
      SELECT [a].[SequenceNumber], [a].[AgentId], [a].[AuthorityId], [a].[CurrentHash], [a].[PolicyVersion], [a].[PreviousHash], [a].[PrincipalId], [a].[RecordJson], [a].[Timestamp], [a].[TransactionId]
      FROM [AuditRecords] AS [a]
      ORDER BY [a].[SequenceNumber]
info: Microsoft.EntityFrameworkCore.Database.Command[20101]
      Executed DbCommand (1ms) [Parameters=[], CommandType='Text', CommandTimeout='30']
      SELECT [a].[SequenceNumber], [a].[AgentId], [a].[AuthorityId], [a].[CurrentHash], [a].[PolicyVersion], [a].[PreviousHash], [a].[PrincipalId], [a].[RecordJson], [a].[Timestamp], [a].[TransactionId]
      FROM [AuditRecords] AS [a]
      ORDER BY [a].[SequenceNumber]
info: Microsoft.EntityFrameworkCore.Database.Command[20101]
      Executed DbCommand (9ms) [Parameters=[], CommandType='Text', CommandTimeout='30']
      SELECT [a].[SequenceNumber], [a].[AgentId], [a].[AuthorityId], [a].[CurrentHash], [a].[PolicyVersion], [a].[PreviousHash], [a].[PrincipalId], [a].[RecordJson], [a].[Timestamp], [a].[TransactionId]
      FROM [AuditRecords] AS [a]
      ORDER BY [a].[SequenceNumber]
info: Microsoft.EntityFrameworkCore.Database.Command[20101]
      Executed DbCommand (11ms) [Parameters=[], CommandType='Text', CommandTimeout='30']
      SELECT [a].[SequenceNumber], [a].[AgentId], [a].[AuthorityId], [a].[CurrentHash], [a].[PolicyVersion], [a].[PreviousHash], [a].[PrincipalId], [a].[RecordJson], [a].[Timestamp], [a].[TransactionId]
      FROM [AuditRecords] AS [a]
      ORDER BY [a].[SequenceNumber]
info: Microsoft.EntityFrameworkCore.Database.Command[20101]
      Executed DbCommand (17ms) [Parameters=[@__principalId_0='?' (Size = 4000)], CommandType='Text', CommandTimeout='30']
      SELECT [a].[AgentId], [a].[AgentType], [a].[CredentialStatus], [a].[Environment], [a].[ExpiresAt], [a].[IssuedAt], [a].[IssuerTrustAnchor], [a].[PrincipalId]
      FROM [Agents] AS [a]
      WHERE [a].[PrincipalId] = @__principalId_0
info: Microsoft.EntityFrameworkCore.Database.Command[20101]
      Executed DbCommand (1ms) [Parameters=[@__id_0='?' (Size = 450)], CommandType='Text', CommandTimeout='30']
      SELECT [c].[PaymentMethodId], [c].[CardBrand], [c].[ExpiryMonth], [c].[ExpiryYear], [c].[Last4], [c].[PrincipalId], [c].[Provider], [c].[ProviderCustomerReference], [c].[ProviderToken], [c].[Status], [c].[Version]
      FROM [ConsumerPaymentMethods] AS [c]
      WHERE [c].[PrincipalId] = @__id_0
info: Microsoft.EntityFrameworkCore.Database.Command[20101]
      Executed DbCommand (1ms) [Parameters=[@__id_0='?' (Size = 450)], CommandType='Text', CommandTimeout='30']
      SELECT [f].[MandateId], [f].[Version], [f].[AboveLimit], [f].[AgentId], [f].[ConcurrencyVersion], [f].[CreatedAt], [f].[Currency], [f].[DailyLimit], [f].[EffectiveFrom], [f].[ExpiresAt], [f].[Merchant], [f].[MonthlyLimit], [f].[PaymentMethodId], [f].[PerTransactionLimit], [f].[PrincipalId], [f].[Purpose], [f].[Status], [f].[SupersedesMandateId], [f].[TaskParametersJson], [f].[WeeklyLimit]
      FROM [FinancialMandates] AS [f]
      WHERE [f].[PrincipalId] = @__id_0
info: Microsoft.EntityFrameworkCore.Database.Command[20101]
      Executed DbCommand (1ms) [Parameters=[@__provider_0='?' (Size = 128), @__key_1='?' (Size = 256)], CommandType='Text', CommandTimeout='30']
      SELECT TOP(2) [a].[UserId]
      FROM [AspNetUserLogins] AS [a]
      WHERE [a].[LoginProvider] = @__provider_0 AND [a].[ProviderKey] = @__key_1
info: Microsoft.EntityFrameworkCore.Database.Command[20101]
      Executed DbCommand (3ms) [Parameters=[@__id_0='?' (Size = 128)], CommandType='Text', CommandTimeout='30']
      SELECT TOP(2) [a].[Id], [a].[AccessFailedCount], [a].[ConcurrencyStamp], [a].[CreatedAt], [a].[Email], [a].[EmailConfirmed], [a].[ExternalIssuer], [a].[ExternalSubject], [a].[LockoutEnabled], [a].[LockoutEnd], [a].[NormalizedEmail], [a].[NormalizedUserName], [a].[PasswordHash], [a].[PhoneNumber], [a].[PhoneNumberConfirmed], [a].[PrincipalId], [a].[SecurityStamp], [a].[TwoFactorEnabled], [a].[UserName], [a].[Version]
      FROM [AspNetUsers] AS [a]
      WHERE [a].[Id] = @__id_0
info: Microsoft.EntityFrameworkCore.Database.Command[20101]
      Executed DbCommand (0ms) [Parameters=[], CommandType='Text', CommandTimeout='30']
      SELECT [a].[SequenceNumber], [a].[AgentId], [a].[AuthorityId], [a].[CurrentHash], [a].[PolicyVersion], [a].[PreviousHash], [a].[PrincipalId], [a].[RecordJson], [a].[Timestamp], [a].[TransactionId]
      FROM [AuditRecords] AS [a]
      ORDER BY [a].[SequenceNumber]
info: Microsoft.EntityFrameworkCore.Database.Command[20101]
      Executed DbCommand (1ms) [Parameters=[@__principal_0='?' (Size = 450)], CommandType='Text', CommandTimeout='30']
      SELECT [c].[TaskId], [c].[AgentId], [c].[CreatedAt], [c].[Currency], [c].[MandateId], [c].[MandateVersion], [c].[MaximumAmount], [c].[MerchantScopeJson], [c].[NextExecutionAt], [c].[PaymentMethodId], [c].[PreferencesJson], [c].[PrincipalId], [c].[RecipientId], [c].[Schedule], [c].[ShoppingListJson], [c].[Status], [c].[Timezone], [c].[UpdatedAt], [c].[Version]
      FROM [ConsumerPurchaseTasks] AS [c]
      WHERE [c].[PrincipalId] = @__principal_0
info: Microsoft.EntityFrameworkCore.Database.Command[20101]
      Executed DbCommand (1ms) [Parameters=[@__principal_0='?' (Size = 450)], CommandType='Text', CommandTimeout='30']
      SELECT [p].[ExecutionId], [p].[CreatedAt], [p].[PrincipalId], [p].[ProviderPaymentId], [p].[PurchaseIntentId], [p].[ReasonsJson], [p].[RequiredAction], [p].[ScheduledFor], [p].[State], [p].[TaskId], [p].[TransactionId], [p].[UpdatedAt], [p].[Version]
      FROM [PurchaseExecutions] AS [p]
      WHERE [p].[PrincipalId] = @__principal_0
info: Microsoft.EntityFrameworkCore.Database.Command[20101]
      Executed DbCommand (5ms) [Parameters=[@__id_0='?' (Size = 450)], CommandType='Text', CommandTimeout='30']
      SELECT [c].[PaymentMethodId], [c].[CardBrand], [c].[ExpiryMonth], [c].[ExpiryYear], [c].[Last4], [c].[PrincipalId], [c].[Provider], [c].[ProviderCustomerReference], [c].[ProviderToken], [c].[Status], [c].[Version]
      FROM [ConsumerPaymentMethods] AS [c]
      WHERE [c].[PrincipalId] = @__id_0
info: Microsoft.EntityFrameworkCore.Database.Command[20101]
      Executed DbCommand (5ms) [Parameters=[@__id_0='?' (Size = 450)], CommandType='Text', CommandTimeout='30']
      SELECT [f].[MandateId], [f].[Version], [f].[AboveLimit], [f].[AgentId], [f].[ConcurrencyVersion], [f].[CreatedAt], [f].[Currency], [f].[DailyLimit], [f].[EffectiveFrom], [f].[ExpiresAt], [f].[Merchant], [f].[MonthlyLimit], [f].[PaymentMethodId], [f].[PerTransactionLimit], [f].[PrincipalId], [f].[Purpose], [f].[Status], [f].[SupersedesMandateId], [f].[TaskParametersJson], [f].[WeeklyLimit]
      FROM [FinancialMandates] AS [f]
      WHERE [f].[PrincipalId] = @__id_0
info: Microsoft.EntityFrameworkCore.Database.Command[20101]
      Executed DbCommand (1ms) [Parameters=[@__principal_0='?' (Size = 450), @__now_1='?' (DbType = DateTimeOffset)], CommandType='Text', CommandTimeout='30']
      SELECT [c].[MemoryId], [c].[Confidence], [c].[Content], [c].[CreatedAt], [c].[Deleted], [c].[ExpiresAt], [c].[Kind], [c].[Polarity], [c].[PrincipalId], [c].[Provenance], [c].[SourceConversationId], [c].[SourcePurchaseIntentId], [c].[Subject], [c].[UpdatedAt], [c].[Version]
      FROM [ConsumerMemories] AS [c]
      WHERE [c].[PrincipalId] = @__principal_0 AND [c].[Deleted] = CAST(0 AS bit) AND ([c].[ExpiresAt] IS NULL OR [c].[ExpiresAt] > @__now_1)
info: Microsoft.EntityFrameworkCore.Database.Command[20101]
      Executed DbCommand (3ms) [Parameters=[@__provider_0='?' (Size = 128), @__key_1='?' (Size = 256)], CommandType='Text', CommandTimeout='30']
      SELECT TOP(2) [a].[UserId]
      FROM [AspNetUserLogins] AS [a]
      WHERE [a].[LoginProvider] = @__provider_0 AND [a].[ProviderKey] = @__key_1
info: Microsoft.EntityFrameworkCore.Database.Command[20101]
      Executed DbCommand (1ms) [Parameters=[@__provider_0='?' (Size = 128), @__key_1='?' (Size = 256)], CommandType='Text', CommandTimeout='30']
      SELECT TOP(2) [a].[UserId]
      FROM [AspNetUserLogins] AS [a]
      WHERE [a].[LoginProvider] = @__provider_0 AND [a].[ProviderKey] = @__key_1
info: Microsoft.EntityFrameworkCore.Database.Command[20101]
      Executed DbCommand (6ms) [Parameters=[@__id_0='?' (Size = 128)], CommandType='Text', CommandTimeout='30']
      SELECT TOP(2) [a].[Id], [a].[AccessFailedCount], [a].[ConcurrencyStamp], [a].[CreatedAt], [a].[Email], [a].[EmailConfirmed], [a].[ExternalIssuer], [a].[ExternalSubject], [a].[LockoutEnabled], [a].[LockoutEnd], [a].[NormalizedEmail], [a].[NormalizedUserName], [a].[PasswordHash], [a].[PhoneNumber], [a].[PhoneNumberConfirmed], [a].[PrincipalId], [a].[SecurityStamp], [a].[TwoFactorEnabled], [a].[UserName], [a].[Version]
      FROM [AspNetUsers] AS [a]
      WHERE [a].[Id] = @__id_0
info: Microsoft.EntityFrameworkCore.Database.Command[20101]
      Executed DbCommand (3ms) [Parameters=[], CommandType='Text', CommandTimeout='30']
      SELECT [a].[SequenceNumber], [a].[AgentId], [a].[AuthorityId], [a].[CurrentHash], [a].[PolicyVersion], [a].[PreviousHash], [a].[PrincipalId], [a].[RecordJson], [a].[Timestamp], [a].[TransactionId]
      FROM [AuditRecords] AS [a]
      ORDER BY [a].[SequenceNumber]
info: Microsoft.EntityFrameworkCore.Database.Command[20101]
      Executed DbCommand (4ms) [Parameters=[@__id_0='?' (Size = 128)], CommandType='Text', CommandTimeout='30']
      SELECT TOP(2) [a].[Id], [a].[AccessFailedCount], [a].[ConcurrencyStamp], [a].[CreatedAt], [a].[Email], [a].[EmailConfirmed], [a].[ExternalIssuer], [a].[ExternalSubject], [a].[LockoutEnabled], [a].[LockoutEnd], [a].[NormalizedEmail], [a].[NormalizedUserName], [a].[PasswordHash], [a].[PhoneNumber], [a].[PhoneNumberConfirmed], [a].[PrincipalId], [a].[SecurityStamp], [a].[TwoFactorEnabled], [a].[UserName], [a].[Version]
      FROM [AspNetUsers] AS [a]
      WHERE [a].[Id] = @__id_0
info: Microsoft.EntityFrameworkCore.Database.Command[20101]
      Executed DbCommand (1ms) [Parameters=[], CommandType='Text', CommandTimeout='30']
      SELECT [a].[SequenceNumber], [a].[AgentId], [a].[AuthorityId], [a].[CurrentHash], [a].[PolicyVersion], [a].[PreviousHash], [a].[PrincipalId], [a].[RecordJson], [a].[Timestamp], [a].[TransactionId]
      FROM [AuditRecords] AS [a]
      ORDER BY [a].[SequenceNumber]
info: Microsoft.EntityFrameworkCore.Database.Command[20101]
      Executed DbCommand (2ms) [Parameters=[@__provider_0='?' (Size = 128), @__key_1='?' (Size = 256)], CommandType='Text', CommandTimeout='30']
      SELECT TOP(2) [a].[UserId]
      FROM [AspNetUserLogins] AS [a]
      WHERE [a].[LoginProvider] = @__provider_0 AND [a].[ProviderKey] = @__key_1
info: Microsoft.EntityFrameworkCore.Database.Command[20101]
      Executed DbCommand (1ms) [Parameters=[@__id_0='?' (Size = 128)], CommandType='Text', CommandTimeout='30']
      SELECT TOP(2) [a].[Id], [a].[AccessFailedCount], [a].[ConcurrencyStamp], [a].[CreatedAt], [a].[Email], [a].[EmailConfirmed], [a].[ExternalIssuer], [a].[ExternalSubject], [a].[LockoutEnabled], [a].[LockoutEnd], [a].[NormalizedEmail], [a].[NormalizedUserName], [a].[PasswordHash], [a].[PhoneNumber], [a].[PhoneNumberConfirmed], [a].[PrincipalId], [a].[SecurityStamp], [a].[TwoFactorEnabled], [a].[UserName], [a].[Version]
      FROM [AspNetUsers] AS [a]
      WHERE [a].[Id] = @__id_0
info: Microsoft.EntityFrameworkCore.Database.Command[20101]
      Executed DbCommand (0ms) [Parameters=[@__principal_0='?' (Size = 450)], CommandType='Text', CommandTimeout='30']
      SELECT TOP(2) [c].[PrincipalId], [c].[AskBeforeSubstitutions], [c].[InteractionMode], [c].[ShowBasketBeforePayment], [c].[UpdatedAt], [c].[Version]
      FROM [ConsumerConversationPolicies] AS [c]
      WHERE [c].[PrincipalId] = @__principal_0
info: Microsoft.EntityFrameworkCore.Database.Command[20101]
      Executed DbCommand (0ms) [Parameters=[], CommandType='Text', CommandTimeout='30']
      SELECT [a].[SequenceNumber], [a].[AgentId], [a].[AuthorityId], [a].[CurrentHash], [a].[PolicyVersion], [a].[PreviousHash], [a].[PrincipalId], [a].[RecordJson], [a].[Timestamp], [a].[TransactionId]
      FROM [AuditRecords] AS [a]
      ORDER BY [a].[SequenceNumber]
info: Microsoft.EntityFrameworkCore.Database.Command[20101]
      Executed DbCommand (2ms) [Parameters=[@__principal_0='?' (Size = 450)], CommandType='Text', CommandTimeout='30']
      SELECT [c].[RecipientId], [c].[Active], [c].[AllowSubstitutions], [c].[AllowedCategoriesJson], [c].[CreatedAt], [c].[DeliveryAddress], [c].[DeliveryConsent], [c].[Email], [c].[ExcludedCategoriesJson], [c].[ExcludedMerchantsJson], [c].[Name], [c].[NotifyRecipient], [c].[PayerNotification], [c].[Phone], [c].[PreferredMerchantsJson], [c].[PrincipalId], [c].[Relationship], [c].[UpdatedAt], [c].[Version]
      FROM [ConsumerRecipients] AS [c]
      WHERE [c].[PrincipalId] = @__principal_0
      ORDER BY [c].[Name]
info: Microsoft.EntityFrameworkCore.Database.Command[20101]
      Executed DbCommand (1ms) [Parameters=[@__principal_0='?' (Size = 450)], CommandType='Text', CommandTimeout='30']
      SELECT TOP(2) [c].[PrincipalId], [c].[AllowAlternativeMerchants], [c].[AllowCrossBrandSubstitutions], [c].[AllowSplitOrders], [c].[AskBeforeNonPreferredMerchant], [c].[DeliveryAddress], [c].[ExcludedMerchantsJson], [c].[MaximumAdditionalDeliveryCost], [c].[MaximumDistanceMiles], [c].[Postcode], [c].[PreferredMerchantsJson], [c].[UpdatedAt], [c].[Version]
      FROM [ConsumerShoppingDeliveryPolicies] AS [c]
      WHERE [c].[PrincipalId] = @__principal_0
info: Microsoft.EntityFrameworkCore.Database.Command[20101]
      Executed DbCommand (1ms) [Parameters=[@__provider_0='?' (Size = 128), @__key_1='?' (Size = 256)], CommandType='Text', CommandTimeout='30']
      SELECT TOP(2) [a].[UserId]
      FROM [AspNetUserLogins] AS [a]
      WHERE [a].[LoginProvider] = @__provider_0 AND [a].[ProviderKey] = @__key_1
info: Microsoft.EntityFrameworkCore.Database.Command[20101]
      Executed DbCommand (2ms) [Parameters=[@__id_0='?' (Size = 128)], CommandType='Text', CommandTimeout='30']
      SELECT TOP(2) [a].[Id], [a].[AccessFailedCount], [a].[ConcurrencyStamp], [a].[CreatedAt], [a].[Email], [a].[EmailConfirmed], [a].[ExternalIssuer], [a].[ExternalSubject], [a].[LockoutEnabled], [a].[LockoutEnd], [a].[NormalizedEmail], [a].[NormalizedUserName], [a].[PasswordHash], [a].[PhoneNumber], [a].[PhoneNumberConfirmed], [a].[PrincipalId], [a].[SecurityStamp], [a].[TwoFactorEnabled], [a].[UserName], [a].[Version]
      FROM [AspNetUsers] AS [a]
      WHERE [a].[Id] = @__id_0
info: Microsoft.EntityFrameworkCore.Database.Command[20101]
      Executed DbCommand (2ms) [Parameters=[@__provider_0='?' (Size = 128), @__key_1='?' (Size = 256)], CommandType='Text', CommandTimeout='30']
      SELECT TOP(2) [a].[UserId]
      FROM [AspNetUserLogins] AS [a]
      WHERE [a].[LoginProvider] = @__provider_0 AND [a].[ProviderKey] = @__key_1
info: Microsoft.EntityFrameworkCore.Database.Command[20101]
      Executed DbCommand (1ms) [Parameters=[@__provider_0='?' (Size = 128), @__key_1='?' (Size = 256)], CommandType='Text', CommandTimeout='30']
      SELECT TOP(2) [a].[UserId]
      FROM [AspNetUserLogins] AS [a]
      WHERE [a].[LoginProvider] = @__provider_0 AND [a].[ProviderKey] = @__key_1
info: Microsoft.EntityFrameworkCore.Database.Command[20101]
      Executed DbCommand (1ms) [Parameters=[@__id_0='?' (Size = 128)], CommandType='Text', CommandTimeout='30']
      SELECT TOP(2) [a].[Id], [a].[AccessFailedCount], [a].[ConcurrencyStamp], [a].[CreatedAt], [a].[Email], [a].[EmailConfirmed], [a].[ExternalIssuer], [a].[ExternalSubject], [a].[LockoutEnabled], [a].[LockoutEnd], [a].[NormalizedEmail], [a].[NormalizedUserName], [a].[PasswordHash], [a].[PhoneNumber], [a].[PhoneNumberConfirmed], [a].[PrincipalId], [a].[SecurityStamp], [a].[TwoFactorEnabled], [a].[UserName], [a].[Version]
      FROM [AspNetUsers] AS [a]
      WHERE [a].[Id] = @__id_0
info: Microsoft.EntityFrameworkCore.Database.Command[20101]
      Executed DbCommand (0ms) [Parameters=[], CommandType='Text', CommandTimeout='30']
      SELECT [a].[SequenceNumber], [a].[AgentId], [a].[AuthorityId], [a].[CurrentHash], [a].[PolicyVersion], [a].[PreviousHash], [a].[PrincipalId], [a].[RecordJson], [a].[Timestamp], [a].[TransactionId]
      FROM [AuditRecords] AS [a]
      ORDER BY [a].[SequenceNumber]
info: Microsoft.EntityFrameworkCore.Database.Command[20101]
      Executed DbCommand (2ms) [Parameters=[@__id_0='?' (Size = 128)], CommandType='Text', CommandTimeout='30']
      SELECT TOP(2) [a].[Id], [a].[AccessFailedCount], [a].[ConcurrencyStamp], [a].[CreatedAt], [a].[Email], [a].[EmailConfirmed], [a].[ExternalIssuer], [a].[ExternalSubject], [a].[LockoutEnabled], [a].[LockoutEnd], [a].[NormalizedEmail], [a].[NormalizedUserName], [a].[PasswordHash], [a].[PhoneNumber], [a].[PhoneNumberConfirmed], [a].[PrincipalId], [a].[SecurityStamp], [a].[TwoFactorEnabled], [a].[UserName], [a].[Version]
      FROM [AspNetUsers] AS [a]
      WHERE [a].[Id] = @__id_0
info: Microsoft.EntityFrameworkCore.Database.Command[20101]
      Executed DbCommand (2ms) [Parameters=[@__principalId_0='?' (Size = 128)], CommandType='Text', CommandTimeout='30']
      SELECT TOP(2) [a].[Id], [a].[AccessFailedCount], [a].[ConcurrencyStamp], [a].[CreatedAt], [a].[Email], [a].[EmailConfirmed], [a].[ExternalIssuer], [a].[ExternalSubject], [a].[LockoutEnabled], [a].[LockoutEnd], [a].[NormalizedEmail], [a].[NormalizedUserName], [a].[PasswordHash], [a].[PhoneNumber], [a].[PhoneNumberConfirmed], [a].[PrincipalId], [a].[SecurityStamp], [a].[TwoFactorEnabled], [a].[UserName], [a].[Version]
      FROM [AspNetUsers] AS [a]
      WHERE [a].[PrincipalId] = @__principalId_0
info: Microsoft.EntityFrameworkCore.Database.Command[20101]
      Executed DbCommand (5ms) [Parameters=[@__provider_0='?' (Size = 128), @__key_1='?' (Size = 256)], CommandType='Text', CommandTimeout='30']
      SELECT TOP(2) [a].[UserId]
      FROM [AspNetUserLogins] AS [a]
      WHERE [a].[LoginProvider] = @__provider_0 AND [a].[ProviderKey] = @__key_1
info: Microsoft.EntityFrameworkCore.Database.Command[20101]
      Executed DbCommand (6ms) [Parameters=[@__provider_0='?' (Size = 128), @__key_1='?' (Size = 256)], CommandType='Text', CommandTimeout='30']
      SELECT TOP(2) [a].[UserId]
      FROM [AspNetUserLogins] AS [a]
      WHERE [a].[LoginProvider] = @__provider_0 AND [a].[ProviderKey] = @__key_1
info: Microsoft.EntityFrameworkCore.Database.Command[20101]
      Executed DbCommand (1ms) [Parameters=[@__id_0='?' (Size = 128)], CommandType='Text', CommandTimeout='30']
      SELECT TOP(2) [a].[Id], [a].[AccessFailedCount], [a].[ConcurrencyStamp], [a].[CreatedAt], [a].[Email], [a].[EmailConfirmed], [a].[ExternalIssuer], [a].[ExternalSubject], [a].[LockoutEnabled], [a].[LockoutEnd], [a].[NormalizedEmail], [a].[NormalizedUserName], [a].[PasswordHash], [a].[PhoneNumber], [a].[PhoneNumberConfirmed], [a].[PrincipalId], [a].[SecurityStamp], [a].[TwoFactorEnabled], [a].[UserName], [a].[Version]
      FROM [AspNetUsers] AS [a]
      WHERE [a].[Id] = @__id_0
info: Microsoft.EntityFrameworkCore.Database.Command[20101]
      Executed DbCommand (1ms) [Parameters=[], CommandType='Text', CommandTimeout='30']
      SELECT [a].[SequenceNumber], [a].[AgentId], [a].[AuthorityId], [a].[CurrentHash], [a].[PolicyVersion], [a].[PreviousHash], [a].[PrincipalId], [a].[RecordJson], [a].[Timestamp], [a].[TransactionId]
      FROM [AuditRecords] AS [a]
      ORDER BY [a].[SequenceNumber]
info: Microsoft.EntityFrameworkCore.Database.Command[20101]
      Executed DbCommand (0ms) [Parameters=[], CommandType='Text', CommandTimeout='30']
      SELECT [a].[SequenceNumber], [a].[AgentId], [a].[AuthorityId], [a].[CurrentHash], [a].[PolicyVersion], [a].[PreviousHash], [a].[PrincipalId], [a].[RecordJson], [a].[Timestamp], [a].[TransactionId]
      FROM [AuditRecords] AS [a]
      ORDER BY [a].[SequenceNumber]
info: Microsoft.EntityFrameworkCore.Database.Command[20101]
      Executed DbCommand (24ms) [Parameters=[@__id_0='?' (Size = 128)], CommandType='Text', CommandTimeout='30']
      SELECT TOP(2) [a].[Id], [a].[AccessFailedCount], [a].[ConcurrencyStamp], [a].[CreatedAt], [a].[Email], [a].[EmailConfirmed], [a].[ExternalIssuer], [a].[ExternalSubject], [a].[LockoutEnabled], [a].[LockoutEnd], [a].[NormalizedEmail], [a].[NormalizedUserName], [a].[PasswordHash], [a].[PhoneNumber], [a].[PhoneNumberConfirmed], [a].[PrincipalId], [a].[SecurityStamp], [a].[TwoFactorEnabled], [a].[UserName], [a].[Version]
      FROM [AspNetUsers] AS [a]
      WHERE [a].[Id] = @__id_0
info: Microsoft.EntityFrameworkCore.Database.Command[20101]
      Executed DbCommand (7ms) [Parameters=[@__principal_0='?' (Size = 450)], CommandType='Text', CommandTimeout='30']
      SELECT [p].[ExecutionId], [p].[CreatedAt], [p].[PrincipalId], [p].[ProviderPaymentId], [p].[PurchaseIntentId], [p].[ReasonsJson], [p].[RequiredAction], [p].[ScheduledFor], [p].[State], [p].[TaskId], [p].[TransactionId], [p].[UpdatedAt], [p].[Version]
      FROM [PurchaseExecutions] AS [p]
      WHERE [p].[PrincipalId] = @__principal_0
info: Microsoft.EntityFrameworkCore.Database.Command[20101]
      Executed DbCommand (4ms) [Parameters=[], CommandType='Text', CommandTimeout='30']
      SELECT [a].[SequenceNumber], [a].[AgentId], [a].[AuthorityId], [a].[CurrentHash], [a].[PolicyVersion], [a].[PreviousHash], [a].[PrincipalId], [a].[RecordJson], [a].[Timestamp], [a].[TransactionId]
      FROM [AuditRecords] AS [a]
      ORDER BY [a].[SequenceNumber]
info: Microsoft.EntityFrameworkCore.Database.Command[20101]
      Executed DbCommand (22ms) [Parameters=[@__id_0='?' (Size = 450)], CommandType='Text', CommandTimeout='30']
      SELECT [f].[MandateId], [f].[Version], [f].[AboveLimit], [f].[AgentId], [f].[ConcurrencyVersion], [f].[CreatedAt], [f].[Currency], [f].[DailyLimit], [f].[EffectiveFrom], [f].[ExpiresAt], [f].[Merchant], [f].[MonthlyLimit], [f].[PaymentMethodId], [f].[PerTransactionLimit], [f].[PrincipalId], [f].[Purpose], [f].[Status], [f].[SupersedesMandateId], [f].[TaskParametersJson], [f].[WeeklyLimit]
      FROM [FinancialMandates] AS [f]
      WHERE [f].[PrincipalId] = @__id_0
info: Microsoft.EntityFrameworkCore.Database.Command[20101]
      Executed DbCommand (2ms) [Parameters=[@__provider_0='?' (Size = 128), @__key_1='?' (Size = 256)], CommandType='Text', CommandTimeout='30']
      SELECT TOP(2) [a].[UserId]
      FROM [AspNetUserLogins] AS [a]
      WHERE [a].[LoginProvider] = @__provider_0 AND [a].[ProviderKey] = @__key_1
info: Microsoft.EntityFrameworkCore.Database.Command[20101]
      Executed DbCommand (9ms) [Parameters=[@__id_0='?' (Size = 128)], CommandType='Text', CommandTimeout='30']
      SELECT TOP(2) [a].[Id], [a].[AccessFailedCount], [a].[ConcurrencyStamp], [a].[CreatedAt], [a].[Email], [a].[EmailConfirmed], [a].[ExternalIssuer], [a].[ExternalSubject], [a].[LockoutEnabled], [a].[LockoutEnd], [a].[NormalizedEmail], [a].[NormalizedUserName], [a].[PasswordHash], [a].[PhoneNumber], [a].[PhoneNumberConfirmed], [a].[PrincipalId], [a].[SecurityStamp], [a].[TwoFactorEnabled], [a].[UserName], [a].[Version]
      FROM [AspNetUsers] AS [a]
      WHERE [a].[Id] = @__id_0
info: Microsoft.EntityFrameworkCore.Database.Command[20101]
      Executed DbCommand (11ms) [Parameters=[@__principalId_0='?' (Size = 4000)], CommandType='Text', CommandTimeout='30']
      SELECT [a].[AgentId], [a].[AgentType], [a].[CredentialStatus], [a].[Environment], [a].[ExpiresAt], [a].[IssuedAt], [a].[IssuerTrustAnchor], [a].[PrincipalId]
      FROM [Agents] AS [a]
      WHERE [a].[PrincipalId] = @__principalId_0
info: Microsoft.EntityFrameworkCore.Database.Command[20101]
      Executed DbCommand (16ms) [Parameters=[@__provider_0='?' (Size = 128), @__key_1='?' (Size = 256)], CommandType='Text', CommandTimeout='30']
      SELECT TOP(2) [a].[UserId]
      FROM [AspNetUserLogins] AS [a]
      WHERE [a].[LoginProvider] = @__provider_0 AND [a].[ProviderKey] = @__key_1
info: Microsoft.EntityFrameworkCore.Database.Command[20101]
      Executed DbCommand (4ms) [Parameters=[], CommandType='Text', CommandTimeout='30']
      SELECT [a].[SequenceNumber], [a].[AgentId], [a].[AuthorityId], [a].[CurrentHash], [a].[PolicyVersion], [a].[PreviousHash], [a].[PrincipalId], [a].[RecordJson], [a].[Timestamp], [a].[TransactionId]
      FROM [AuditRecords] AS [a]
      ORDER BY [a].[SequenceNumber]
info: Microsoft.EntityFrameworkCore.Database.Command[20101]
      Executed DbCommand (1ms) [Parameters=[@__principal_0='?' (Size = 450)], CommandType='Text', CommandTimeout='30']
      SELECT [c].[TaskId], [c].[AgentId], [c].[CreatedAt], [c].[Currency], [c].[MandateId], [c].[MandateVersion], [c].[MaximumAmount], [c].[MerchantScopeJson], [c].[NextExecutionAt], [c].[PaymentMethodId], [c].[PreferencesJson], [c].[PrincipalId], [c].[RecipientId], [c].[Schedule], [c].[ShoppingListJson], [c].[Status], [c].[Timezone], [c].[UpdatedAt], [c].[Version]
      FROM [ConsumerPurchaseTasks] AS [c]
      WHERE [c].[PrincipalId] = @__principal_0
info: Microsoft.EntityFrameworkCore.Database.Command[20101]
      Executed DbCommand (3ms) [Parameters=[@__id_0='?' (Size = 450)], CommandType='Text', CommandTimeout='30']
      SELECT [c].[PaymentMethodId], [c].[CardBrand], [c].[ExpiryMonth], [c].[ExpiryYear], [c].[Last4], [c].[PrincipalId], [c].[Provider], [c].[ProviderCustomerReference], [c].[ProviderToken], [c].[Status], [c].[Version]
      FROM [ConsumerPaymentMethods] AS [c]
      WHERE [c].[PrincipalId] = @__id_0
info: Microsoft.EntityFrameworkCore.Database.Command[20101]
      Executed DbCommand (4ms) [Parameters=[@__provider_0='?' (Size = 128), @__key_1='?' (Size = 256)], CommandType='Text', CommandTimeout='30']
      SELECT TOP(2) [a].[UserId]
      FROM [AspNetUserLogins] AS [a]
      WHERE [a].[LoginProvider] = @__provider_0 AND [a].[ProviderKey] = @__key_1
info: Microsoft.EntityFrameworkCore.Database.Command[20101]
      Executed DbCommand (1ms) [Parameters=[@__id_0='?' (Size = 128)], CommandType='Text', CommandTimeout='30']
      SELECT TOP(2) [a].[Id], [a].[AccessFailedCount], [a].[ConcurrencyStamp], [a].[CreatedAt], [a].[Email], [a].[EmailConfirmed], [a].[ExternalIssuer], [a].[ExternalSubject], [a].[LockoutEnabled], [a].[LockoutEnd], [a].[NormalizedEmail], [a].[NormalizedUserName], [a].[PasswordHash], [a].[PhoneNumber], [a].[PhoneNumberConfirmed], [a].[PrincipalId], [a].[SecurityStamp], [a].[TwoFactorEnabled], [a].[UserName], [a].[Version]
      FROM [AspNetUsers] AS [a]
      WHERE [a].[Id] = @__id_0
info: Microsoft.EntityFrameworkCore.Database.Command[20101]
      Executed DbCommand (1ms) [Parameters=[@__id_0='?' (Size = 450)], CommandType='Text', CommandTimeout='30']
      SELECT [f].[MandateId], [f].[Version], [f].[AboveLimit], [f].[AgentId], [f].[ConcurrencyVersion], [f].[CreatedAt], [f].[Currency], [f].[DailyLimit], [f].[EffectiveFrom], [f].[ExpiresAt], [f].[Merchant], [f].[MonthlyLimit], [f].[PaymentMethodId], [f].[PerTransactionLimit], [f].[PrincipalId], [f].[Purpose], [f].[Status], [f].[SupersedesMandateId], [f].[TaskParametersJson], [f].[WeeklyLimit]
      FROM [FinancialMandates] AS [f]
      WHERE [f].[PrincipalId] = @__id_0
info: Microsoft.EntityFrameworkCore.Database.Command[20101]
      Executed DbCommand (1ms) [Parameters=[@__provider_0='?' (Size = 128), @__key_1='?' (Size = 256)], CommandType='Text', CommandTimeout='30']
      SELECT TOP(2) [a].[UserId]
      FROM [AspNetUserLogins] AS [a]
      WHERE [a].[LoginProvider] = @__provider_0 AND [a].[ProviderKey] = @__key_1
info: Microsoft.EntityFrameworkCore.Database.Command[20101]
      Executed DbCommand (2ms) [Parameters=[@__id_0='?' (Size = 128)], CommandType='Text', CommandTimeout='30']
      SELECT TOP(2) [a].[Id], [a].[AccessFailedCount], [a].[ConcurrencyStamp], [a].[CreatedAt], [a].[Email], [a].[EmailConfirmed], [a].[ExternalIssuer], [a].[ExternalSubject], [a].[LockoutEnabled], [a].[LockoutEnd], [a].[NormalizedEmail], [a].[NormalizedUserName], [a].[PasswordHash], [a].[PhoneNumber], [a].[PhoneNumberConfirmed], [a].[PrincipalId], [a].[SecurityStamp], [a].[TwoFactorEnabled], [a].[UserName], [a].[Version]
      FROM [AspNetUsers] AS [a]
      WHERE [a].[Id] = @__id_0
info: Microsoft.EntityFrameworkCore.Database.Command[20101]
      Executed DbCommand (2ms) [Parameters=[], CommandType='Text', CommandTimeout='30']
      SELECT [a].[SequenceNumber], [a].[AgentId], [a].[AuthorityId], [a].[CurrentHash], [a].[PolicyVersion], [a].[PreviousHash], [a].[PrincipalId], [a].[RecordJson], [a].[Timestamp], [a].[TransactionId]
      FROM [AuditRecords] AS [a]
      ORDER BY [a].[SequenceNumber]
info: Microsoft.EntityFrameworkCore.Database.Command[20101]
      Executed DbCommand (3ms) [Parameters=[], CommandType='Text', CommandTimeout='30']
      SELECT [a].[SequenceNumber], [a].[AgentId], [a].[AuthorityId], [a].[CurrentHash], [a].[PolicyVersion], [a].[PreviousHash], [a].[PrincipalId], [a].[RecordJson], [a].[Timestamp], [a].[TransactionId]
      FROM [AuditRecords] AS [a]
      ORDER BY [a].[SequenceNumber]
info: Microsoft.EntityFrameworkCore.Database.Command[20101]
      Executed DbCommand (5ms) [Parameters=[@__id_0='?' (Size = 128)], CommandType='Text', CommandTimeout='30']
      SELECT TOP(2) [a].[Id], [a].[AccessFailedCount], [a].[ConcurrencyStamp], [a].[CreatedAt], [a].[Email], [a].[EmailConfirmed], [a].[ExternalIssuer], [a].[ExternalSubject], [a].[LockoutEnabled], [a].[LockoutEnd], [a].[NormalizedEmail], [a].[NormalizedUserName], [a].[PasswordHash], [a].[PhoneNumber], [a].[PhoneNumberConfirmed], [a].[PrincipalId], [a].[SecurityStamp], [a].[TwoFactorEnabled], [a].[UserName], [a].[Version]
      FROM [AspNetUsers] AS [a]
      WHERE [a].[Id] = @__id_0
info: Microsoft.EntityFrameworkCore.Database.Command[20101]
      Executed DbCommand (1ms) [Parameters=[@__principal_0='?' (Size = 450), @__now_1='?' (DbType = DateTimeOffset)], CommandType='Text', CommandTimeout='30']
      SELECT [c].[MemoryId], [c].[Confidence], [c].[Content], [c].[CreatedAt], [c].[Deleted], [c].[ExpiresAt], [c].[Kind], [c].[Polarity], [c].[PrincipalId], [c].[Provenance], [c].[SourceConversationId], [c].[SourcePurchaseIntentId], [c].[Subject], [c].[UpdatedAt], [c].[Version]
      FROM [ConsumerMemories] AS [c]
      WHERE [c].[PrincipalId] = @__principal_0 AND [c].[Deleted] = CAST(0 AS bit) AND ([c].[ExpiresAt] IS NULL OR [c].[ExpiresAt] > @__now_1)
info: Microsoft.EntityFrameworkCore.Database.Command[20101]
      Executed DbCommand (0ms) [Parameters=[@__principal_0='?' (Size = 450)], CommandType='Text', CommandTimeout='30']
      SELECT TOP(2) [c].[PrincipalId], [c].[AskBeforeSubstitutions], [c].[InteractionMode], [c].[ShowBasketBeforePayment], [c].[UpdatedAt], [c].[Version]
      FROM [ConsumerConversationPolicies] AS [c]
      WHERE [c].[PrincipalId] = @__principal_0
info: Microsoft.EntityFrameworkCore.Database.Command[20101]
      Executed DbCommand (3ms) [Parameters=[], CommandType='Text', CommandTimeout='30']
      SELECT [a].[SequenceNumber], [a].[AgentId], [a].[AuthorityId], [a].[CurrentHash], [a].[PolicyVersion], [a].[PreviousHash], [a].[PrincipalId], [a].[RecordJson], [a].[Timestamp], [a].[TransactionId]
      FROM [AuditRecords] AS [a]
      ORDER BY [a].[SequenceNumber]
info: Microsoft.EntityFrameworkCore.Database.Command[20101]
      Executed DbCommand (1ms) [Parameters=[@__provider_0='?' (Size = 128), @__key_1='?' (Size = 256)], CommandType='Text', CommandTimeout='30']
      SELECT TOP(2) [a].[UserId]
      FROM [AspNetUserLogins] AS [a]
      WHERE [a].[LoginProvider] = @__provider_0 AND [a].[ProviderKey] = @__key_1
info: Microsoft.EntityFrameworkCore.Database.Command[20101]
      Executed DbCommand (1ms) [Parameters=[@__id_0='?' (Size = 450)], CommandType='Text', CommandTimeout='30']
      SELECT [c].[PaymentMethodId], [c].[CardBrand], [c].[ExpiryMonth], [c].[ExpiryYear], [c].[Last4], [c].[PrincipalId], [c].[Provider], [c].[ProviderCustomerReference], [c].[ProviderToken], [c].[Status], [c].[Version]
      FROM [ConsumerPaymentMethods] AS [c]
      WHERE [c].[PrincipalId] = @__id_0
info: Microsoft.EntityFrameworkCore.Database.Command[20101]
      Executed DbCommand (5ms) [Parameters=[@__id_0='?' (Size = 128)], CommandType='Text', CommandTimeout='30']
      SELECT TOP(2) [a].[Id], [a].[AccessFailedCount], [a].[ConcurrencyStamp], [a].[CreatedAt], [a].[Email], [a].[EmailConfirmed], [a].[ExternalIssuer], [a].[ExternalSubject], [a].[LockoutEnabled], [a].[LockoutEnd], [a].[NormalizedEmail], [a].[NormalizedUserName], [a].[PasswordHash], [a].[PhoneNumber], [a].[PhoneNumberConfirmed], [a].[PrincipalId], [a].[SecurityStamp], [a].[TwoFactorEnabled], [a].[UserName], [a].[Version]
      FROM [AspNetUsers] AS [a]
      WHERE [a].[Id] = @__id_0
info: Microsoft.EntityFrameworkCore.Database.Command[20101]
      Executed DbCommand (3ms) [Parameters=[@__principal_0='?' (Size = 450)], CommandType='Text', CommandTimeout='30']
      SELECT TOP(2) [c].[PrincipalId], [c].[AllowAlternativeMerchants], [c].[AllowCrossBrandSubstitutions], [c].[AllowSplitOrders], [c].[AskBeforeNonPreferredMerchant], [c].[DeliveryAddress], [c].[ExcludedMerchantsJson], [c].[MaximumAdditionalDeliveryCost], [c].[MaximumDistanceMiles], [c].[Postcode], [c].[PreferredMerchantsJson], [c].[UpdatedAt], [c].[Version]
      FROM [ConsumerShoppingDeliveryPolicies] AS [c]
      WHERE [c].[PrincipalId] = @__principal_0
info: Microsoft.EntityFrameworkCore.Database.Command[20101]
      Executed DbCommand (2ms) [Parameters=[], CommandType='Text', CommandTimeout='30']
      SELECT [a].[SequenceNumber], [a].[AgentId], [a].[AuthorityId], [a].[CurrentHash], [a].[PolicyVersion], [a].[PreviousHash], [a].[PrincipalId], [a].[RecordJson], [a].[Timestamp], [a].[TransactionId]
      FROM [AuditRecords] AS [a]
      ORDER BY [a].[SequenceNumber]
info: Microsoft.EntityFrameworkCore.Database.Command[20101]
      Executed DbCommand (1ms) [Parameters=[@__principal_0='?' (Size = 450)], CommandType='Text', CommandTimeout='30']
      SELECT [c].[RecipientId], [c].[Active], [c].[AllowSubstitutions], [c].[AllowedCategoriesJson], [c].[CreatedAt], [c].[DeliveryAddress], [c].[DeliveryConsent], [c].[Email], [c].[ExcludedCategoriesJson], [c].[ExcludedMerchantsJson], [c].[Name], [c].[NotifyRecipient], [c].[PayerNotification], [c].[Phone], [c].[PreferredMerchantsJson], [c].[PrincipalId], [c].[Relationship], [c].[UpdatedAt], [c].[Version]
      FROM [ConsumerRecipients] AS [c]
      WHERE [c].[PrincipalId] = @__principal_0
      ORDER BY [c].[Name]
info: Microsoft.EntityFrameworkCore.Database.Command[20101]
      Executed DbCommand (1ms) [Parameters=[@__provider_0='?' (Size = 128), @__key_1='?' (Size = 256)], CommandType='Text', CommandTimeout='30']
      SELECT TOP(2) [a].[UserId]
      FROM [AspNetUserLogins] AS [a]
      WHERE [a].[LoginProvider] = @__provider_0 AND [a].[ProviderKey] = @__key_1
info: Microsoft.EntityFrameworkCore.Database.Command[20101]
      Executed DbCommand (1ms) [Parameters=[@__provider_0='?' (Size = 128), @__key_1='?' (Size = 256)], CommandType='Text', CommandTimeout='30']
      SELECT TOP(2) [a].[UserId]
      FROM [AspNetUserLogins] AS [a]
      WHERE [a].[LoginProvider] = @__provider_0 AND [a].[ProviderKey] = @__key_1
info: Microsoft.EntityFrameworkCore.Database.Command[20101]
      Executed DbCommand (1ms) [Parameters=[@__provider_0='?' (Size = 128), @__key_1='?' (Size = 256)], CommandType='Text', CommandTimeout='30']
      SELECT TOP(2) [a].[UserId]
      FROM [AspNetUserLogins] AS [a]
      WHERE [a].[LoginProvider] = @__provider_0 AND [a].[ProviderKey] = @__key_1
info: Microsoft.EntityFrameworkCore.Database.Command[20101]
      Executed DbCommand (1ms) [Parameters=[@__provider_0='?' (Size = 128), @__key_1='?' (Size = 256)], CommandType='Text', CommandTimeout='30']
      SELECT TOP(2) [a].[UserId]
      FROM [AspNetUserLogins] AS [a]
      WHERE [a].[LoginProvider] = @__provider_0 AND [a].[ProviderKey] = @__key_1
info: Microsoft.EntityFrameworkCore.Database.Command[20101]
      Executed DbCommand (3ms) [Parameters=[@__provider_0='?' (Size = 128), @__key_1='?' (Size = 256)], CommandType='Text', CommandTimeout='30']
      SELECT TOP(2) [a].[UserId]
      FROM [AspNetUserLogins] AS [a]
      WHERE [a].[LoginProvider] = @__provider_0 AND [a].[ProviderKey] = @__key_1
info: Microsoft.EntityFrameworkCore.Database.Command[20101]
      Executed DbCommand (1ms) [Parameters=[@__id_0='?' (Size = 128)], CommandType='Text', CommandTimeout='30']
      SELECT TOP(2) [a].[Id], [a].[AccessFailedCount], [a].[ConcurrencyStamp], [a].[CreatedAt], [a].[Email], [a].[EmailConfirmed], [a].[ExternalIssuer], [a].[ExternalSubject], [a].[LockoutEnabled], [a].[LockoutEnd], [a].[NormalizedEmail], [a].[NormalizedUserName], [a].[PasswordHash], [a].[PhoneNumber], [a].[PhoneNumberConfirmed], [a].[PrincipalId], [a].[SecurityStamp], [a].[TwoFactorEnabled], [a].[UserName], [a].[Version]
      FROM [AspNetUsers] AS [a]
      WHERE [a].[Id] = @__id_0
info: Microsoft.EntityFrameworkCore.Database.Command[20101]
      Executed DbCommand (2ms) [Parameters=[@__provider_0='?' (Size = 128), @__key_1='?' (Size = 256)], CommandType='Text', CommandTimeout='30']
      SELECT TOP(2) [a].[UserId]
      FROM [AspNetUserLogins] AS [a]
      WHERE [a].[LoginProvider] = @__provider_0 AND [a].[ProviderKey] = @__key_1
info: Microsoft.EntityFrameworkCore.Database.Command[20101]
      Executed DbCommand (1ms) [Parameters=[@__id_0='?' (Size = 128)], CommandType='Text', CommandTimeout='30']
      SELECT TOP(2) [a].[Id], [a].[AccessFailedCount], [a].[ConcurrencyStamp], [a].[CreatedAt], [a].[Email], [a].[EmailConfirmed], [a].[ExternalIssuer], [a].[ExternalSubject], [a].[LockoutEnabled], [a].[LockoutEnd], [a].[NormalizedEmail], [a].[NormalizedUserName], [a].[PasswordHash], [a].[PhoneNumber], [a].[PhoneNumberConfirmed], [a].[PrincipalId], [a].[SecurityStamp], [a].[TwoFactorEnabled], [a].[UserName], [a].[Version]
      FROM [AspNetUsers] AS [a]
      WHERE [a].[Id] = @__id_0
info: Microsoft.EntityFrameworkCore.Database.Command[20101]
      Executed DbCommand (2ms) [Parameters=[@__id_0='?' (Size = 128)], CommandType='Text', CommandTimeout='30']
      SELECT TOP(2) [a].[Id], [a].[AccessFailedCount], [a].[ConcurrencyStamp], [a].[CreatedAt], [a].[Email], [a].[EmailConfirmed], [a].[ExternalIssuer], [a].[ExternalSubject], [a].[LockoutEnabled], [a].[LockoutEnd], [a].[NormalizedEmail], [a].[NormalizedUserName], [a].[PasswordHash], [a].[PhoneNumber], [a].[PhoneNumberConfirmed], [a].[PrincipalId], [a].[SecurityStamp], [a].[TwoFactorEnabled], [a].[UserName], [a].[Version]
      FROM [AspNetUsers] AS [a]
      WHERE [a].[Id] = @__id_0
info: Microsoft.EntityFrameworkCore.Database.Command[20101]
      Executed DbCommand (2ms) [Parameters=[@__id_0='?' (Size = 128)], CommandType='Text', CommandTimeout='30']
      SELECT TOP(2) [a].[Id], [a].[AccessFailedCount], [a].[ConcurrencyStamp], [a].[CreatedAt], [a].[Email], [a].[EmailConfirmed], [a].[ExternalIssuer], [a].[ExternalSubject], [a].[LockoutEnabled], [a].[LockoutEnd], [a].[NormalizedEmail], [a].[NormalizedUserName], [a].[PasswordHash], [a].[PhoneNumber], [a].[PhoneNumberConfirmed], [a].[PrincipalId], [a].[SecurityStamp], [a].[TwoFactorEnabled], [a].[UserName], [a].[Version]
      FROM [AspNetUsers] AS [a]
      WHERE [a].[Id] = @__id_0
info: Microsoft.EntityFrameworkCore.Database.Command[20101]
      Executed DbCommand (1ms) [Parameters=[], CommandType='Text', CommandTimeout='30']
      SELECT [a].[SequenceNumber], [a].[AgentId], [a].[AuthorityId], [a].[CurrentHash], [a].[PolicyVersion], [a].[PreviousHash], [a].[PrincipalId], [a].[RecordJson], [a].[Timestamp], [a].[TransactionId]
      FROM [AuditRecords] AS [a]
      ORDER BY [a].[SequenceNumber]
info: Microsoft.EntityFrameworkCore.Database.Command[20101]
      Executed DbCommand (1ms) [Parameters=[], CommandType='Text', CommandTimeout='30']
      SELECT [a].[SequenceNumber], [a].[AgentId], [a].[AuthorityId], [a].[CurrentHash], [a].[PolicyVersion], [a].[PreviousHash], [a].[PrincipalId], [a].[RecordJson], [a].[Timestamp], [a].[TransactionId]
      FROM [AuditRecords] AS [a]
      ORDER BY [a].[SequenceNumber]
info: Microsoft.EntityFrameworkCore.Database.Command[20101]
      Executed DbCommand (2ms) [Parameters=[], CommandType='Text', CommandTimeout='30']
      SELECT [a].[SequenceNumber], [a].[AgentId], [a].[AuthorityId], [a].[CurrentHash], [a].[PolicyVersion], [a].[PreviousHash], [a].[PrincipalId], [a].[RecordJson], [a].[Timestamp], [a].[TransactionId]
      FROM [AuditRecords] AS [a]
      ORDER BY [a].[SequenceNumber]
info: Microsoft.EntityFrameworkCore.Database.Command[20101]
      Executed DbCommand (3ms) [Parameters=[@__id_0='?' (Size = 128)], CommandType='Text', CommandTimeout='30']
      SELECT TOP(2) [a].[Id], [a].[AccessFailedCount], [a].[ConcurrencyStamp], [a].[CreatedAt], [a].[Email], [a].[EmailConfirmed], [a].[ExternalIssuer], [a].[ExternalSubject], [a].[LockoutEnabled], [a].[LockoutEnd], [a].[NormalizedEmail], [a].[NormalizedUserName], [a].[PasswordHash], [a].[PhoneNumber], [a].[PhoneNumberConfirmed], [a].[PrincipalId], [a].[SecurityStamp], [a].[TwoFactorEnabled], [a].[UserName], [a].[Version]
      FROM [AspNetUsers] AS [a]
      WHERE [a].[Id] = @__id_0
info: Microsoft.EntityFrameworkCore.Database.Command[20101]
      Executed DbCommand (2ms) [Parameters=[], CommandType='Text', CommandTimeout='30']
      SELECT [a].[SequenceNumber], [a].[AgentId], [a].[AuthorityId], [a].[CurrentHash], [a].[PolicyVersion], [a].[PreviousHash], [a].[PrincipalId], [a].[RecordJson], [a].[Timestamp], [a].[TransactionId]
      FROM [AuditRecords] AS [a]
      ORDER BY [a].[SequenceNumber]
info: Microsoft.EntityFrameworkCore.Database.Command[20101]
      Executed DbCommand (0ms) [Parameters=[@__principal_0='?' (Size = 450)], CommandType='Text', CommandTimeout='30']
      SELECT [p].[ExecutionId], [p].[CreatedAt], [p].[PrincipalId], [p].[ProviderPaymentId], [p].[PurchaseIntentId], [p].[ReasonsJson], [p].[RequiredAction], [p].[ScheduledFor], [p].[State], [p].[TaskId], [p].[TransactionId], [p].[UpdatedAt], [p].[Version]
      FROM [PurchaseExecutions] AS [p]
      WHERE [p].[PrincipalId] = @__principal_0
info: Microsoft.EntityFrameworkCore.Database.Command[20101]
      Executed DbCommand (4ms) [Parameters=[@__id_0='?' (Size = 450)], CommandType='Text', CommandTimeout='30']
      SELECT [c].[PaymentMethodId], [c].[CardBrand], [c].[ExpiryMonth], [c].[ExpiryYear], [c].[Last4], [c].[PrincipalId], [c].[Provider], [c].[ProviderCustomerReference], [c].[ProviderToken], [c].[Status], [c].[Version]
      FROM [ConsumerPaymentMethods] AS [c]
      WHERE [c].[PrincipalId] = @__id_0
info: Microsoft.EntityFrameworkCore.Database.Command[20101]
      Executed DbCommand (6ms) [Parameters=[@__principalId_0='?' (Size = 4000)], CommandType='Text', CommandTimeout='30']
      SELECT [a].[AgentId], [a].[AgentType], [a].[CredentialStatus], [a].[Environment], [a].[ExpiresAt], [a].[IssuedAt], [a].[IssuerTrustAnchor], [a].[PrincipalId]
      FROM [Agents] AS [a]
      WHERE [a].[PrincipalId] = @__principalId_0
info: Microsoft.EntityFrameworkCore.Database.Command[20101]
      Executed DbCommand (24ms) [Parameters=[@__principalId_0='?' (Size = 128)], CommandType='Text', CommandTimeout='30']
      SELECT TOP(2) [a].[Id], [a].[AccessFailedCount], [a].[ConcurrencyStamp], [a].[CreatedAt], [a].[Email], [a].[EmailConfirmed], [a].[ExternalIssuer], [a].[ExternalSubject], [a].[LockoutEnabled], [a].[LockoutEnd], [a].[NormalizedEmail], [a].[NormalizedUserName], [a].[PasswordHash], [a].[PhoneNumber], [a].[PhoneNumberConfirmed], [a].[PrincipalId], [a].[SecurityStamp], [a].[TwoFactorEnabled], [a].[UserName], [a].[Version]
      FROM [AspNetUsers] AS [a]
      WHERE [a].[PrincipalId] = @__principalId_0
info: Microsoft.EntityFrameworkCore.Database.Command[20101]
      Executed DbCommand (28ms) [Parameters=[@__id_0='?' (Size = 128)], CommandType='Text', CommandTimeout='30']
      SELECT TOP(2) [a].[Id], [a].[AccessFailedCount], [a].[ConcurrencyStamp], [a].[CreatedAt], [a].[Email], [a].[EmailConfirmed], [a].[ExternalIssuer], [a].[ExternalSubject], [a].[LockoutEnabled], [a].[LockoutEnd], [a].[NormalizedEmail], [a].[NormalizedUserName], [a].[PasswordHash], [a].[PhoneNumber], [a].[PhoneNumberConfirmed], [a].[PrincipalId], [a].[SecurityStamp], [a].[TwoFactorEnabled], [a].[UserName], [a].[Version]
      FROM [AspNetUsers] AS [a]
      WHERE [a].[Id] = @__id_0
info: Microsoft.EntityFrameworkCore.Database.Command[20101]
      Executed DbCommand (2ms) [Parameters=[], CommandType='Text', CommandTimeout='30']
      SELECT [a].[SequenceNumber], [a].[AgentId], [a].[AuthorityId], [a].[CurrentHash], [a].[PolicyVersion], [a].[PreviousHash], [a].[PrincipalId], [a].[RecordJson], [a].[Timestamp], [a].[TransactionId]
      FROM [AuditRecords] AS [a]
      ORDER BY [a].[SequenceNumber]
info: Microsoft.EntityFrameworkCore.Database.Command[20101]
      Executed DbCommand (26ms) [Parameters=[@__id_0='?' (Size = 450)], CommandType='Text', CommandTimeout='30']
      SELECT [c].[PaymentMethodId], [c].[CardBrand], [c].[ExpiryMonth], [c].[ExpiryYear], [c].[Last4], [c].[PrincipalId], [c].[Provider], [c].[ProviderCustomerReference], [c].[ProviderToken], [c].[Status], [c].[Version]
      FROM [ConsumerPaymentMethods] AS [c]
      WHERE [c].[PrincipalId] = @__id_0
info: Microsoft.EntityFrameworkCore.Database.Command[20101]
      Executed DbCommand (1ms) [Parameters=[@__id_0='?' (Size = 450)], CommandType='Text', CommandTimeout='30']
      SELECT [f].[MandateId], [f].[Version], [f].[AboveLimit], [f].[AgentId], [f].[ConcurrencyVersion], [f].[CreatedAt], [f].[Currency], [f].[DailyLimit], [f].[EffectiveFrom], [f].[ExpiresAt], [f].[Merchant], [f].[MonthlyLimit], [f].[PaymentMethodId], [f].[PerTransactionLimit], [f].[PrincipalId], [f].[Purpose], [f].[Status], [f].[SupersedesMandateId], [f].[TaskParametersJson], [f].[WeeklyLimit]
      FROM [FinancialMandates] AS [f]
      WHERE [f].[PrincipalId] = @__id_0
info: Microsoft.EntityFrameworkCore.Database.Command[20101]
      Executed DbCommand (1ms) [Parameters=[@__provider_0='?' (Size = 128), @__key_1='?' (Size = 256)], CommandType='Text', CommandTimeout='30']
      SELECT TOP(2) [a].[UserId]
      FROM [AspNetUserLogins] AS [a]
      WHERE [a].[LoginProvider] = @__provider_0 AND [a].[ProviderKey] = @__key_1
info: Microsoft.EntityFrameworkCore.Database.Command[20101]
      Executed DbCommand (0ms) [Parameters=[@__id_0='?' (Size = 450)], CommandType='Text', CommandTimeout='30']
      SELECT [f].[MandateId], [f].[Version], [f].[AboveLimit], [f].[AgentId], [f].[ConcurrencyVersion], [f].[CreatedAt], [f].[Currency], [f].[DailyLimit], [f].[EffectiveFrom], [f].[ExpiresAt], [f].[Merchant], [f].[MonthlyLimit], [f].[PaymentMethodId], [f].[PerTransactionLimit], [f].[PrincipalId], [f].[Purpose], [f].[Status], [f].[SupersedesMandateId], [f].[TaskParametersJson], [f].[WeeklyLimit]
      FROM [FinancialMandates] AS [f]
      WHERE [f].[PrincipalId] = @__id_0
info: Microsoft.EntityFrameworkCore.Database.Command[20101]
      Executed DbCommand (0ms) [Parameters=[@__id_0='?' (Size = 128)], CommandType='Text', CommandTimeout='30']
      SELECT TOP(2) [a].[Id], [a].[AccessFailedCount], [a].[ConcurrencyStamp], [a].[CreatedAt], [a].[Email], [a].[EmailConfirmed], [a].[ExternalIssuer], [a].[ExternalSubject], [a].[LockoutEnabled], [a].[LockoutEnd], [a].[NormalizedEmail], [a].[NormalizedUserName], [a].[PasswordHash], [a].[PhoneNumber], [a].[PhoneNumberConfirmed], [a].[PrincipalId], [a].[SecurityStamp], [a].[TwoFactorEnabled], [a].[UserName], [a].[Version]
      FROM [AspNetUsers] AS [a]
      WHERE [a].[Id] = @__id_0
info: Microsoft.EntityFrameworkCore.Database.Command[20101]
      Executed DbCommand (0ms) [Parameters=[], CommandType='Text', CommandTimeout='30']
      SELECT [a].[SequenceNumber], [a].[AgentId], [a].[AuthorityId], [a].[CurrentHash], [a].[PolicyVersion], [a].[PreviousHash], [a].[PrincipalId], [a].[RecordJson], [a].[Timestamp], [a].[TransactionId]
      FROM [AuditRecords] AS [a]
      ORDER BY [a].[SequenceNumber]
info: Microsoft.EntityFrameworkCore.Database.Command[20101]
      Executed DbCommand (0ms) [Parameters=[@__principal_0='?' (Size = 450)], CommandType='Text', CommandTimeout='30']
      SELECT TOP(2) [c].[PrincipalId], [c].[AskBeforeSubstitutions], [c].[InteractionMode], [c].[ShowBasketBeforePayment], [c].[UpdatedAt], [c].[Version]
      FROM [ConsumerConversationPolicies] AS [c]
      WHERE [c].[PrincipalId] = @__principal_0
info: Microsoft.EntityFrameworkCore.Database.Command[20101]
      Executed DbCommand (2ms) [Parameters=[@__provider_0='?' (Size = 128), @__key_1='?' (Size = 256)], CommandType='Text', CommandTimeout='30']
      SELECT TOP(2) [a].[UserId]
      FROM [AspNetUserLogins] AS [a]
      WHERE [a].[LoginProvider] = @__provider_0 AND [a].[ProviderKey] = @__key_1
info: Microsoft.EntityFrameworkCore.Database.Command[20101]
      Executed DbCommand (0ms) [Parameters=[@__id_0='?' (Size = 128)], CommandType='Text', CommandTimeout='30']
      SELECT TOP(2) [a].[Id], [a].[AccessFailedCount], [a].[ConcurrencyStamp], [a].[CreatedAt], [a].[Email], [a].[EmailConfirmed], [a].[ExternalIssuer], [a].[ExternalSubject], [a].[LockoutEnabled], [a].[LockoutEnd], [a].[NormalizedEmail], [a].[NormalizedUserName], [a].[PasswordHash], [a].[PhoneNumber], [a].[PhoneNumberConfirmed], [a].[PrincipalId], [a].[SecurityStamp], [a].[TwoFactorEnabled], [a].[UserName], [a].[Version]
      FROM [AspNetUsers] AS [a]
      WHERE [a].[Id] = @__id_0
info: Microsoft.EntityFrameworkCore.Database.Command[20101]
      Executed DbCommand (16ms) [Parameters=[@__provider_0='?' (Size = 128), @__key_1='?' (Size = 256)], CommandType='Text', CommandTimeout='30']
      SELECT TOP(2) [a].[UserId]
      FROM [AspNetUserLogins] AS [a]
      WHERE [a].[LoginProvider] = @__provider_0 AND [a].[ProviderKey] = @__key_1
info: Microsoft.EntityFrameworkCore.Database.Command[20101]
      Executed DbCommand (1ms) [Parameters=[], CommandType='Text', CommandTimeout='30']
      SELECT [a].[SequenceNumber], [a].[AgentId], [a].[AuthorityId], [a].[CurrentHash], [a].[PolicyVersion], [a].[PreviousHash], [a].[PrincipalId], [a].[RecordJson], [a].[Timestamp], [a].[TransactionId]
      FROM [AuditRecords] AS [a]
      ORDER BY [a].[SequenceNumber]
info: Microsoft.EntityFrameworkCore.Database.Command[20101]
      Executed DbCommand (3ms) [Parameters=[@__id_0='?' (Size = 128)], CommandType='Text', CommandTimeout='30']
      SELECT TOP(2) [a].[Id], [a].[AccessFailedCount], [a].[ConcurrencyStamp], [a].[CreatedAt], [a].[Email], [a].[EmailConfirmed], [a].[ExternalIssuer], [a].[ExternalSubject], [a].[LockoutEnabled], [a].[LockoutEnd], [a].[NormalizedEmail], [a].[NormalizedUserName], [a].[PasswordHash], [a].[PhoneNumber], [a].[PhoneNumberConfirmed], [a].[PrincipalId], [a].[SecurityStamp], [a].[TwoFactorEnabled], [a].[UserName], [a].[Version]
      FROM [AspNetUsers] AS [a]
      WHERE [a].[Id] = @__id_0
info: Microsoft.EntityFrameworkCore.Database.Command[20101]
      Executed DbCommand (3ms) [Parameters=[], CommandType='Text', CommandTimeout='30']
      SELECT [a].[SequenceNumber], [a].[AgentId], [a].[AuthorityId], [a].[CurrentHash], [a].[PolicyVersion], [a].[PreviousHash], [a].[PrincipalId], [a].[RecordJson], [a].[Timestamp], [a].[TransactionId]
      FROM [AuditRecords] AS [a]
      ORDER BY [a].[SequenceNumber]
info: Microsoft.EntityFrameworkCore.Database.Command[20101]
      Executed DbCommand (3ms) [Parameters=[@__principal_0='?' (Size = 450)], CommandType='Text', CommandTimeout='30']
      SELECT TOP(2) [c].[PrincipalId], [c].[AllowAlternativeMerchants], [c].[AllowCrossBrandSubstitutions], [c].[AllowSplitOrders], [c].[AskBeforeNonPreferredMerchant], [c].[DeliveryAddress], [c].[ExcludedMerchantsJson], [c].[MaximumAdditionalDeliveryCost], [c].[MaximumDistanceMiles], [c].[Postcode], [c].[PreferredMerchantsJson], [c].[UpdatedAt], [c].[Version]
      FROM [ConsumerShoppingDeliveryPolicies] AS [c]
      WHERE [c].[PrincipalId] = @__principal_0
info: Microsoft.EntityFrameworkCore.Database.Command[20101]
      Executed DbCommand (12ms) [Parameters=[@__provider_0='?' (Size = 128), @__key_1='?' (Size = 256)], CommandType='Text', CommandTimeout='30']
      SELECT TOP(2) [a].[UserId]
      FROM [AspNetUserLogins] AS [a]
      WHERE [a].[LoginProvider] = @__provider_0 AND [a].[ProviderKey] = @__key_1
info: Microsoft.EntityFrameworkCore.Database.Command[20101]
      Executed DbCommand (3ms) [Parameters=[@__principal_0='?' (Size = 450), @__now_1='?' (DbType = DateTimeOffset)], CommandType='Text', CommandTimeout='30']
      SELECT [c].[MemoryId], [c].[Confidence], [c].[Content], [c].[CreatedAt], [c].[Deleted], [c].[ExpiresAt], [c].[Kind], [c].[Polarity], [c].[PrincipalId], [c].[Provenance], [c].[SourceConversationId], [c].[SourcePurchaseIntentId], [c].[Subject], [c].[UpdatedAt], [c].[Version]
      FROM [ConsumerMemories] AS [c]
      WHERE [c].[PrincipalId] = @__principal_0 AND [c].[Deleted] = CAST(0 AS bit) AND ([c].[ExpiresAt] IS NULL OR [c].[ExpiresAt] > @__now_1)
info: Microsoft.EntityFrameworkCore.Database.Command[20101]
      Executed DbCommand (2ms) [Parameters=[@__id_0='?' (Size = 128)], CommandType='Text', CommandTimeout='30']
      SELECT TOP(2) [a].[Id], [a].[AccessFailedCount], [a].[ConcurrencyStamp], [a].[CreatedAt], [a].[Email], [a].[EmailConfirmed], [a].[ExternalIssuer], [a].[ExternalSubject], [a].[LockoutEnabled], [a].[LockoutEnd], [a].[NormalizedEmail], [a].[NormalizedUserName], [a].[PasswordHash], [a].[PhoneNumber], [a].[PhoneNumberConfirmed], [a].[PrincipalId], [a].[SecurityStamp], [a].[TwoFactorEnabled], [a].[UserName], [a].[Version]
      FROM [AspNetUsers] AS [a]
      WHERE [a].[Id] = @__id_0
info: Microsoft.EntityFrameworkCore.Database.Command[20101]
      Executed DbCommand (1ms) [Parameters=[], CommandType='Text', CommandTimeout='30']
      SELECT [a].[SequenceNumber], [a].[AgentId], [a].[AuthorityId], [a].[CurrentHash], [a].[PolicyVersion], [a].[PreviousHash], [a].[PrincipalId], [a].[RecordJson], [a].[Timestamp], [a].[TransactionId]
      FROM [AuditRecords] AS [a]
      ORDER BY [a].[SequenceNumber]
info: Microsoft.EntityFrameworkCore.Database.Command[20101]
      Executed DbCommand (1ms) [Parameters=[@__principal_0='?' (Size = 450)], CommandType='Text', CommandTimeout='30']
      SELECT [c].[TaskId], [c].[AgentId], [c].[CreatedAt], [c].[Currency], [c].[MandateId], [c].[MandateVersion], [c].[MaximumAmount], [c].[MerchantScopeJson], [c].[NextExecutionAt], [c].[PaymentMethodId], [c].[PreferencesJson], [c].[PrincipalId], [c].[RecipientId], [c].[Schedule], [c].[ShoppingListJson], [c].[Status], [c].[Timezone], [c].[UpdatedAt], [c].[Version]
      FROM [ConsumerPurchaseTasks] AS [c]
      WHERE [c].[PrincipalId] = @__principal_0
info: Microsoft.EntityFrameworkCore.Database.Command[20101]
      Executed DbCommand (1ms) [Parameters=[@__principal_0='?' (Size = 450)], CommandType='Text', CommandTimeout='30']
      SELECT [c].[RecipientId], [c].[Active], [c].[AllowSubstitutions], [c].[AllowedCategoriesJson], [c].[CreatedAt], [c].[DeliveryAddress], [c].[DeliveryConsent], [c].[Email], [c].[ExcludedCategoriesJson], [c].[ExcludedMerchantsJson], [c].[Name], [c].[NotifyRecipient], [c].[PayerNotification], [c].[Phone], [c].[PreferredMerchantsJson], [c].[PrincipalId], [c].[Relationship], [c].[UpdatedAt], [c].[Version]
      FROM [ConsumerRecipients] AS [c]
      WHERE [c].[PrincipalId] = @__principal_0
      ORDER BY [c].[Name]
info: Microsoft.EntityFrameworkCore.Database.Command[20101]
      Executed DbCommand (0ms) [Parameters=[@__provider_0='?' (Size = 128), @__key_1='?' (Size = 256)], CommandType='Text', CommandTimeout='30']
      SELECT TOP(2) [a].[UserId]
      FROM [AspNetUserLogins] AS [a]
      WHERE [a].[LoginProvider] = @__provider_0 AND [a].[ProviderKey] = @__key_1
info: Microsoft.EntityFrameworkCore.Database.Command[20101]
      Executed DbCommand (1ms) [Parameters=[@__provider_0='?' (Size = 128), @__key_1='?' (Size = 256)], CommandType='Text', CommandTimeout='30']
      SELECT TOP(2) [a].[UserId]
      FROM [AspNetUserLogins] AS [a]
      WHERE [a].[LoginProvider] = @__provider_0 AND [a].[ProviderKey] = @__key_1
info: Microsoft.EntityFrameworkCore.Database.Command[20101]
      Executed DbCommand (1ms) [Parameters=[@__provider_0='?' (Size = 128), @__key_1='?' (Size = 256)], CommandType='Text', CommandTimeout='30']
      SELECT TOP(2) [a].[UserId]
      FROM [AspNetUserLogins] AS [a]
      WHERE [a].[LoginProvider] = @__provider_0 AND [a].[ProviderKey] = @__key_1
info: Microsoft.EntityFrameworkCore.Database.Command[20101]
      Executed DbCommand (0ms) [Parameters=[@__provider_0='?' (Size = 128), @__key_1='?' (Size = 256)], CommandType='Text', CommandTimeout='30']
      SELECT TOP(2) [a].[UserId]
      FROM [AspNetUserLogins] AS [a]
      WHERE [a].[LoginProvider] = @__provider_0 AND [a].[ProviderKey] = @__key_1
info: Microsoft.EntityFrameworkCore.Database.Command[20101]
      Executed DbCommand (1ms) [Parameters=[@__provider_0='?' (Size = 128), @__key_1='?' (Size = 256)], CommandType='Text', CommandTimeout='30']
      SELECT TOP(2) [a].[UserId]
      FROM [AspNetUserLogins] AS [a]
      WHERE [a].[LoginProvider] = @__provider_0 AND [a].[ProviderKey] = @__key_1
info: Microsoft.EntityFrameworkCore.Database.Command[20101]
      Executed DbCommand (0ms) [Parameters=[@__provider_0='?' (Size = 128), @__key_1='?' (Size = 256)], CommandType='Text', CommandTimeout='30']
      SELECT TOP(2) [a].[UserId]
      FROM [AspNetUserLogins] AS [a]
      WHERE [a].[LoginProvider] = @__provider_0 AND [a].[ProviderKey] = @__key_1
info: Microsoft.EntityFrameworkCore.Database.Command[20101]
      Executed DbCommand (0ms) [Parameters=[@__id_0='?' (Size = 128)], CommandType='Text', CommandTimeout='30']
      SELECT TOP(2) [a].[Id], [a].[AccessFailedCount], [a].[ConcurrencyStamp], [a].[CreatedAt], [a].[Email], [a].[EmailConfirmed], [a].[ExternalIssuer], [a].[ExternalSubject], [a].[LockoutEnabled], [a].[LockoutEnd], [a].[NormalizedEmail], [a].[NormalizedUserName], [a].[PasswordHash], [a].[PhoneNumber], [a].[PhoneNumberConfirmed], [a].[PrincipalId], [a].[SecurityStamp], [a].[TwoFactorEnabled], [a].[UserName], [a].[Version]
      FROM [AspNetUsers] AS [a]
      WHERE [a].[Id] = @__id_0
info: Microsoft.EntityFrameworkCore.Database.Command[20101]
      Executed DbCommand (0ms) [Parameters=[@__id_0='?' (Size = 128)], CommandType='Text', CommandTimeout='30']
      SELECT TOP(2) [a].[Id], [a].[AccessFailedCount], [a].[ConcurrencyStamp], [a].[CreatedAt], [a].[Email], [a].[EmailConfirmed], [a].[ExternalIssuer], [a].[ExternalSubject], [a].[LockoutEnabled], [a].[LockoutEnd], [a].[NormalizedEmail], [a].[NormalizedUserName], [a].[PasswordHash], [a].[PhoneNumber], [a].[PhoneNumberConfirmed], [a].[PrincipalId], [a].[SecurityStamp], [a].[TwoFactorEnabled], [a].[UserName], [a].[Version]
      FROM [AspNetUsers] AS [a]
      WHERE [a].[Id] = @__id_0
info: Microsoft.EntityFrameworkCore.Database.Command[20101]
      Executed DbCommand (0ms) [Parameters=[@__id_0='?' (Size = 128)], CommandType='Text', CommandTimeout='30']
      SELECT TOP(2) [a].[Id], [a].[AccessFailedCount], [a].[ConcurrencyStamp], [a].[CreatedAt], [a].[Email], [a].[EmailConfirmed], [a].[ExternalIssuer], [a].[ExternalSubject], [a].[LockoutEnabled], [a].[LockoutEnd], [a].[NormalizedEmail], [a].[NormalizedUserName], [a].[PasswordHash], [a].[PhoneNumber], [a].[PhoneNumberConfirmed], [a].[PrincipalId], [a].[SecurityStamp], [a].[TwoFactorEnabled], [a].[UserName], [a].[Version]
      FROM [AspNetUsers] AS [a]
      WHERE [a].[Id] = @__id_0
info: Microsoft.EntityFrameworkCore.Database.Command[20101]
      Executed DbCommand (0ms) [Parameters=[@__id_0='?' (Size = 128)], CommandType='Text', CommandTimeout='30']
      SELECT TOP(2) [a].[Id], [a].[AccessFailedCount], [a].[ConcurrencyStamp], [a].[CreatedAt], [a].[Email], [a].[EmailConfirmed], [a].[ExternalIssuer], [a].[ExternalSubject], [a].[LockoutEnabled], [a].[LockoutEnd], [a].[NormalizedEmail], [a].[NormalizedUserName], [a].[PasswordHash], [a].[PhoneNumber], [a].[PhoneNumberConfirmed], [a].[PrincipalId], [a].[SecurityStamp], [a].[TwoFactorEnabled], [a].[UserName], [a].[Version]
      FROM [AspNetUsers] AS [a]
      WHERE [a].[Id] = @__id_0
info: Microsoft.EntityFrameworkCore.Database.Command[20101]
      Executed DbCommand (0ms) [Parameters=[@__id_0='?' (Size = 128)], CommandType='Text', CommandTimeout='30']
      SELECT TOP(2) [a].[Id], [a].[AccessFailedCount], [a].[ConcurrencyStamp], [a].[CreatedAt], [a].[Email], [a].[EmailConfirmed], [a].[ExternalIssuer], [a].[ExternalSubject], [a].[LockoutEnabled], [a].[LockoutEnd], [a].[NormalizedEmail], [a].[NormalizedUserName], [a].[PasswordHash], [a].[PhoneNumber], [a].[PhoneNumberConfirmed], [a].[PrincipalId], [a].[SecurityStamp], [a].[TwoFactorEnabled], [a].[UserName], [a].[Version]
      FROM [AspNetUsers] AS [a]
      WHERE [a].[Id] = @__id_0
info: Microsoft.EntityFrameworkCore.Database.Command[20101]
      Executed DbCommand (0ms) [Parameters=[@__id_0='?' (Size = 128)], CommandType='Text', CommandTimeout='30']
      SELECT TOP(2) [a].[Id], [a].[AccessFailedCount], [a].[ConcurrencyStamp], [a].[CreatedAt], [a].[Email], [a].[EmailConfirmed], [a].[ExternalIssuer], [a].[ExternalSubject], [a].[LockoutEnabled], [a].[LockoutEnd], [a].[NormalizedEmail], [a].[NormalizedUserName], [a].[PasswordHash], [a].[PhoneNumber], [a].[PhoneNumberConfirmed], [a].[PrincipalId], [a].[SecurityStamp], [a].[TwoFactorEnabled], [a].[UserName], [a].[Version]
      FROM [AspNetUsers] AS [a]
      WHERE [a].[Id] = @__id_0
info: Microsoft.EntityFrameworkCore.Database.Command[20101]
      Executed DbCommand (1ms) [Parameters=[], CommandType='Text', CommandTimeout='30']
      SELECT [a].[SequenceNumber], [a].[AgentId], [a].[AuthorityId], [a].[CurrentHash], [a].[PolicyVersion], [a].[PreviousHash], [a].[PrincipalId], [a].[RecordJson], [a].[Timestamp], [a].[TransactionId]
      FROM [AuditRecords] AS [a]
      ORDER BY [a].[SequenceNumber]
info: Microsoft.EntityFrameworkCore.Database.Command[20101]
      Executed DbCommand (0ms) [Parameters=[], CommandType='Text', CommandTimeout='30']
      SELECT [a].[SequenceNumber], [a].[AgentId], [a].[AuthorityId], [a].[CurrentHash], [a].[PolicyVersion], [a].[PreviousHash], [a].[PrincipalId], [a].[RecordJson], [a].[Timestamp], [a].[TransactionId]
      FROM [AuditRecords] AS [a]
      ORDER BY [a].[SequenceNumber]
info: Microsoft.EntityFrameworkCore.Database.Command[20101]
      Executed DbCommand (1ms) [Parameters=[], CommandType='Text', CommandTimeout='30']
      SELECT [a].[SequenceNumber], [a].[AgentId], [a].[AuthorityId], [a].[CurrentHash], [a].[PolicyVersion], [a].[PreviousHash], [a].[PrincipalId], [a].[RecordJson], [a].[Timestamp], [a].[TransactionId]
      FROM [AuditRecords] AS [a]
      ORDER BY [a].[SequenceNumber]
info: Microsoft.EntityFrameworkCore.Database.Command[20101]
      Executed DbCommand (1ms) [Parameters=[], CommandType='Text', CommandTimeout='30']
      SELECT [a].[SequenceNumber], [a].[AgentId], [a].[AuthorityId], [a].[CurrentHash], [a].[PolicyVersion], [a].[PreviousHash], [a].[PrincipalId], [a].[RecordJson], [a].[Timestamp], [a].[TransactionId]
      FROM [AuditRecords] AS [a]
      ORDER BY [a].[SequenceNumber]
info: Microsoft.EntityFrameworkCore.Database.Command[20101]
      Executed DbCommand (4ms) [Parameters=[@__principalId_0='?' (Size = 128)], CommandType='Text', CommandTimeout='30']
      SELECT TOP(2) [a].[Id], [a].[AccessFailedCount], [a].[ConcurrencyStamp], [a].[CreatedAt], [a].[Email], [a].[EmailConfirmed], [a].[ExternalIssuer], [a].[ExternalSubject], [a].[LockoutEnabled], [a].[LockoutEnd], [a].[NormalizedEmail], [a].[NormalizedUserName], [a].[PasswordHash], [a].[PhoneNumber], [a].[PhoneNumberConfirmed], [a].[PrincipalId], [a].[SecurityStamp], [a].[TwoFactorEnabled], [a].[UserName], [a].[Version]
      FROM [AspNetUsers] AS [a]
      WHERE [a].[PrincipalId] = @__principalId_0
info: Microsoft.EntityFrameworkCore.Database.Command[20101]
      Executed DbCommand (0ms) [Parameters=[@__principal_0='?' (Size = 450)], CommandType='Text', CommandTimeout='30']
      SELECT [p].[ExecutionId], [p].[CreatedAt], [p].[PrincipalId], [p].[ProviderPaymentId], [p].[PurchaseIntentId], [p].[ReasonsJson], [p].[RequiredAction], [p].[ScheduledFor], [p].[State], [p].[TaskId], [p].[TransactionId], [p].[UpdatedAt], [p].[Version]
      FROM [PurchaseExecutions] AS [p]
      WHERE [p].[PrincipalId] = @__principal_0
info: Microsoft.EntityFrameworkCore.Database.Command[20101]
      Executed DbCommand (1ms) [Parameters=[@__principalId_0='?' (Size = 4000)], CommandType='Text', CommandTimeout='30']
      SELECT [a].[AgentId], [a].[AgentType], [a].[CredentialStatus], [a].[Environment], [a].[ExpiresAt], [a].[IssuedAt], [a].[IssuerTrustAnchor], [a].[PrincipalId]
      FROM [Agents] AS [a]
      WHERE [a].[PrincipalId] = @__principalId_0
info: Microsoft.EntityFrameworkCore.Database.Command[20101]
      Executed DbCommand (1ms) [Parameters=[@__id_0='?' (Size = 450)], CommandType='Text', CommandTimeout='30']
      SELECT [c].[PaymentMethodId], [c].[CardBrand], [c].[ExpiryMonth], [c].[ExpiryYear], [c].[Last4], [c].[PrincipalId], [c].[Provider], [c].[ProviderCustomerReference], [c].[ProviderToken], [c].[Status], [c].[Version]
      FROM [ConsumerPaymentMethods] AS [c]
      WHERE [c].[PrincipalId] = @__id_0
info: Microsoft.EntityFrameworkCore.Database.Command[20101]
      Executed DbCommand (6ms) [Parameters=[], CommandType='Text', CommandTimeout='30']
      SELECT [a].[SequenceNumber], [a].[AgentId], [a].[AuthorityId], [a].[CurrentHash], [a].[PolicyVersion], [a].[PreviousHash], [a].[PrincipalId], [a].[RecordJson], [a].[Timestamp], [a].[TransactionId]
      FROM [AuditRecords] AS [a]
      ORDER BY [a].[SequenceNumber]
info: Microsoft.EntityFrameworkCore.Database.Command[20101]
      Executed DbCommand (2ms) [Parameters=[@__id_0='?' (Size = 450)], CommandType='Text', CommandTimeout='30']
      SELECT [f].[MandateId], [f].[Version], [f].[AboveLimit], [f].[AgentId], [f].[ConcurrencyVersion], [f].[CreatedAt], [f].[Currency], [f].[DailyLimit], [f].[EffectiveFrom], [f].[ExpiresAt], [f].[Merchant], [f].[MonthlyLimit], [f].[PaymentMethodId], [f].[PerTransactionLimit], [f].[PrincipalId], [f].[Purpose], [f].[Status], [f].[SupersedesMandateId], [f].[TaskParametersJson], [f].[WeeklyLimit]
      FROM [FinancialMandates] AS [f]
      WHERE [f].[PrincipalId] = @__id_0
info: Microsoft.EntityFrameworkCore.Database.Command[20101]
      Executed DbCommand (2ms) [Parameters=[@__id_0='?' (Size = 450)], CommandType='Text', CommandTimeout='30']
      SELECT [c].[PaymentMethodId], [c].[CardBrand], [c].[ExpiryMonth], [c].[ExpiryYear], [c].[Last4], [c].[PrincipalId], [c].[Provider], [c].[ProviderCustomerReference], [c].[ProviderToken], [c].[Status], [c].[Version]
      FROM [ConsumerPaymentMethods] AS [c]
      WHERE [c].[PrincipalId] = @__id_0
info: Microsoft.EntityFrameworkCore.Database.Command[20101]
      Executed DbCommand (1ms) [Parameters=[@__provider_0='?' (Size = 128), @__key_1='?' (Size = 256)], CommandType='Text', CommandTimeout='30']
      SELECT TOP(2) [a].[UserId]
      FROM [AspNetUserLogins] AS [a]
      WHERE [a].[LoginProvider] = @__provider_0 AND [a].[ProviderKey] = @__key_1
info: Microsoft.EntityFrameworkCore.Database.Command[20101]
      Executed DbCommand (2ms) [Parameters=[@__provider_0='?' (Size = 128), @__key_1='?' (Size = 256)], CommandType='Text', CommandTimeout='30']
      SELECT TOP(2) [a].[UserId]
      FROM [AspNetUserLogins] AS [a]
      WHERE [a].[LoginProvider] = @__provider_0 AND [a].[ProviderKey] = @__key_1
info: Microsoft.EntityFrameworkCore.Database.Command[20101]
      Executed DbCommand (3ms) [Parameters=[@__id_0='?' (Size = 128)], CommandType='Text', CommandTimeout='30']
      SELECT TOP(2) [a].[Id], [a].[AccessFailedCount], [a].[ConcurrencyStamp], [a].[CreatedAt], [a].[Email], [a].[EmailConfirmed], [a].[ExternalIssuer], [a].[ExternalSubject], [a].[LockoutEnabled], [a].[LockoutEnd], [a].[NormalizedEmail], [a].[NormalizedUserName], [a].[PasswordHash], [a].[PhoneNumber], [a].[PhoneNumberConfirmed], [a].[PrincipalId], [a].[SecurityStamp], [a].[TwoFactorEnabled], [a].[UserName], [a].[Version]
      FROM [AspNetUsers] AS [a]
      WHERE [a].[Id] = @__id_0
info: Microsoft.EntityFrameworkCore.Database.Command[20101]
      Executed DbCommand (1ms) [Parameters=[@__id_0='?' (Size = 128)], CommandType='Text', CommandTimeout='30']
      SELECT TOP(2) [a].[Id], [a].[AccessFailedCount], [a].[ConcurrencyStamp], [a].[CreatedAt], [a].[Email], [a].[EmailConfirmed], [a].[ExternalIssuer], [a].[ExternalSubject], [a].[LockoutEnabled], [a].[LockoutEnd], [a].[NormalizedEmail], [a].[NormalizedUserName], [a].[PasswordHash], [a].[PhoneNumber], [a].[PhoneNumberConfirmed], [a].[PrincipalId], [a].[SecurityStamp], [a].[TwoFactorEnabled], [a].[UserName], [a].[Version]
      FROM [AspNetUsers] AS [a]
      WHERE [a].[Id] = @__id_0
info: Microsoft.EntityFrameworkCore.Database.Command[20101]
      Executed DbCommand (1ms) [Parameters=[@__id_0='?' (Size = 450)], CommandType='Text', CommandTimeout='30']
      SELECT [f].[MandateId], [f].[Version], [f].[AboveLimit], [f].[AgentId], [f].[ConcurrencyVersion], [f].[CreatedAt], [f].[Currency], [f].[DailyLimit], [f].[EffectiveFrom], [f].[ExpiresAt], [f].[Merchant], [f].[MonthlyLimit], [f].[PaymentMethodId], [f].[PerTransactionLimit], [f].[PrincipalId], [f].[Purpose], [f].[Status], [f].[SupersedesMandateId], [f].[TaskParametersJson], [f].[WeeklyLimit]
      FROM [FinancialMandates] AS [f]
      WHERE [f].[PrincipalId] = @__id_0
info: Microsoft.EntityFrameworkCore.Database.Command[20101]
      Executed DbCommand (0ms) [Parameters=[], CommandType='Text', CommandTimeout='30']
      SELECT [a].[SequenceNumber], [a].[AgentId], [a].[AuthorityId], [a].[CurrentHash], [a].[PolicyVersion], [a].[PreviousHash], [a].[PrincipalId], [a].[RecordJson], [a].[Timestamp], [a].[TransactionId]
      FROM [AuditRecords] AS [a]
      ORDER BY [a].[SequenceNumber]
info: Microsoft.EntityFrameworkCore.Database.Command[20101]
      Executed DbCommand (0ms) [Parameters=[], CommandType='Text', CommandTimeout='30']
      SELECT [a].[SequenceNumber], [a].[AgentId], [a].[AuthorityId], [a].[CurrentHash], [a].[PolicyVersion], [a].[PreviousHash], [a].[PrincipalId], [a].[RecordJson], [a].[Timestamp], [a].[TransactionId]
      FROM [AuditRecords] AS [a]
      ORDER BY [a].[SequenceNumber]
info: Microsoft.EntityFrameworkCore.Database.Command[20101]
      Executed DbCommand (0ms) [Parameters=[@__principal_0='?' (Size = 450)], CommandType='Text', CommandTimeout='30']
      SELECT [c].[TaskId], [c].[AgentId], [c].[CreatedAt], [c].[Currency], [c].[MandateId], [c].[MandateVersion], [c].[MaximumAmount], [c].[MerchantScopeJson], [c].[NextExecutionAt], [c].[PaymentMethodId], [c].[PreferencesJson], [c].[PrincipalId], [c].[RecipientId], [c].[Schedule], [c].[ShoppingListJson], [c].[Status], [c].[Timezone], [c].[UpdatedAt], [c].[Version]
      FROM [ConsumerPurchaseTasks] AS [c]
      WHERE [c].[PrincipalId] = @__principal_0
info: Microsoft.EntityFrameworkCore.Database.Command[20101]
      Executed DbCommand (0ms) [Parameters=[@__provider_0='?' (Size = 128), @__key_1='?' (Size = 256)], CommandType='Text', CommandTimeout='30']
      SELECT TOP(2) [a].[UserId]
      FROM [AspNetUserLogins] AS [a]
      WHERE [a].[LoginProvider] = @__provider_0 AND [a].[ProviderKey] = @__key_1
info: Microsoft.EntityFrameworkCore.Database.Command[20101]
      Executed DbCommand (1ms) [Parameters=[@__id_0='?' (Size = 128)], CommandType='Text', CommandTimeout='30']
      SELECT TOP(2) [a].[Id], [a].[AccessFailedCount], [a].[ConcurrencyStamp], [a].[CreatedAt], [a].[Email], [a].[EmailConfirmed], [a].[ExternalIssuer], [a].[ExternalSubject], [a].[LockoutEnabled], [a].[LockoutEnd], [a].[NormalizedEmail], [a].[NormalizedUserName], [a].[PasswordHash], [a].[PhoneNumber], [a].[PhoneNumberConfirmed], [a].[PrincipalId], [a].[SecurityStamp], [a].[TwoFactorEnabled], [a].[UserName], [a].[Version]
      FROM [AspNetUsers] AS [a]
      WHERE [a].[Id] = @__id_0
info: Microsoft.EntityFrameworkCore.Database.Command[20101]
      Executed DbCommand (1ms) [Parameters=[], CommandType='Text', CommandTimeout='30']
      SELECT [a].[SequenceNumber], [a].[AgentId], [a].[AuthorityId], [a].[CurrentHash], [a].[PolicyVersion], [a].[PreviousHash], [a].[PrincipalId], [a].[RecordJson], [a].[Timestamp], [a].[TransactionId]
      FROM [AuditRecords] AS [a]
      ORDER BY [a].[SequenceNumber]
info: Microsoft.EntityFrameworkCore.Database.Command[20101]
      Executed DbCommand (1ms) [Parameters=[@__principal_0='?' (Size = 450), @__now_1='?' (DbType = DateTimeOffset)], CommandType='Text', CommandTimeout='30']
      SELECT [c].[MemoryId], [c].[Confidence], [c].[Content], [c].[CreatedAt], [c].[Deleted], [c].[ExpiresAt], [c].[Kind], [c].[Polarity], [c].[PrincipalId], [c].[Provenance], [c].[SourceConversationId], [c].[SourcePurchaseIntentId], [c].[Subject], [c].[UpdatedAt], [c].[Version]
      FROM [ConsumerMemories] AS [c]
      WHERE [c].[PrincipalId] = @__principal_0 AND [c].[Deleted] = CAST(0 AS bit) AND ([c].[ExpiresAt] IS NULL OR [c].[ExpiresAt] > @__now_1)
info: Microsoft.EntityFrameworkCore.Database.Command[20101]
      Executed DbCommand (1ms) [Parameters=[@__principal_0='?' (Size = 450)], CommandType='Text', CommandTimeout='30']
      SELECT TOP(2) [c].[PrincipalId], [c].[AskBeforeSubstitutions], [c].[InteractionMode], [c].[ShowBasketBeforePayment], [c].[UpdatedAt], [c].[Version]
      FROM [ConsumerConversationPolicies] AS [c]
      WHERE [c].[PrincipalId] = @__principal_0
info: Microsoft.EntityFrameworkCore.Database.Command[20101]
      Executed DbCommand (1ms) [Parameters=[@__provider_0='?' (Size = 128), @__key_1='?' (Size = 256)], CommandType='Text', CommandTimeout='30']
      SELECT TOP(2) [a].[UserId]
      FROM [AspNetUserLogins] AS [a]
      WHERE [a].[LoginProvider] = @__provider_0 AND [a].[ProviderKey] = @__key_1
info: Microsoft.EntityFrameworkCore.Database.Command[20101]
      Executed DbCommand (1ms) [Parameters=[@__principal_0='?' (Size = 450)], CommandType='Text', CommandTimeout='30']
      SELECT TOP(2) [c].[PrincipalId], [c].[AllowAlternativeMerchants], [c].[AllowCrossBrandSubstitutions], [c].[AllowSplitOrders], [c].[AskBeforeNonPreferredMerchant], [c].[DeliveryAddress], [c].[ExcludedMerchantsJson], [c].[MaximumAdditionalDeliveryCost], [c].[MaximumDistanceMiles], [c].[Postcode], [c].[PreferredMerchantsJson], [c].[UpdatedAt], [c].[Version]
      FROM [ConsumerShoppingDeliveryPolicies] AS [c]
      WHERE [c].[PrincipalId] = @__principal_0
info: Microsoft.EntityFrameworkCore.Database.Command[20101]
      Executed DbCommand (2ms) [Parameters=[@__id_0='?' (Size = 128)], CommandType='Text', CommandTimeout='30']
      SELECT TOP(2) [a].[Id], [a].[AccessFailedCount], [a].[ConcurrencyStamp], [a].[CreatedAt], [a].[Email], [a].[EmailConfirmed], [a].[ExternalIssuer], [a].[ExternalSubject], [a].[LockoutEnabled], [a].[LockoutEnd], [a].[NormalizedEmail], [a].[NormalizedUserName], [a].[PasswordHash], [a].[PhoneNumber], [a].[PhoneNumberConfirmed], [a].[PrincipalId], [a].[SecurityStamp], [a].[TwoFactorEnabled], [a].[UserName], [a].[Version]
      FROM [AspNetUsers] AS [a]
      WHERE [a].[Id] = @__id_0
info: Microsoft.EntityFrameworkCore.Database.Command[20101]
      Executed DbCommand (1ms) [Parameters=[], CommandType='Text', CommandTimeout='30']
      SELECT [a].[SequenceNumber], [a].[AgentId], [a].[AuthorityId], [a].[CurrentHash], [a].[PolicyVersion], [a].[PreviousHash], [a].[PrincipalId], [a].[RecordJson], [a].[Timestamp], [a].[TransactionId]
      FROM [AuditRecords] AS [a]
      ORDER BY [a].[SequenceNumber]
info: Microsoft.EntityFrameworkCore.Database.Command[20101]
      Executed DbCommand (1ms) [Parameters=[@__principal_0='?' (Size = 450)], CommandType='Text', CommandTimeout='30']
      SELECT [c].[RecipientId], [c].[Active], [c].[AllowSubstitutions], [c].[AllowedCategoriesJson], [c].[CreatedAt], [c].[DeliveryAddress], [c].[DeliveryConsent], [c].[Email], [c].[ExcludedCategoriesJson], [c].[ExcludedMerchantsJson], [c].[Name], [c].[NotifyRecipient], [c].[PayerNotification], [c].[Phone], [c].[PreferredMerchantsJson], [c].[PrincipalId], [c].[Relationship], [c].[UpdatedAt], [c].[Version]
      FROM [ConsumerRecipients] AS [c]
      WHERE [c].[PrincipalId] = @__principal_0
      ORDER BY [c].[Name]
info: Microsoft.EntityFrameworkCore.Database.Command[20101]
      Executed DbCommand (5ms) [Parameters=[@__provider_0='?' (Size = 128), @__key_1='?' (Size = 256)], CommandType='Text', CommandTimeout='30']
      SELECT TOP(2) [a].[UserId]
      FROM [AspNetUserLogins] AS [a]
      WHERE [a].[LoginProvider] = @__provider_0 AND [a].[ProviderKey] = @__key_1
info: Microsoft.EntityFrameworkCore.Database.Command[20101]
      Executed DbCommand (5ms) [Parameters=[@__provider_0='?' (Size = 128), @__key_1='?' (Size = 256)], CommandType='Text', CommandTimeout='30']
      SELECT TOP(2) [a].[UserId]
      FROM [AspNetUserLogins] AS [a]
      WHERE [a].[LoginProvider] = @__provider_0 AND [a].[ProviderKey] = @__key_1
info: Microsoft.EntityFrameworkCore.Database.Command[20101]
      Executed DbCommand (5ms) [Parameters=[@__provider_0='?' (Size = 128), @__key_1='?' (Size = 256)], CommandType='Text', CommandTimeout='30']
      SELECT TOP(2) [a].[UserId]
      FROM [AspNetUserLogins] AS [a]
      WHERE [a].[LoginProvider] = @__provider_0 AND [a].[ProviderKey] = @__key_1
info: Microsoft.EntityFrameworkCore.Database.Command[20101]
      Executed DbCommand (5ms) [Parameters=[@__provider_0='?' (Size = 128), @__key_1='?' (Size = 256)], CommandType='Text', CommandTimeout='30']
      SELECT TOP(2) [a].[UserId]
      FROM [AspNetUserLogins] AS [a]
      WHERE [a].[LoginProvider] = @__provider_0 AND [a].[ProviderKey] = @__key_1
info: Microsoft.EntityFrameworkCore.Database.Command[20101]
      Executed DbCommand (6ms) [Parameters=[@__provider_0='?' (Size = 128), @__key_1='?' (Size = 256)], CommandType='Text', CommandTimeout='30']
      SELECT TOP(2) [a].[UserId]
      FROM [AspNetUserLogins] AS [a]
      WHERE [a].[LoginProvider] = @__provider_0 AND [a].[ProviderKey] = @__key_1
info: Microsoft.EntityFrameworkCore.Database.Command[20101]
      Executed DbCommand (0ms) [Parameters=[@__id_0='?' (Size = 128)], CommandType='Text', CommandTimeout='30']
      SELECT TOP(2) [a].[Id], [a].[AccessFailedCount], [a].[ConcurrencyStamp], [a].[CreatedAt], [a].[Email], [a].[EmailConfirmed], [a].[ExternalIssuer], [a].[ExternalSubject], [a].[LockoutEnabled], [a].[LockoutEnd], [a].[NormalizedEmail], [a].[NormalizedUserName], [a].[PasswordHash], [a].[PhoneNumber], [a].[PhoneNumberConfirmed], [a].[PrincipalId], [a].[SecurityStamp], [a].[TwoFactorEnabled], [a].[UserName], [a].[Version]
      FROM [AspNetUsers] AS [a]
      WHERE [a].[Id] = @__id_0
info: Microsoft.EntityFrameworkCore.Database.Command[20101]
      Executed DbCommand (0ms) [Parameters=[@__id_0='?' (Size = 128)], CommandType='Text', CommandTimeout='30']
      SELECT TOP(2) [a].[Id], [a].[AccessFailedCount], [a].[ConcurrencyStamp], [a].[CreatedAt], [a].[Email], [a].[EmailConfirmed], [a].[ExternalIssuer], [a].[ExternalSubject], [a].[LockoutEnabled], [a].[LockoutEnd], [a].[NormalizedEmail], [a].[NormalizedUserName], [a].[PasswordHash], [a].[PhoneNumber], [a].[PhoneNumberConfirmed], [a].[PrincipalId], [a].[SecurityStamp], [a].[TwoFactorEnabled], [a].[UserName], [a].[Version]
      FROM [AspNetUsers] AS [a]
      WHERE [a].[Id] = @__id_0
info: Microsoft.EntityFrameworkCore.Database.Command[20101]
      Executed DbCommand (0ms) [Parameters=[@__id_0='?' (Size = 128)], CommandType='Text', CommandTimeout='30']
      SELECT TOP(2) [a].[Id], [a].[AccessFailedCount], [a].[ConcurrencyStamp], [a].[CreatedAt], [a].[Email], [a].[EmailConfirmed], [a].[ExternalIssuer], [a].[ExternalSubject], [a].[LockoutEnabled], [a].[LockoutEnd], [a].[NormalizedEmail], [a].[NormalizedUserName], [a].[PasswordHash], [a].[PhoneNumber], [a].[PhoneNumberConfirmed], [a].[PrincipalId], [a].[SecurityStamp], [a].[TwoFactorEnabled], [a].[UserName], [a].[Version]
      FROM [AspNetUsers] AS [a]
      WHERE [a].[Id] = @__id_0
info: Microsoft.EntityFrameworkCore.Database.Command[20101]
      Executed DbCommand (0ms) [Parameters=[@__id_0='?' (Size = 128)], CommandType='Text', CommandTimeout='30']
      SELECT TOP(2) [a].[Id], [a].[AccessFailedCount], [a].[ConcurrencyStamp], [a].[CreatedAt], [a].[Email], [a].[EmailConfirmed], [a].[ExternalIssuer], [a].[ExternalSubject], [a].[LockoutEnabled], [a].[LockoutEnd], [a].[NormalizedEmail], [a].[NormalizedUserName], [a].[PasswordHash], [a].[PhoneNumber], [a].[PhoneNumberConfirmed], [a].[PrincipalId], [a].[SecurityStamp], [a].[TwoFactorEnabled], [a].[UserName], [a].[Version]
      FROM [AspNetUsers] AS [a]
      WHERE [a].[Id] = @__id_0
info: Microsoft.EntityFrameworkCore.Database.Command[20101]
      Executed DbCommand (6ms) [Parameters=[@__provider_0='?' (Size = 128), @__key_1='?' (Size = 256)], CommandType='Text', CommandTimeout='30']
      SELECT TOP(2) [a].[UserId]
      FROM [AspNetUserLogins] AS [a]
      WHERE [a].[LoginProvider] = @__provider_0 AND [a].[ProviderKey] = @__key_1
info: Microsoft.EntityFrameworkCore.Database.Command[20101]
      Executed DbCommand (0ms) [Parameters=[@__id_0='?' (Size = 128)], CommandType='Text', CommandTimeout='30']
      SELECT TOP(2) [a].[Id], [a].[AccessFailedCount], [a].[ConcurrencyStamp], [a].[CreatedAt], [a].[Email], [a].[EmailConfirmed], [a].[ExternalIssuer], [a].[ExternalSubject], [a].[LockoutEnabled], [a].[LockoutEnd], [a].[NormalizedEmail], [a].[NormalizedUserName], [a].[PasswordHash], [a].[PhoneNumber], [a].[PhoneNumberConfirmed], [a].[PrincipalId], [a].[SecurityStamp], [a].[TwoFactorEnabled], [a].[UserName], [a].[Version]
      FROM [AspNetUsers] AS [a]
      WHERE [a].[Id] = @__id_0
info: Microsoft.EntityFrameworkCore.Database.Command[20101]
      Executed DbCommand (0ms) [Parameters=[], CommandType='Text', CommandTimeout='30']
      SELECT [a].[SequenceNumber], [a].[AgentId], [a].[AuthorityId], [a].[CurrentHash], [a].[PolicyVersion], [a].[PreviousHash], [a].[PrincipalId], [a].[RecordJson], [a].[Timestamp], [a].[TransactionId]
      FROM [AuditRecords] AS [a]
      ORDER BY [a].[SequenceNumber]
info: Microsoft.EntityFrameworkCore.Database.Command[20101]
      Executed DbCommand (0ms) [Parameters=[], CommandType='Text', CommandTimeout='30']
      SELECT [a].[SequenceNumber], [a].[AgentId], [a].[AuthorityId], [a].[CurrentHash], [a].[PolicyVersion], [a].[PreviousHash], [a].[PrincipalId], [a].[RecordJson], [a].[Timestamp], [a].[TransactionId]
      FROM [AuditRecords] AS [a]
      ORDER BY [a].[SequenceNumber]
info: Microsoft.EntityFrameworkCore.Database.Command[20101]
      Executed DbCommand (0ms) [Parameters=[], CommandType='Text', CommandTimeout='30']
      SELECT [a].[SequenceNumber], [a].[AgentId], [a].[AuthorityId], [a].[CurrentHash], [a].[PolicyVersion], [a].[PreviousHash], [a].[PrincipalId], [a].[RecordJson], [a].[Timestamp], [a].[TransactionId]
      FROM [AuditRecords] AS [a]
      ORDER BY [a].[SequenceNumber]
info: Microsoft.EntityFrameworkCore.Database.Command[20101]
      Executed DbCommand (0ms) [Parameters=[@__id_0='?' (Size = 128)], CommandType='Text', CommandTimeout='30']
      SELECT TOP(2) [a].[Id], [a].[AccessFailedCount], [a].[ConcurrencyStamp], [a].[CreatedAt], [a].[Email], [a].[EmailConfirmed], [a].[ExternalIssuer], [a].[ExternalSubject], [a].[LockoutEnabled], [a].[LockoutEnd], [a].[NormalizedEmail], [a].[NormalizedUserName], [a].[PasswordHash], [a].[PhoneNumber], [a].[PhoneNumberConfirmed], [a].[PrincipalId], [a].[SecurityStamp], [a].[TwoFactorEnabled], [a].[UserName], [a].[Version]
      FROM [AspNetUsers] AS [a]
      WHERE [a].[Id] = @__id_0
info: Microsoft.EntityFrameworkCore.Database.Command[20101]
      Executed DbCommand (0ms) [Parameters=[@__principalId_0='?' (Size = 128)], CommandType='Text', CommandTimeout='30']
      SELECT TOP(2) [a].[Id], [a].[AccessFailedCount], [a].[ConcurrencyStamp], [a].[CreatedAt], [a].[Email], [a].[EmailConfirmed], [a].[ExternalIssuer], [a].[ExternalSubject], [a].[LockoutEnabled], [a].[LockoutEnd], [a].[NormalizedEmail], [a].[NormalizedUserName], [a].[PasswordHash], [a].[PhoneNumber], [a].[PhoneNumberConfirmed], [a].[PrincipalId], [a].[SecurityStamp], [a].[TwoFactorEnabled], [a].[UserName], [a].[Version]
      FROM [AspNetUsers] AS [a]
      WHERE [a].[PrincipalId] = @__principalId_0
info: Microsoft.EntityFrameworkCore.Database.Command[20101]
      Executed DbCommand (0ms) [Parameters=[], CommandType='Text', CommandTimeout='30']
      SELECT [a].[SequenceNumber], [a].[AgentId], [a].[AuthorityId], [a].[CurrentHash], [a].[PolicyVersion], [a].[PreviousHash], [a].[PrincipalId], [a].[RecordJson], [a].[Timestamp], [a].[TransactionId]
      FROM [AuditRecords] AS [a]
      ORDER BY [a].[SequenceNumber]
info: Microsoft.EntityFrameworkCore.Database.Command[20101]
      Executed DbCommand (1ms) [Parameters=[], CommandType='Text', CommandTimeout='30']
      SELECT [a].[SequenceNumber], [a].[AgentId], [a].[AuthorityId], [a].[CurrentHash], [a].[PolicyVersion], [a].[PreviousHash], [a].[PrincipalId], [a].[RecordJson], [a].[Timestamp], [a].[TransactionId]
      FROM [AuditRecords] AS [a]
      ORDER BY [a].[SequenceNumber]
info: Microsoft.EntityFrameworkCore.Database.Command[20101]
      Executed DbCommand (1ms) [Parameters=[@__principal_0='?' (Size = 450)], CommandType='Text', CommandTimeout='30']
      SELECT [c].[TaskId], [c].[AgentId], [c].[CreatedAt], [c].[Currency], [c].[MandateId], [c].[MandateVersion], [c].[MaximumAmount], [c].[MerchantScopeJson], [c].[NextExecutionAt], [c].[PaymentMethodId], [c].[PreferencesJson], [c].[PrincipalId], [c].[RecipientId], [c].[Schedule], [c].[ShoppingListJson], [c].[Status], [c].[Timezone], [c].[UpdatedAt], [c].[Version]
      FROM [ConsumerPurchaseTasks] AS [c]
      WHERE [c].[PrincipalId] = @__principal_0
info: Microsoft.EntityFrameworkCore.Database.Command[20101]
      Executed DbCommand (1ms) [Parameters=[@__principalId_0='?' (Size = 4000)], CommandType='Text', CommandTimeout='30']
      SELECT [a].[AgentId], [a].[AgentType], [a].[CredentialStatus], [a].[Environment], [a].[ExpiresAt], [a].[IssuedAt], [a].[IssuerTrustAnchor], [a].[PrincipalId]
      FROM [Agents] AS [a]
      WHERE [a].[PrincipalId] = @__principalId_0
info: Microsoft.EntityFrameworkCore.Database.Command[20101]
      Executed DbCommand (2ms) [Parameters=[@__id_0='?' (Size = 450)], CommandType='Text', CommandTimeout='30']
      SELECT [c].[PaymentMethodId], [c].[CardBrand], [c].[ExpiryMonth], [c].[ExpiryYear], [c].[Last4], [c].[PrincipalId], [c].[Provider], [c].[ProviderCustomerReference], [c].[ProviderToken], [c].[Status], [c].[Version]
      FROM [ConsumerPaymentMethods] AS [c]
      WHERE [c].[PrincipalId] = @__id_0
info: Microsoft.EntityFrameworkCore.Database.Command[20101]
      Executed DbCommand (1ms) [Parameters=[@__principal_0='?' (Size = 450)], CommandType='Text', CommandTimeout='30']
      SELECT [p].[ExecutionId], [p].[CreatedAt], [p].[PrincipalId], [p].[ProviderPaymentId], [p].[PurchaseIntentId], [p].[ReasonsJson], [p].[RequiredAction], [p].[ScheduledFor], [p].[State], [p].[TaskId], [p].[TransactionId], [p].[UpdatedAt], [p].[Version]
      FROM [PurchaseExecutions] AS [p]
      WHERE [p].[PrincipalId] = @__principal_0
info: Microsoft.EntityFrameworkCore.Database.Command[20101]
      Executed DbCommand (2ms) [Parameters=[@__id_0='?' (Size = 450)], CommandType='Text', CommandTimeout='30']
      SELECT [c].[PaymentMethodId], [c].[CardBrand], [c].[ExpiryMonth], [c].[ExpiryYear], [c].[Last4], [c].[PrincipalId], [c].[Provider], [c].[ProviderCustomerReference], [c].[ProviderToken], [c].[Status], [c].[Version]
      FROM [ConsumerPaymentMethods] AS [c]
      WHERE [c].[PrincipalId] = @__id_0
info: Microsoft.EntityFrameworkCore.Database.Command[20101]
      Executed DbCommand (1ms) [Parameters=[@__provider_0='?' (Size = 128), @__key_1='?' (Size = 256)], CommandType='Text', CommandTimeout='30']
      SELECT TOP(2) [a].[UserId]
      FROM [AspNetUserLogins] AS [a]
      WHERE [a].[LoginProvider] = @__provider_0 AND [a].[ProviderKey] = @__key_1
info: Microsoft.EntityFrameworkCore.Database.Command[20101]
      Executed DbCommand (4ms) [Parameters=[@__id_0='?' (Size = 450)], CommandType='Text', CommandTimeout='30']
      SELECT [f].[MandateId], [f].[Version], [f].[AboveLimit], [f].[AgentId], [f].[ConcurrencyVersion], [f].[CreatedAt], [f].[Currency], [f].[DailyLimit], [f].[EffectiveFrom], [f].[ExpiresAt], [f].[Merchant], [f].[MonthlyLimit], [f].[PaymentMethodId], [f].[PerTransactionLimit], [f].[PrincipalId], [f].[Purpose], [f].[Status], [f].[SupersedesMandateId], [f].[TaskParametersJson], [f].[WeeklyLimit]
      FROM [FinancialMandates] AS [f]
      WHERE [f].[PrincipalId] = @__id_0
info: Microsoft.EntityFrameworkCore.Database.Command[20101]
      Executed DbCommand (3ms) [Parameters=[@__id_0='?' (Size = 450)], CommandType='Text', CommandTimeout='30']
      SELECT [f].[MandateId], [f].[Version], [f].[AboveLimit], [f].[AgentId], [f].[ConcurrencyVersion], [f].[CreatedAt], [f].[Currency], [f].[DailyLimit], [f].[EffectiveFrom], [f].[ExpiresAt], [f].[Merchant], [f].[MonthlyLimit], [f].[PaymentMethodId], [f].[PerTransactionLimit], [f].[PrincipalId], [f].[Purpose], [f].[Status], [f].[SupersedesMandateId], [f].[TaskParametersJson], [f].[WeeklyLimit]
      FROM [FinancialMandates] AS [f]
      WHERE [f].[PrincipalId] = @__id_0
info: Microsoft.EntityFrameworkCore.Database.Command[20101]
      Executed DbCommand (6ms) [Parameters=[@__id_0='?' (Size = 128)], CommandType='Text', CommandTimeout='30']
      SELECT TOP(2) [a].[Id], [a].[AccessFailedCount], [a].[ConcurrencyStamp], [a].[CreatedAt], [a].[Email], [a].[EmailConfirmed], [a].[ExternalIssuer], [a].[ExternalSubject], [a].[LockoutEnabled], [a].[LockoutEnd], [a].[NormalizedEmail], [a].[NormalizedUserName], [a].[PasswordHash], [a].[PhoneNumber], [a].[PhoneNumberConfirmed], [a].[PrincipalId], [a].[SecurityStamp], [a].[TwoFactorEnabled], [a].[UserName], [a].[Version]
      FROM [AspNetUsers] AS [a]
      WHERE [a].[Id] = @__id_0
info: Microsoft.EntityFrameworkCore.Database.Command[20101]
      Executed DbCommand (0ms) [Parameters=[], CommandType='Text', CommandTimeout='30']
      SELECT [a].[SequenceNumber], [a].[AgentId], [a].[AuthorityId], [a].[CurrentHash], [a].[PolicyVersion], [a].[PreviousHash], [a].[PrincipalId], [a].[RecordJson], [a].[Timestamp], [a].[TransactionId]
      FROM [AuditRecords] AS [a]
      ORDER BY [a].[SequenceNumber]
info: Microsoft.EntityFrameworkCore.Database.Command[20101]
      Executed DbCommand (1ms) [Parameters=[@__provider_0='?' (Size = 128), @__key_1='?' (Size = 256)], CommandType='Text', CommandTimeout='30']
      SELECT TOP(2) [a].[UserId]
      FROM [AspNetUserLogins] AS [a]
      WHERE [a].[LoginProvider] = @__provider_0 AND [a].[ProviderKey] = @__key_1
info: Microsoft.EntityFrameworkCore.Database.Command[20101]
      Executed DbCommand (0ms) [Parameters=[@__provider_0='?' (Size = 128), @__key_1='?' (Size = 256)], CommandType='Text', CommandTimeout='30']
      SELECT TOP(2) [a].[UserId]
      FROM [AspNetUserLogins] AS [a]
      WHERE [a].[LoginProvider] = @__provider_0 AND [a].[ProviderKey] = @__key_1
info: Microsoft.EntityFrameworkCore.Database.Command[20101]
      Executed DbCommand (0ms) [Parameters=[@__provider_0='?' (Size = 128), @__key_1='?' (Size = 256)], CommandType='Text', CommandTimeout='30']
      SELECT TOP(2) [a].[UserId]
      FROM [AspNetUserLogins] AS [a]
      WHERE [a].[LoginProvider] = @__provider_0 AND [a].[ProviderKey] = @__key_1
info: Microsoft.EntityFrameworkCore.Database.Command[20101]
      Executed DbCommand (0ms) [Parameters=[@__id_0='?' (Size = 128)], CommandType='Text', CommandTimeout='30']
      SELECT TOP(2) [a].[Id], [a].[AccessFailedCount], [a].[ConcurrencyStamp], [a].[CreatedAt], [a].[Email], [a].[EmailConfirmed], [a].[ExternalIssuer], [a].[ExternalSubject], [a].[LockoutEnabled], [a].[LockoutEnd], [a].[NormalizedEmail], [a].[NormalizedUserName], [a].[PasswordHash], [a].[PhoneNumber], [a].[PhoneNumberConfirmed], [a].[PrincipalId], [a].[SecurityStamp], [a].[TwoFactorEnabled], [a].[UserName], [a].[Version]
      FROM [AspNetUsers] AS [a]
      WHERE [a].[Id] = @__id_0
info: Microsoft.EntityFrameworkCore.Database.Command[20101]
      Executed DbCommand (0ms) [Parameters=[@__id_0='?' (Size = 128)], CommandType='Text', CommandTimeout='30']
      SELECT TOP(2) [a].[Id], [a].[AccessFailedCount], [a].[ConcurrencyStamp], [a].[CreatedAt], [a].[Email], [a].[EmailConfirmed], [a].[ExternalIssuer], [a].[ExternalSubject], [a].[LockoutEnabled], [a].[LockoutEnd], [a].[NormalizedEmail], [a].[NormalizedUserName], [a].[PasswordHash], [a].[PhoneNumber], [a].[PhoneNumberConfirmed], [a].[PrincipalId], [a].[SecurityStamp], [a].[TwoFactorEnabled], [a].[UserName], [a].[Version]
      FROM [AspNetUsers] AS [a]
      WHERE [a].[Id] = @__id_0
info: Microsoft.EntityFrameworkCore.Database.Command[20101]
      Executed DbCommand (0ms) [Parameters=[@__id_0='?' (Size = 128)], CommandType='Text', CommandTimeout='30']
      SELECT TOP(2) [a].[Id], [a].[AccessFailedCount], [a].[ConcurrencyStamp], [a].[CreatedAt], [a].[Email], [a].[EmailConfirmed], [a].[ExternalIssuer], [a].[ExternalSubject], [a].[LockoutEnabled], [a].[LockoutEnd], [a].[NormalizedEmail], [a].[NormalizedUserName], [a].[PasswordHash], [a].[PhoneNumber], [a].[PhoneNumberConfirmed], [a].[PrincipalId], [a].[SecurityStamp], [a].[TwoFactorEnabled], [a].[UserName], [a].[Version]
      FROM [AspNetUsers] AS [a]
      WHERE [a].[Id] = @__id_0
info: Microsoft.EntityFrameworkCore.Database.Command[20101]
      Executed DbCommand (0ms) [Parameters=[], CommandType='Text', CommandTimeout='30']
      SELECT [a].[SequenceNumber], [a].[AgentId], [a].[AuthorityId], [a].[CurrentHash], [a].[PolicyVersion], [a].[PreviousHash], [a].[PrincipalId], [a].[RecordJson], [a].[Timestamp], [a].[TransactionId]
      FROM [AuditRecords] AS [a]
      ORDER BY [a].[SequenceNumber]
info: Microsoft.EntityFrameworkCore.Database.Command[20101]
      Executed DbCommand (0ms) [Parameters=[], CommandType='Text', CommandTimeout='30']
      SELECT [a].[SequenceNumber], [a].[AgentId], [a].[AuthorityId], [a].[CurrentHash], [a].[PolicyVersion], [a].[PreviousHash], [a].[PrincipalId], [a].[RecordJson], [a].[Timestamp], [a].[TransactionId]
      FROM [AuditRecords] AS [a]
      ORDER BY [a].[SequenceNumber]
info: Microsoft.EntityFrameworkCore.Database.Command[20101]
      Executed DbCommand (0ms) [Parameters=[], CommandType='Text', CommandTimeout='30']
      SELECT [a].[SequenceNumber], [a].[AgentId], [a].[AuthorityId], [a].[CurrentHash], [a].[PolicyVersion], [a].[PreviousHash], [a].[PrincipalId], [a].[RecordJson], [a].[Timestamp], [a].[TransactionId]
      FROM [AuditRecords] AS [a]
      ORDER BY [a].[SequenceNumber]
info: Microsoft.EntityFrameworkCore.Database.Command[20101]
      Executed DbCommand (0ms) [Parameters=[@__principal_0='?' (Size = 450), @__now_1='?' (DbType = DateTimeOffset)], CommandType='Text', CommandTimeout='30']
      SELECT [c].[MemoryId], [c].[Confidence], [c].[Content], [c].[CreatedAt], [c].[Deleted], [c].[ExpiresAt], [c].[Kind], [c].[Polarity], [c].[PrincipalId], [c].[Provenance], [c].[SourceConversationId], [c].[SourcePurchaseIntentId], [c].[Subject], [c].[UpdatedAt], [c].[Version]
      FROM [ConsumerMemories] AS [c]
      WHERE [c].[PrincipalId] = @__principal_0 AND [c].[Deleted] = CAST(0 AS bit) AND ([c].[ExpiresAt] IS NULL OR [c].[ExpiresAt] > @__now_1)
info: Microsoft.EntityFrameworkCore.Database.Command[20101]
      Executed DbCommand (0ms) [Parameters=[@__principal_0='?' (Size = 450)], CommandType='Text', CommandTimeout='30']
      SELECT TOP(2) [c].[PrincipalId], [c].[AskBeforeSubstitutions], [c].[InteractionMode], [c].[ShowBasketBeforePayment], [c].[UpdatedAt], [c].[Version]
      FROM [ConsumerConversationPolicies] AS [c]
      WHERE [c].[PrincipalId] = @__principal_0
info: Microsoft.EntityFrameworkCore.Database.Command[20101]
      Executed DbCommand (0ms) [Parameters=[@__principal_0='?' (Size = 450)], CommandType='Text', CommandTimeout='30']
      SELECT TOP(2) [c].[PrincipalId], [c].[AllowAlternativeMerchants], [c].[AllowCrossBrandSubstitutions], [c].[AllowSplitOrders], [c].[AskBeforeNonPreferredMerchant], [c].[DeliveryAddress], [c].[ExcludedMerchantsJson], [c].[MaximumAdditionalDeliveryCost], [c].[MaximumDistanceMiles], [c].[Postcode], [c].[PreferredMerchantsJson], [c].[UpdatedAt], [c].[Version]
      FROM [ConsumerShoppingDeliveryPolicies] AS [c]
      WHERE [c].[PrincipalId] = @__principal_0
info: Microsoft.EntityFrameworkCore.Database.Command[20101]
      Executed DbCommand (0ms) [Parameters=[@__principal_0='?' (Size = 450)], CommandType='Text', CommandTimeout='30']
      SELECT [c].[RecipientId], [c].[Active], [c].[AllowSubstitutions], [c].[AllowedCategoriesJson], [c].[CreatedAt], [c].[DeliveryAddress], [c].[DeliveryConsent], [c].[Email], [c].[ExcludedCategoriesJson], [c].[ExcludedMerchantsJson], [c].[Name], [c].[NotifyRecipient], [c].[PayerNotification], [c].[Phone], [c].[PreferredMerchantsJson], [c].[PrincipalId], [c].[Relationship], [c].[UpdatedAt], [c].[Version]
      FROM [ConsumerRecipients] AS [c]
      WHERE [c].[PrincipalId] = @__principal_0
      ORDER BY [c].[Name]
info: Microsoft.EntityFrameworkCore.Database.Command[20101]
      Executed DbCommand (1ms) [Parameters=[@__provider_0='?' (Size = 128), @__key_1='?' (Size = 256)], CommandType='Text', CommandTimeout='30']
      SELECT TOP(2) [a].[UserId]
      FROM [AspNetUserLogins] AS [a]
      WHERE [a].[LoginProvider] = @__provider_0 AND [a].[ProviderKey] = @__key_1
info: Microsoft.EntityFrameworkCore.Database.Command[20101]
      Executed DbCommand (0ms) [Parameters=[@__id_0='?' (Size = 128)], CommandType='Text', CommandTimeout='30']
      SELECT TOP(2) [a].[Id], [a].[AccessFailedCount], [a].[ConcurrencyStamp], [a].[CreatedAt], [a].[Email], [a].[EmailConfirmed], [a].[ExternalIssuer], [a].[ExternalSubject], [a].[LockoutEnabled], [a].[LockoutEnd], [a].[NormalizedEmail], [a].[NormalizedUserName], [a].[PasswordHash], [a].[PhoneNumber], [a].[PhoneNumberConfirmed], [a].[PrincipalId], [a].[SecurityStamp], [a].[TwoFactorEnabled], [a].[UserName], [a].[Version]
      FROM [AspNetUsers] AS [a]
      WHERE [a].[Id] = @__id_0
info: Microsoft.EntityFrameworkCore.Database.Command[20101]
      Executed DbCommand (0ms) [Parameters=[@__provider_0='?' (Size = 128), @__key_1='?' (Size = 256)], CommandType='Text', CommandTimeout='30']
      SELECT TOP(2) [a].[UserId]
      FROM [AspNetUserLogins] AS [a]
      WHERE [a].[LoginProvider] = @__provider_0 AND [a].[ProviderKey] = @__key_1
info: Microsoft.EntityFrameworkCore.Database.Command[20101]
      Executed DbCommand (0ms) [Parameters=[@__provider_0='?' (Size = 128), @__key_1='?' (Size = 256)], CommandType='Text', CommandTimeout='30']
      SELECT TOP(2) [a].[UserId]
      FROM [AspNetUserLogins] AS [a]
      WHERE [a].[LoginProvider] = @__provider_0 AND [a].[ProviderKey] = @__key_1
info: Microsoft.EntityFrameworkCore.Database.Command[20101]
      Executed DbCommand (0ms) [Parameters=[@__provider_0='?' (Size = 128), @__key_1='?' (Size = 256)], CommandType='Text', CommandTimeout='30']
      SELECT TOP(2) [a].[UserId]
      FROM [AspNetUserLogins] AS [a]
      WHERE [a].[LoginProvider] = @__provider_0 AND [a].[ProviderKey] = @__key_1
info: Microsoft.EntityFrameworkCore.Database.Command[20101]
      Executed DbCommand (0ms) [Parameters=[@__provider_0='?' (Size = 128), @__key_1='?' (Size = 256)], CommandType='Text', CommandTimeout='30']
      SELECT TOP(2) [a].[UserId]
      FROM [AspNetUserLogins] AS [a]
      WHERE [a].[LoginProvider] = @__provider_0 AND [a].[ProviderKey] = @__key_1
info: Microsoft.EntityFrameworkCore.Database.Command[20101]
      Executed DbCommand (0ms) [Parameters=[@__provider_0='?' (Size = 128), @__key_1='?' (Size = 256)], CommandType='Text', CommandTimeout='30']
      SELECT TOP(2) [a].[UserId]
      FROM [AspNetUserLogins] AS [a]
      WHERE [a].[LoginProvider] = @__provider_0 AND [a].[ProviderKey] = @__key_1
info: Microsoft.EntityFrameworkCore.Database.Command[20101]
      Executed DbCommand (0ms) [Parameters=[@__id_0='?' (Size = 128)], CommandType='Text', CommandTimeout='30']
      SELECT TOP(2) [a].[Id], [a].[AccessFailedCount], [a].[ConcurrencyStamp], [a].[CreatedAt], [a].[Email], [a].[EmailConfirmed], [a].[ExternalIssuer], [a].[ExternalSubject], [a].[LockoutEnabled], [a].[LockoutEnd], [a].[NormalizedEmail], [a].[NormalizedUserName], [a].[PasswordHash], [a].[PhoneNumber], [a].[PhoneNumberConfirmed], [a].[PrincipalId], [a].[SecurityStamp], [a].[TwoFactorEnabled], [a].[UserName], [a].[Version]
      FROM [AspNetUsers] AS [a]
      WHERE [a].[Id] = @__id_0
info: Microsoft.EntityFrameworkCore.Database.Command[20101]
      Executed DbCommand (0ms) [Parameters=[@__id_0='?' (Size = 128)], CommandType='Text', CommandTimeout='30']
      SELECT TOP(2) [a].[Id], [a].[AccessFailedCount], [a].[ConcurrencyStamp], [a].[CreatedAt], [a].[Email], [a].[EmailConfirmed], [a].[ExternalIssuer], [a].[ExternalSubject], [a].[LockoutEnabled], [a].[LockoutEnd], [a].[NormalizedEmail], [a].[NormalizedUserName], [a].[PasswordHash], [a].[PhoneNumber], [a].[PhoneNumberConfirmed], [a].[PrincipalId], [a].[SecurityStamp], [a].[TwoFactorEnabled], [a].[UserName], [a].[Version]
      FROM [AspNetUsers] AS [a]
      WHERE [a].[Id] = @__id_0
info: Microsoft.EntityFrameworkCore.Database.Command[20101]
      Executed DbCommand (0ms) [Parameters=[@__principalId_0='?' (Size = 128)], CommandType='Text', CommandTimeout='30']
      SELECT TOP(2) [a].[Id], [a].[AccessFailedCount], [a].[ConcurrencyStamp], [a].[CreatedAt], [a].[Email], [a].[EmailConfirmed], [a].[ExternalIssuer], [a].[ExternalSubject], [a].[LockoutEnabled], [a].[LockoutEnd], [a].[NormalizedEmail], [a].[NormalizedUserName], [a].[PasswordHash], [a].[PhoneNumber], [a].[PhoneNumberConfirmed], [a].[PrincipalId], [a].[SecurityStamp], [a].[TwoFactorEnabled], [a].[UserName], [a].[Version]
      FROM [AspNetUsers] AS [a]
      WHERE [a].[PrincipalId] = @__principalId_0
info: Microsoft.EntityFrameworkCore.Database.Command[20101]
      Executed DbCommand (0ms) [Parameters=[@__id_0='?' (Size = 128)], CommandType='Text', CommandTimeout='30']
      SELECT TOP(2) [a].[Id], [a].[AccessFailedCount], [a].[ConcurrencyStamp], [a].[CreatedAt], [a].[Email], [a].[EmailConfirmed], [a].[ExternalIssuer], [a].[ExternalSubject], [a].[LockoutEnabled], [a].[LockoutEnd], [a].[NormalizedEmail], [a].[NormalizedUserName], [a].[PasswordHash], [a].[PhoneNumber], [a].[PhoneNumberConfirmed], [a].[PrincipalId], [a].[SecurityStamp], [a].[TwoFactorEnabled], [a].[UserName], [a].[Version]
      FROM [AspNetUsers] AS [a]
      WHERE [a].[Id] = @__id_0
info: Microsoft.EntityFrameworkCore.Database.Command[20101]
      Executed DbCommand (1ms) [Parameters=[@__id_0='?' (Size = 128)], CommandType='Text', CommandTimeout='30']
      SELECT TOP(2) [a].[Id], [a].[AccessFailedCount], [a].[ConcurrencyStamp], [a].[CreatedAt], [a].[Email], [a].[EmailConfirmed], [a].[ExternalIssuer], [a].[ExternalSubject], [a].[LockoutEnabled], [a].[LockoutEnd], [a].[NormalizedEmail], [a].[NormalizedUserName], [a].[PasswordHash], [a].[PhoneNumber], [a].[PhoneNumberConfirmed], [a].[PrincipalId], [a].[SecurityStamp], [a].[TwoFactorEnabled], [a].[UserName], [a].[Version]
      FROM [AspNetUsers] AS [a]
      WHERE [a].[Id] = @__id_0
info: Microsoft.EntityFrameworkCore.Database.Command[20101]
      Executed DbCommand (1ms) [Parameters=[@__id_0='?' (Size = 128)], CommandType='Text', CommandTimeout='30']
      SELECT TOP(2) [a].[Id], [a].[AccessFailedCount], [a].[ConcurrencyStamp], [a].[CreatedAt], [a].[Email], [a].[EmailConfirmed], [a].[ExternalIssuer], [a].[ExternalSubject], [a].[LockoutEnabled], [a].[LockoutEnd], [a].[NormalizedEmail], [a].[NormalizedUserName], [a].[PasswordHash], [a].[PhoneNumber], [a].[PhoneNumberConfirmed], [a].[PrincipalId], [a].[SecurityStamp], [a].[TwoFactorEnabled], [a].[UserName], [a].[Version]
      FROM [AspNetUsers] AS [a]
      WHERE [a].[Id] = @__id_0
info: Microsoft.EntityFrameworkCore.Database.Command[20101]
      Executed DbCommand (0ms) [Parameters=[], CommandType='Text', CommandTimeout='30']
      SELECT [a].[SequenceNumber], [a].[AgentId], [a].[AuthorityId], [a].[CurrentHash], [a].[PolicyVersion], [a].[PreviousHash], [a].[PrincipalId], [a].[RecordJson], [a].[Timestamp], [a].[TransactionId]
      FROM [AuditRecords] AS [a]
      ORDER BY [a].[SequenceNumber]
info: Microsoft.EntityFrameworkCore.Database.Command[20101]
      Executed DbCommand (0ms) [Parameters=[], CommandType='Text', CommandTimeout='30']
      SELECT [a].[SequenceNumber], [a].[AgentId], [a].[AuthorityId], [a].[CurrentHash], [a].[PolicyVersion], [a].[PreviousHash], [a].[PrincipalId], [a].[RecordJson], [a].[Timestamp], [a].[TransactionId]
      FROM [AuditRecords] AS [a]
      ORDER BY [a].[SequenceNumber]
info: Microsoft.EntityFrameworkCore.Database.Command[20101]
      Executed DbCommand (0ms) [Parameters=[], CommandType='Text', CommandTimeout='30']
      SELECT [a].[SequenceNumber], [a].[AgentId], [a].[AuthorityId], [a].[CurrentHash], [a].[PolicyVersion], [a].[PreviousHash], [a].[PrincipalId], [a].[RecordJson], [a].[Timestamp], [a].[TransactionId]
      FROM [AuditRecords] AS [a]
      ORDER BY [a].[SequenceNumber]
info: Microsoft.EntityFrameworkCore.Database.Command[20101]
      Executed DbCommand (0ms) [Parameters=[], CommandType='Text', CommandTimeout='30']
      SELECT [a].[SequenceNumber], [a].[AgentId], [a].[AuthorityId], [a].[CurrentHash], [a].[PolicyVersion], [a].[PreviousHash], [a].[PrincipalId], [a].[RecordJson], [a].[Timestamp], [a].[TransactionId]
      FROM [AuditRecords] AS [a]
      ORDER BY [a].[SequenceNumber]
info: Microsoft.EntityFrameworkCore.Database.Command[20101]
      Executed DbCommand (0ms) [Parameters=[], CommandType='Text', CommandTimeout='30']
      SELECT [a].[SequenceNumber], [a].[AgentId], [a].[AuthorityId], [a].[CurrentHash], [a].[PolicyVersion], [a].[PreviousHash], [a].[PrincipalId], [a].[RecordJson], [a].[Timestamp], [a].[TransactionId]
      FROM [AuditRecords] AS [a]
      ORDER BY [a].[SequenceNumber]
info: Microsoft.EntityFrameworkCore.Database.Command[20101]
      Executed DbCommand (1ms) [Parameters=[@__principal_0='?' (Size = 450)], CommandType='Text', CommandTimeout='30']
      SELECT [c].[TaskId], [c].[AgentId], [c].[CreatedAt], [c].[Currency], [c].[MandateId], [c].[MandateVersion], [c].[MaximumAmount], [c].[MerchantScopeJson], [c].[NextExecutionAt], [c].[PaymentMethodId], [c].[PreferencesJson], [c].[PrincipalId], [c].[RecipientId], [c].[Schedule], [c].[ShoppingListJson], [c].[Status], [c].[Timezone], [c].[UpdatedAt], [c].[Version]
      FROM [ConsumerPurchaseTasks] AS [c]
      WHERE [c].[PrincipalId] = @__principal_0
info: Microsoft.EntityFrameworkCore.Database.Command[20101]
      Executed DbCommand (1ms) [Parameters=[@__principalId_0='?' (Size = 4000)], CommandType='Text', CommandTimeout='30']
      SELECT [a].[AgentId], [a].[AgentType], [a].[CredentialStatus], [a].[Environment], [a].[ExpiresAt], [a].[IssuedAt], [a].[IssuerTrustAnchor], [a].[PrincipalId]
      FROM [Agents] AS [a]
      WHERE [a].[PrincipalId] = @__principalId_0
info: Microsoft.EntityFrameworkCore.Database.Command[20101]
      Executed DbCommand (1ms) [Parameters=[@__id_0='?' (Size = 450)], CommandType='Text', CommandTimeout='30']
      SELECT [f].[MandateId], [f].[Version], [f].[AboveLimit], [f].[AgentId], [f].[ConcurrencyVersion], [f].[CreatedAt], [f].[Currency], [f].[DailyLimit], [f].[EffectiveFrom], [f].[ExpiresAt], [f].[Merchant], [f].[MonthlyLimit], [f].[PaymentMethodId], [f].[PerTransactionLimit], [f].[PrincipalId], [f].[Purpose], [f].[Status], [f].[SupersedesMandateId], [f].[TaskParametersJson], [f].[WeeklyLimit]
      FROM [FinancialMandates] AS [f]
      WHERE [f].[PrincipalId] = @__id_0
info: Microsoft.EntityFrameworkCore.Database.Command[20101]
      Executed DbCommand (1ms) [Parameters=[@__id_0='?' (Size = 450)], CommandType='Text', CommandTimeout='30']
      SELECT [c].[PaymentMethodId], [c].[CardBrand], [c].[ExpiryMonth], [c].[ExpiryYear], [c].[Last4], [c].[PrincipalId], [c].[Provider], [c].[ProviderCustomerReference], [c].[ProviderToken], [c].[Status], [c].[Version]
      FROM [ConsumerPaymentMethods] AS [c]
      WHERE [c].[PrincipalId] = @__id_0
info: Microsoft.EntityFrameworkCore.Database.Command[20101]
      Executed DbCommand (1ms) [Parameters=[@__principal_0='?' (Size = 450)], CommandType='Text', CommandTimeout='30']
      SELECT [p].[ExecutionId], [p].[CreatedAt], [p].[PrincipalId], [p].[ProviderPaymentId], [p].[PurchaseIntentId], [p].[ReasonsJson], [p].[RequiredAction], [p].[ScheduledFor], [p].[State], [p].[TaskId], [p].[TransactionId], [p].[UpdatedAt], [p].[Version]
      FROM [PurchaseExecutions] AS [p]
      WHERE [p].[PrincipalId] = @__principal_0
info: Microsoft.EntityFrameworkCore.Database.Command[20101]
      Executed DbCommand (1ms) [Parameters=[@__provider_0='?' (Size = 128), @__key_1='?' (Size = 256)], CommandType='Text', CommandTimeout='30']
      SELECT TOP(2) [a].[UserId]
      FROM [AspNetUserLogins] AS [a]
      WHERE [a].[LoginProvider] = @__provider_0 AND [a].[ProviderKey] = @__key_1
info: Microsoft.EntityFrameworkCore.Database.Command[20101]
      Executed DbCommand (1ms) [Parameters=[@__id_0='?' (Size = 450)], CommandType='Text', CommandTimeout='30']
      SELECT [c].[PaymentMethodId], [c].[CardBrand], [c].[ExpiryMonth], [c].[ExpiryYear], [c].[Last4], [c].[PrincipalId], [c].[Provider], [c].[ProviderCustomerReference], [c].[ProviderToken], [c].[Status], [c].[Version]
      FROM [ConsumerPaymentMethods] AS [c]
      WHERE [c].[PrincipalId] = @__id_0
info: Microsoft.EntityFrameworkCore.Database.Command[20101]
      Executed DbCommand (1ms) [Parameters=[@__id_0='?' (Size = 450)], CommandType='Text', CommandTimeout='30']
      SELECT [f].[MandateId], [f].[Version], [f].[AboveLimit], [f].[AgentId], [f].[ConcurrencyVersion], [f].[CreatedAt], [f].[Currency], [f].[DailyLimit], [f].[EffectiveFrom], [f].[ExpiresAt], [f].[Merchant], [f].[MonthlyLimit], [f].[PaymentMethodId], [f].[PerTransactionLimit], [f].[PrincipalId], [f].[Purpose], [f].[Status], [f].[SupersedesMandateId], [f].[TaskParametersJson], [f].[WeeklyLimit]
      FROM [FinancialMandates] AS [f]
      WHERE [f].[PrincipalId] = @__id_0
info: Microsoft.EntityFrameworkCore.Database.Command[20101]
      Executed DbCommand (2ms) [Parameters=[@__id_0='?' (Size = 128)], CommandType='Text', CommandTimeout='30']
      SELECT TOP(2) [a].[Id], [a].[AccessFailedCount], [a].[ConcurrencyStamp], [a].[CreatedAt], [a].[Email], [a].[EmailConfirmed], [a].[ExternalIssuer], [a].[ExternalSubject], [a].[LockoutEnabled], [a].[LockoutEnd], [a].[NormalizedEmail], [a].[NormalizedUserName], [a].[PasswordHash], [a].[PhoneNumber], [a].[PhoneNumberConfirmed], [a].[PrincipalId], [a].[SecurityStamp], [a].[TwoFactorEnabled], [a].[UserName], [a].[Version]
      FROM [AspNetUsers] AS [a]
      WHERE [a].[Id] = @__id_0
info: Microsoft.EntityFrameworkCore.Database.Command[20101]
      Executed DbCommand (1ms) [Parameters=[], CommandType='Text', CommandTimeout='30']
      SELECT [a].[SequenceNumber], [a].[AgentId], [a].[AuthorityId], [a].[CurrentHash], [a].[PolicyVersion], [a].[PreviousHash], [a].[PrincipalId], [a].[RecordJson], [a].[Timestamp], [a].[TransactionId]
      FROM [AuditRecords] AS [a]
      ORDER BY [a].[SequenceNumber]
info: Microsoft.EntityFrameworkCore.Database.Command[20101]
      Executed DbCommand (1ms) [Parameters=[@__provider_0='?' (Size = 128), @__key_1='?' (Size = 256)], CommandType='Text', CommandTimeout='30']
      SELECT TOP(2) [a].[UserId]
      FROM [AspNetUserLogins] AS [a]
      WHERE [a].[LoginProvider] = @__provider_0 AND [a].[ProviderKey] = @__key_1
info: Microsoft.EntityFrameworkCore.Database.Command[20101]
      Executed DbCommand (0ms) [Parameters=[@__provider_0='?' (Size = 128), @__key_1='?' (Size = 256)], CommandType='Text', CommandTimeout='30']
      SELECT TOP(2) [a].[UserId]
      FROM [AspNetUserLogins] AS [a]
      WHERE [a].[LoginProvider] = @__provider_0 AND [a].[ProviderKey] = @__key_1
info: Microsoft.EntityFrameworkCore.Database.Command[20101]
      Executed DbCommand (0ms) [Parameters=[@__id_0='?' (Size = 128)], CommandType='Text', CommandTimeout='30']
      SELECT TOP(2) [a].[Id], [a].[AccessFailedCount], [a].[ConcurrencyStamp], [a].[CreatedAt], [a].[Email], [a].[EmailConfirmed], [a].[ExternalIssuer], [a].[ExternalSubject], [a].[LockoutEnabled], [a].[LockoutEnd], [a].[NormalizedEmail], [a].[NormalizedUserName], [a].[PasswordHash], [a].[PhoneNumber], [a].[PhoneNumberConfirmed], [a].[PrincipalId], [a].[SecurityStamp], [a].[TwoFactorEnabled], [a].[UserName], [a].[Version]
      FROM [AspNetUsers] AS [a]
      WHERE [a].[Id] = @__id_0
info: Microsoft.EntityFrameworkCore.Database.Command[20101]
      Executed DbCommand (0ms) [Parameters=[@__principal_0='?' (Size = 450), @__now_1='?' (DbType = DateTimeOffset)], CommandType='Text', CommandTimeout='30']
      SELECT [c].[MemoryId], [c].[Confidence], [c].[Content], [c].[CreatedAt], [c].[Deleted], [c].[ExpiresAt], [c].[Kind], [c].[Polarity], [c].[PrincipalId], [c].[Provenance], [c].[SourceConversationId], [c].[SourcePurchaseIntentId], [c].[Subject], [c].[UpdatedAt], [c].[Version]
      FROM [ConsumerMemories] AS [c]
      WHERE [c].[PrincipalId] = @__principal_0 AND [c].[Deleted] = CAST(0 AS bit) AND ([c].[ExpiresAt] IS NULL OR [c].[ExpiresAt] > @__now_1)
info: Microsoft.EntityFrameworkCore.Database.Command[20101]
      Executed DbCommand (0ms) [Parameters=[@__id_0='?' (Size = 128)], CommandType='Text', CommandTimeout='30']
      SELECT TOP(2) [a].[Id], [a].[AccessFailedCount], [a].[ConcurrencyStamp], [a].[CreatedAt], [a].[Email], [a].[EmailConfirmed], [a].[ExternalIssuer], [a].[ExternalSubject], [a].[LockoutEnabled], [a].[LockoutEnd], [a].[NormalizedEmail], [a].[NormalizedUserName], [a].[PasswordHash], [a].[PhoneNumber], [a].[PhoneNumberConfirmed], [a].[PrincipalId], [a].[SecurityStamp], [a].[TwoFactorEnabled], [a].[UserName], [a].[Version]
      FROM [AspNetUsers] AS [a]
      WHERE [a].[Id] = @__id_0
info: Microsoft.EntityFrameworkCore.Database.Command[20101]
      Executed DbCommand (0ms) [Parameters=[], CommandType='Text', CommandTimeout='30']
      SELECT [a].[SequenceNumber], [a].[AgentId], [a].[AuthorityId], [a].[CurrentHash], [a].[PolicyVersion], [a].[PreviousHash], [a].[PrincipalId], [a].[RecordJson], [a].[Timestamp], [a].[TransactionId]
      FROM [AuditRecords] AS [a]
      ORDER BY [a].[SequenceNumber]
info: Microsoft.EntityFrameworkCore.Database.Command[20101]
      Executed DbCommand (0ms) [Parameters=[], CommandType='Text', CommandTimeout='30']
      SELECT [a].[SequenceNumber], [a].[AgentId], [a].[AuthorityId], [a].[CurrentHash], [a].[PolicyVersion], [a].[PreviousHash], [a].[PrincipalId], [a].[RecordJson], [a].[Timestamp], [a].[TransactionId]
      FROM [AuditRecords] AS [a]
      ORDER BY [a].[SequenceNumber]
info: Microsoft.EntityFrameworkCore.Database.Command[20101]
      Executed DbCommand (0ms) [Parameters=[@__provider_0='?' (Size = 128), @__key_1='?' (Size = 256)], CommandType='Text', CommandTimeout='30']
      SELECT TOP(2) [a].[UserId]
      FROM [AspNetUserLogins] AS [a]
      WHERE [a].[LoginProvider] = @__provider_0 AND [a].[ProviderKey] = @__key_1
info: Microsoft.EntityFrameworkCore.Database.Command[20101]
      Executed DbCommand (0ms) [Parameters=[@__id_0='?' (Size = 128)], CommandType='Text', CommandTimeout='30']
      SELECT TOP(2) [a].[Id], [a].[AccessFailedCount], [a].[ConcurrencyStamp], [a].[CreatedAt], [a].[Email], [a].[EmailConfirmed], [a].[ExternalIssuer], [a].[ExternalSubject], [a].[LockoutEnabled], [a].[LockoutEnd], [a].[NormalizedEmail], [a].[NormalizedUserName], [a].[PasswordHash], [a].[PhoneNumber], [a].[PhoneNumberConfirmed], [a].[PrincipalId], [a].[SecurityStamp], [a].[TwoFactorEnabled], [a].[UserName], [a].[Version]
      FROM [AspNetUsers] AS [a]
      WHERE [a].[Id] = @__id_0
info: Microsoft.EntityFrameworkCore.Database.Command[20101]
      Executed DbCommand (1ms) [Parameters=[], CommandType='Text', CommandTimeout='30']
      SELECT [a].[SequenceNumber], [a].[AgentId], [a].[AuthorityId], [a].[CurrentHash], [a].[PolicyVersion], [a].[PreviousHash], [a].[PrincipalId], [a].[RecordJson], [a].[Timestamp], [a].[TransactionId]
      FROM [AuditRecords] AS [a]
      ORDER BY [a].[SequenceNumber]
info: Microsoft.EntityFrameworkCore.Database.Command[20101]
      Executed DbCommand (0ms) [Parameters=[@__principal_0='?' (Size = 450)], CommandType='Text', CommandTimeout='30']
      SELECT TOP(2) [c].[PrincipalId], [c].[AskBeforeSubstitutions], [c].[InteractionMode], [c].[ShowBasketBeforePayment], [c].[UpdatedAt], [c].[Version]
      FROM [ConsumerConversationPolicies] AS [c]
      WHERE [c].[PrincipalId] = @__principal_0
info: Microsoft.EntityFrameworkCore.Database.Command[20101]
      Executed DbCommand (0ms) [Parameters=[@__principal_0='?' (Size = 450)], CommandType='Text', CommandTimeout='30']
      SELECT TOP(2) [c].[PrincipalId], [c].[AllowAlternativeMerchants], [c].[AllowCrossBrandSubstitutions], [c].[AllowSplitOrders], [c].[AskBeforeNonPreferredMerchant], [c].[DeliveryAddress], [c].[ExcludedMerchantsJson], [c].[MaximumAdditionalDeliveryCost], [c].[MaximumDistanceMiles], [c].[Postcode], [c].[PreferredMerchantsJson], [c].[UpdatedAt], [c].[Version]
      FROM [ConsumerShoppingDeliveryPolicies] AS [c]
      WHERE [c].[PrincipalId] = @__principal_0
info: Microsoft.EntityFrameworkCore.Database.Command[20101]
      Executed DbCommand (1ms) [Parameters=[@__principal_0='?' (Size = 450)], CommandType='Text', CommandTimeout='30']
      SELECT [c].[RecipientId], [c].[Active], [c].[AllowSubstitutions], [c].[AllowedCategoriesJson], [c].[CreatedAt], [c].[DeliveryAddress], [c].[DeliveryConsent], [c].[Email], [c].[ExcludedCategoriesJson], [c].[ExcludedMerchantsJson], [c].[Name], [c].[NotifyRecipient], [c].[PayerNotification], [c].[Phone], [c].[PreferredMerchantsJson], [c].[PrincipalId], [c].[Relationship], [c].[UpdatedAt], [c].[Version]
      FROM [ConsumerRecipients] AS [c]
      WHERE [c].[PrincipalId] = @__principal_0
      ORDER BY [c].[Name]
info: Microsoft.EntityFrameworkCore.Database.Command[20101]
      Executed DbCommand (1ms) [Parameters=[@__p_1='?' (DbType = Int32), @__now_0='?' (DbType = DateTimeOffset)], CommandType='Text', CommandTimeout='30']
      SELECT TOP(@__p_1) [f].[FulfilmentIntentId], [f].[AgentId], [f].[CreatedAt], [f].[Currency], [f].[DestinationReference], [f].[ExpiresAt], [f].[MerchantOrderId], [f].[Mode], [f].[PickupLocationId], [f].[PrincipalId], [f].[ProviderId], [f].[QuoteHash], [f].[QuoteId], [f].[TotalAmount], [f].[Version]
      FROM [FulfilmentIntents] AS [f]
      INNER JOIN [FulfilmentExecutions] AS [f0] ON [f].[FulfilmentIntentId] = [f0].[FulfilmentIntentId]
      WHERE [f0].[Status] IN (N'Unknown', N'Pending') AND ([f0].[NextReconciliationAt] IS NULL OR [f0].[NextReconciliationAt] <= @__now_0) AND [f0].[ReconciliationAttempts] < 8
      ORDER BY [f0].[UpdatedAt]
info: Microsoft.EntityFrameworkCore.Database.Command[20101]
      Executed DbCommand (11ms) [Parameters=[@__p_1='?' (DbType = Int32), @__now_0='?' (DbType = DateTimeOffset)], CommandType='Text', CommandTimeout='30']
      SELECT TOP(@__p_1) [f].[FulfilmentIntentId], [f].[AgentId], [f].[CreatedAt], [f].[Currency], [f].[DestinationReference], [f].[ExpiresAt], [f].[MerchantOrderId], [f].[Mode], [f].[PickupLocationId], [f].[PrincipalId], [f].[ProviderId], [f].[QuoteHash], [f].[QuoteId], [f].[TotalAmount], [f].[Version]
      FROM [FulfilmentIntents] AS [f]
      INNER JOIN [FulfilmentExecutions] AS [f0] ON [f].[FulfilmentIntentId] = [f0].[FulfilmentIntentId]
      WHERE [f0].[Status] IN (N'Unknown', N'Pending') AND ([f0].[NextReconciliationAt] IS NULL OR [f0].[NextReconciliationAt] <= @__now_0) AND [f0].[ReconciliationAttempts] < 8
      ORDER BY [f0].[UpdatedAt]
info: Microsoft.EntityFrameworkCore.Database.Command[20101]
      Executed DbCommand (8ms) [Parameters=[@__p_1='?' (DbType = Int32), @__now_0='?' (DbType = DateTimeOffset)], CommandType='Text', CommandTimeout='30']
      SELECT TOP(@__p_1) [f].[FulfilmentIntentId], [f].[AgentId], [f].[CreatedAt], [f].[Currency], [f].[DestinationReference], [f].[ExpiresAt], [f].[MerchantOrderId], [f].[Mode], [f].[PickupLocationId], [f].[PrincipalId], [f].[ProviderId], [f].[QuoteHash], [f].[QuoteId], [f].[TotalAmount], [f].[Version]
      FROM [FulfilmentIntents] AS [f]
      INNER JOIN [FulfilmentExecutions] AS [f0] ON [f].[FulfilmentIntentId] = [f0].[FulfilmentIntentId]
      WHERE [f0].[Status] IN (N'Unknown', N'Pending') AND ([f0].[NextReconciliationAt] IS NULL OR [f0].[NextReconciliationAt] <= @__now_0) AND [f0].[ReconciliationAttempts] < 8
      ORDER BY [f0].[UpdatedAt]
info: Microsoft.EntityFrameworkCore.Database.Command[20101]
      Executed DbCommand (5ms) [Parameters=[@__provider_0='?' (Size = 128), @__key_1='?' (Size = 256)], CommandType='Text', CommandTimeout='30']
      SELECT TOP(2) [a].[UserId]
      FROM [AspNetUserLogins] AS [a]
      WHERE [a].[LoginProvider] = @__provider_0 AND [a].[ProviderKey] = @__key_1
info: Microsoft.EntityFrameworkCore.Database.Command[20101]
      Executed DbCommand (15ms) [Parameters=[@__provider_0='?' (Size = 128), @__key_1='?' (Size = 256)], CommandType='Text', CommandTimeout='30']
      SELECT TOP(2) [a].[UserId]
      FROM [AspNetUserLogins] AS [a]
      WHERE [a].[LoginProvider] = @__provider_0 AND [a].[ProviderKey] = @__key_1
info: Microsoft.EntityFrameworkCore.Database.Command[20101]
      Executed DbCommand (17ms) [Parameters=[@__provider_0='?' (Size = 128), @__key_1='?' (Size = 256)], CommandType='Text', CommandTimeout='30']
      SELECT TOP(2) [a].[UserId]
      FROM [AspNetUserLogins] AS [a]
      WHERE [a].[LoginProvider] = @__provider_0 AND [a].[ProviderKey] = @__key_1
info: Microsoft.EntityFrameworkCore.Database.Command[20101]
      Executed DbCommand (17ms) [Parameters=[@__provider_0='?' (Size = 128), @__key_1='?' (Size = 256)], CommandType='Text', CommandTimeout='30']
      SELECT TOP(2) [a].[UserId]
      FROM [AspNetUserLogins] AS [a]
      WHERE [a].[LoginProvider] = @__provider_0 AND [a].[ProviderKey] = @__key_1
info: Microsoft.EntityFrameworkCore.Database.Command[20101]
      Executed DbCommand (5ms) [Parameters=[@__provider_0='?' (Size = 128), @__key_1='?' (Size = 256)], CommandType='Text', CommandTimeout='30']
      SELECT TOP(2) [a].[UserId]
      FROM [AspNetUserLogins] AS [a]
      WHERE [a].[LoginProvider] = @__provider_0 AND [a].[ProviderKey] = @__key_1
info: Microsoft.EntityFrameworkCore.Database.Command[20101]
      Executed DbCommand (8ms) [Parameters=[@__id_0='?' (Size = 128)], CommandType='Text', CommandTimeout='30']
      SELECT TOP(2) [a].[Id], [a].[AccessFailedCount], [a].[ConcurrencyStamp], [a].[CreatedAt], [a].[Email], [a].[EmailConfirmed], [a].[ExternalIssuer], [a].[ExternalSubject], [a].[LockoutEnabled], [a].[LockoutEnd], [a].[NormalizedEmail], [a].[NormalizedUserName], [a].[PasswordHash], [a].[PhoneNumber], [a].[PhoneNumberConfirmed], [a].[PrincipalId], [a].[SecurityStamp], [a].[TwoFactorEnabled], [a].[UserName], [a].[Version]
      FROM [AspNetUsers] AS [a]
      WHERE [a].[Id] = @__id_0
info: Microsoft.EntityFrameworkCore.Database.Command[20101]
      Executed DbCommand (2ms) [Parameters=[@__id_0='?' (Size = 128)], CommandType='Text', CommandTimeout='30']
      SELECT TOP(2) [a].[Id], [a].[AccessFailedCount], [a].[ConcurrencyStamp], [a].[CreatedAt], [a].[Email], [a].[EmailConfirmed], [a].[ExternalIssuer], [a].[ExternalSubject], [a].[LockoutEnabled], [a].[LockoutEnd], [a].[NormalizedEmail], [a].[NormalizedUserName], [a].[PasswordHash], [a].[PhoneNumber], [a].[PhoneNumberConfirmed], [a].[PrincipalId], [a].[SecurityStamp], [a].[TwoFactorEnabled], [a].[UserName], [a].[Version]
      FROM [AspNetUsers] AS [a]
      WHERE [a].[Id] = @__id_0
info: Microsoft.EntityFrameworkCore.Database.Command[20101]
      Executed DbCommand (4ms) [Parameters=[@__id_0='?' (Size = 128)], CommandType='Text', CommandTimeout='30']
      SELECT TOP(2) [a].[Id], [a].[AccessFailedCount], [a].[ConcurrencyStamp], [a].[CreatedAt], [a].[Email], [a].[EmailConfirmed], [a].[ExternalIssuer], [a].[ExternalSubject], [a].[LockoutEnabled], [a].[LockoutEnd], [a].[NormalizedEmail], [a].[NormalizedUserName], [a].[PasswordHash], [a].[PhoneNumber], [a].[PhoneNumberConfirmed], [a].[PrincipalId], [a].[SecurityStamp], [a].[TwoFactorEnabled], [a].[UserName], [a].[Version]
      FROM [AspNetUsers] AS [a]
      WHERE [a].[Id] = @__id_0
info: Microsoft.EntityFrameworkCore.Database.Command[20101]
      Executed DbCommand (4ms) [Parameters=[], CommandType='Text', CommandTimeout='30']
      SELECT [a].[SequenceNumber], [a].[AgentId], [a].[AuthorityId], [a].[CurrentHash], [a].[PolicyVersion], [a].[PreviousHash], [a].[PrincipalId], [a].[RecordJson], [a].[Timestamp], [a].[TransactionId]
      FROM [AuditRecords] AS [a]
      ORDER BY [a].[SequenceNumber]
info: Microsoft.EntityFrameworkCore.Database.Command[20101]
      Executed DbCommand (2ms) [Parameters=[], CommandType='Text', CommandTimeout='30']
      SELECT [a].[SequenceNumber], [a].[AgentId], [a].[AuthorityId], [a].[CurrentHash], [a].[PolicyVersion], [a].[PreviousHash], [a].[PrincipalId], [a].[RecordJson], [a].[Timestamp], [a].[TransactionId]
      FROM [AuditRecords] AS [a]
      ORDER BY [a].[SequenceNumber]
info: Microsoft.EntityFrameworkCore.Database.Command[20101]
      Executed DbCommand (9ms) [Parameters=[@__id_0='?' (Size = 128)], CommandType='Text', CommandTimeout='30']
      SELECT TOP(2) [a].[Id], [a].[AccessFailedCount], [a].[ConcurrencyStamp], [a].[CreatedAt], [a].[Email], [a].[EmailConfirmed], [a].[ExternalIssuer], [a].[ExternalSubject], [a].[LockoutEnabled], [a].[LockoutEnd], [a].[NormalizedEmail], [a].[NormalizedUserName], [a].[PasswordHash], [a].[PhoneNumber], [a].[PhoneNumberConfirmed], [a].[PrincipalId], [a].[SecurityStamp], [a].[TwoFactorEnabled], [a].[UserName], [a].[Version]
      FROM [AspNetUsers] AS [a]
      WHERE [a].[Id] = @__id_0
info: Microsoft.EntityFrameworkCore.Database.Command[20101]
      Executed DbCommand (1ms) [Parameters=[], CommandType='Text', CommandTimeout='30']
      SELECT [a].[SequenceNumber], [a].[AgentId], [a].[AuthorityId], [a].[CurrentHash], [a].[PolicyVersion], [a].[PreviousHash], [a].[PrincipalId], [a].[RecordJson], [a].[Timestamp], [a].[TransactionId]
      FROM [AuditRecords] AS [a]
      ORDER BY [a].[SequenceNumber]
info: Microsoft.EntityFrameworkCore.Database.Command[20101]
      Executed DbCommand (1ms) [Parameters=[@__provider_0='?' (Size = 128), @__key_1='?' (Size = 256)], CommandType='Text', CommandTimeout='30']
      SELECT TOP(2) [a].[UserId]
      FROM [AspNetUserLogins] AS [a]
      WHERE [a].[LoginProvider] = @__provider_0 AND [a].[ProviderKey] = @__key_1
info: Microsoft.EntityFrameworkCore.Database.Command[20101]
      Executed DbCommand (4ms) [Parameters=[@__id_0='?' (Size = 128)], CommandType='Text', CommandTimeout='30']
      SELECT TOP(2) [a].[Id], [a].[AccessFailedCount], [a].[ConcurrencyStamp], [a].[CreatedAt], [a].[Email], [a].[EmailConfirmed], [a].[ExternalIssuer], [a].[ExternalSubject], [a].[LockoutEnabled], [a].[LockoutEnd], [a].[NormalizedEmail], [a].[NormalizedUserName], [a].[PasswordHash], [a].[PhoneNumber], [a].[PhoneNumberConfirmed], [a].[PrincipalId], [a].[SecurityStamp], [a].[TwoFactorEnabled], [a].[UserName], [a].[Version]
      FROM [AspNetUsers] AS [a]
      WHERE [a].[Id] = @__id_0
info: Microsoft.EntityFrameworkCore.Database.Command[20101]
      Executed DbCommand (0ms) [Parameters=[@__id_0='?' (Size = 128)], CommandType='Text', CommandTimeout='30']
      SELECT TOP(2) [a].[Id], [a].[AccessFailedCount], [a].[ConcurrencyStamp], [a].[CreatedAt], [a].[Email], [a].[EmailConfirmed], [a].[ExternalIssuer], [a].[ExternalSubject], [a].[LockoutEnabled], [a].[LockoutEnd], [a].[NormalizedEmail], [a].[NormalizedUserName], [a].[PasswordHash], [a].[PhoneNumber], [a].[PhoneNumberConfirmed], [a].[PrincipalId], [a].[SecurityStamp], [a].[TwoFactorEnabled], [a].[UserName], [a].[Version]
      FROM [AspNetUsers] AS [a]
      WHERE [a].[Id] = @__id_0
info: Microsoft.EntityFrameworkCore.Database.Command[20101]
      Executed DbCommand (12ms) [Parameters=[], CommandType='Text', CommandTimeout='30']
      SELECT [a].[SequenceNumber], [a].[AgentId], [a].[AuthorityId], [a].[CurrentHash], [a].[PolicyVersion], [a].[PreviousHash], [a].[PrincipalId], [a].[RecordJson], [a].[Timestamp], [a].[TransactionId]
      FROM [AuditRecords] AS [a]
      ORDER BY [a].[SequenceNumber]
info: Microsoft.EntityFrameworkCore.Database.Command[20101]
      Executed DbCommand (3ms) [Parameters=[@__principalId_0='?' (Size = 4000)], CommandType='Text', CommandTimeout='30']
      SELECT [a].[AgentId], [a].[AgentType], [a].[CredentialStatus], [a].[Environment], [a].[ExpiresAt], [a].[IssuedAt], [a].[IssuerTrustAnchor], [a].[PrincipalId]
      FROM [Agents] AS [a]
      WHERE [a].[PrincipalId] = @__principalId_0
info: Microsoft.EntityFrameworkCore.Database.Command[20101]
      Executed DbCommand (4ms) [Parameters=[], CommandType='Text', CommandTimeout='30']
      SELECT [a].[SequenceNumber], [a].[AgentId], [a].[AuthorityId], [a].[CurrentHash], [a].[PolicyVersion], [a].[PreviousHash], [a].[PrincipalId], [a].[RecordJson], [a].[Timestamp], [a].[TransactionId]
      FROM [AuditRecords] AS [a]
      ORDER BY [a].[SequenceNumber]
info: Microsoft.EntityFrameworkCore.Database.Command[20101]
      Executed DbCommand (4ms) [Parameters=[@__id_0='?' (Size = 450)], CommandType='Text', CommandTimeout='30']
      SELECT [c].[PaymentMethodId], [c].[CardBrand], [c].[ExpiryMonth], [c].[ExpiryYear], [c].[Last4], [c].[PrincipalId], [c].[Provider], [c].[ProviderCustomerReference], [c].[ProviderToken], [c].[Status], [c].[Version]
      FROM [ConsumerPaymentMethods] AS [c]
      WHERE [c].[PrincipalId] = @__id_0
info: Microsoft.EntityFrameworkCore.Database.Command[20101]
      Executed DbCommand (6ms) [Parameters=[@__principal_0='?' (Size = 450)], CommandType='Text', CommandTimeout='30']
      SELECT [p].[ExecutionId], [p].[CreatedAt], [p].[PrincipalId], [p].[ProviderPaymentId], [p].[PurchaseIntentId], [p].[ReasonsJson], [p].[RequiredAction], [p].[ScheduledFor], [p].[State], [p].[TaskId], [p].[TransactionId], [p].[UpdatedAt], [p].[Version]
      FROM [PurchaseExecutions] AS [p]
      WHERE [p].[PrincipalId] = @__principal_0
info: Microsoft.EntityFrameworkCore.Database.Command[20101]
      Executed DbCommand (5ms) [Parameters=[@__principalId_0='?' (Size = 128)], CommandType='Text', CommandTimeout='30']
      SELECT TOP(2) [a].[Id], [a].[AccessFailedCount], [a].[ConcurrencyStamp], [a].[CreatedAt], [a].[Email], [a].[EmailConfirmed], [a].[ExternalIssuer], [a].[ExternalSubject], [a].[LockoutEnabled], [a].[LockoutEnd], [a].[NormalizedEmail], [a].[NormalizedUserName], [a].[PasswordHash], [a].[PhoneNumber], [a].[PhoneNumberConfirmed], [a].[PrincipalId], [a].[SecurityStamp], [a].[TwoFactorEnabled], [a].[UserName], [a].[Version]
      FROM [AspNetUsers] AS [a]
      WHERE [a].[PrincipalId] = @__principalId_0
info: Microsoft.EntityFrameworkCore.Database.Command[20101]
      Executed DbCommand (6ms) [Parameters=[@__principal_0='?' (Size = 450)], CommandType='Text', CommandTimeout='30']
      SELECT [c].[TaskId], [c].[AgentId], [c].[CreatedAt], [c].[Currency], [c].[MandateId], [c].[MandateVersion], [c].[MaximumAmount], [c].[MerchantScopeJson], [c].[NextExecutionAt], [c].[PaymentMethodId], [c].[PreferencesJson], [c].[PrincipalId], [c].[RecipientId], [c].[Schedule], [c].[ShoppingListJson], [c].[Status], [c].[Timezone], [c].[UpdatedAt], [c].[Version]
      FROM [ConsumerPurchaseTasks] AS [c]
      WHERE [c].[PrincipalId] = @__principal_0
info: Microsoft.EntityFrameworkCore.Database.Command[20101]
      Executed DbCommand (1ms) [Parameters=[@__id_0='?' (Size = 450)], CommandType='Text', CommandTimeout='30']
      SELECT [c].[PaymentMethodId], [c].[CardBrand], [c].[ExpiryMonth], [c].[ExpiryYear], [c].[Last4], [c].[PrincipalId], [c].[Provider], [c].[ProviderCustomerReference], [c].[ProviderToken], [c].[Status], [c].[Version]
      FROM [ConsumerPaymentMethods] AS [c]
      WHERE [c].[PrincipalId] = @__id_0
info: Microsoft.EntityFrameworkCore.Database.Command[20101]
      Executed DbCommand (6ms) [Parameters=[@__id_0='?' (Size = 450)], CommandType='Text', CommandTimeout='30']
      SELECT [f].[MandateId], [f].[Version], [f].[AboveLimit], [f].[AgentId], [f].[ConcurrencyVersion], [f].[CreatedAt], [f].[Currency], [f].[DailyLimit], [f].[EffectiveFrom], [f].[ExpiresAt], [f].[Merchant], [f].[MonthlyLimit], [f].[PaymentMethodId], [f].[PerTransactionLimit], [f].[PrincipalId], [f].[Purpose], [f].[Status], [f].[SupersedesMandateId], [f].[TaskParametersJson], [f].[WeeklyLimit]
      FROM [FinancialMandates] AS [f]
      WHERE [f].[PrincipalId] = @__id_0
info: Microsoft.EntityFrameworkCore.Database.Command[20101]
      Executed DbCommand (2ms) [Parameters=[@__provider_0='?' (Size = 128), @__key_1='?' (Size = 256)], CommandType='Text', CommandTimeout='30']
      SELECT TOP(2) [a].[UserId]
      FROM [AspNetUserLogins] AS [a]
      WHERE [a].[LoginProvider] = @__provider_0 AND [a].[ProviderKey] = @__key_1
info: Microsoft.EntityFrameworkCore.Database.Command[20101]
      Executed DbCommand (3ms) [Parameters=[@__provider_0='?' (Size = 128), @__key_1='?' (Size = 256)], CommandType='Text', CommandTimeout='30']
      SELECT TOP(2) [a].[UserId]
      FROM [AspNetUserLogins] AS [a]
      WHERE [a].[LoginProvider] = @__provider_0 AND [a].[ProviderKey] = @__key_1
info: Microsoft.EntityFrameworkCore.Database.Command[20101]
      Executed DbCommand (2ms) [Parameters=[@__id_0='?' (Size = 128)], CommandType='Text', CommandTimeout='30']
      SELECT TOP(2) [a].[Id], [a].[AccessFailedCount], [a].[ConcurrencyStamp], [a].[CreatedAt], [a].[Email], [a].[EmailConfirmed], [a].[ExternalIssuer], [a].[ExternalSubject], [a].[LockoutEnabled], [a].[LockoutEnd], [a].[NormalizedEmail], [a].[NormalizedUserName], [a].[PasswordHash], [a].[PhoneNumber], [a].[PhoneNumberConfirmed], [a].[PrincipalId], [a].[SecurityStamp], [a].[TwoFactorEnabled], [a].[UserName], [a].[Version]
      FROM [AspNetUsers] AS [a]
      WHERE [a].[Id] = @__id_0
info: Microsoft.EntityFrameworkCore.Database.Command[20101]
      Executed DbCommand (2ms) [Parameters=[@__id_0='?' (Size = 128)], CommandType='Text', CommandTimeout='30']
      SELECT TOP(2) [a].[Id], [a].[AccessFailedCount], [a].[ConcurrencyStamp], [a].[CreatedAt], [a].[Email], [a].[EmailConfirmed], [a].[ExternalIssuer], [a].[ExternalSubject], [a].[LockoutEnabled], [a].[LockoutEnd], [a].[NormalizedEmail], [a].[NormalizedUserName], [a].[PasswordHash], [a].[PhoneNumber], [a].[PhoneNumberConfirmed], [a].[PrincipalId], [a].[SecurityStamp], [a].[TwoFactorEnabled], [a].[UserName], [a].[Version]
      FROM [AspNetUsers] AS [a]
      WHERE [a].[Id] = @__id_0
info: Microsoft.EntityFrameworkCore.Database.Command[20101]
      Executed DbCommand (2ms) [Parameters=[@__provider_0='?' (Size = 128), @__key_1='?' (Size = 256)], CommandType='Text', CommandTimeout='30']
      SELECT TOP(2) [a].[UserId]
      FROM [AspNetUserLogins] AS [a]
      WHERE [a].[LoginProvider] = @__provider_0 AND [a].[ProviderKey] = @__key_1
info: Microsoft.EntityFrameworkCore.Database.Command[20101]
      Executed DbCommand (1ms) [Parameters=[], CommandType='Text', CommandTimeout='30']
      SELECT [a].[SequenceNumber], [a].[AgentId], [a].[AuthorityId], [a].[CurrentHash], [a].[PolicyVersion], [a].[PreviousHash], [a].[PrincipalId], [a].[RecordJson], [a].[Timestamp], [a].[TransactionId]
      FROM [AuditRecords] AS [a]
      ORDER BY [a].[SequenceNumber]
info: Microsoft.EntityFrameworkCore.Database.Command[20101]
      Executed DbCommand (17ms) [Parameters=[@__id_0='?' (Size = 450)], CommandType='Text', CommandTimeout='30']
      SELECT [f].[MandateId], [f].[Version], [f].[AboveLimit], [f].[AgentId], [f].[ConcurrencyVersion], [f].[CreatedAt], [f].[Currency], [f].[DailyLimit], [f].[EffectiveFrom], [f].[ExpiresAt], [f].[Merchant], [f].[MonthlyLimit], [f].[PaymentMethodId], [f].[PerTransactionLimit], [f].[PrincipalId], [f].[Purpose], [f].[Status], [f].[SupersedesMandateId], [f].[TaskParametersJson], [f].[WeeklyLimit]
      FROM [FinancialMandates] AS [f]
      WHERE [f].[PrincipalId] = @__id_0
info: Microsoft.EntityFrameworkCore.Database.Command[20101]
      Executed DbCommand (1ms) [Parameters=[@__id_0='?' (Size = 128)], CommandType='Text', CommandTimeout='30']
      SELECT TOP(2) [a].[Id], [a].[AccessFailedCount], [a].[ConcurrencyStamp], [a].[CreatedAt], [a].[Email], [a].[EmailConfirmed], [a].[ExternalIssuer], [a].[ExternalSubject], [a].[LockoutEnabled], [a].[LockoutEnd], [a].[NormalizedEmail], [a].[NormalizedUserName], [a].[PasswordHash], [a].[PhoneNumber], [a].[PhoneNumberConfirmed], [a].[PrincipalId], [a].[SecurityStamp], [a].[TwoFactorEnabled], [a].[UserName], [a].[Version]
      FROM [AspNetUsers] AS [a]
      WHERE [a].[Id] = @__id_0
info: Microsoft.EntityFrameworkCore.Database.Command[20101]
      Executed DbCommand (1ms) [Parameters=[], CommandType='Text', CommandTimeout='30']
      SELECT [a].[SequenceNumber], [a].[AgentId], [a].[AuthorityId], [a].[CurrentHash], [a].[PolicyVersion], [a].[PreviousHash], [a].[PrincipalId], [a].[RecordJson], [a].[Timestamp], [a].[TransactionId]
      FROM [AuditRecords] AS [a]
      ORDER BY [a].[SequenceNumber]
info: Microsoft.EntityFrameworkCore.Database.Command[20101]
      Executed DbCommand (1ms) [Parameters=[], CommandType='Text', CommandTimeout='30']
      SELECT [a].[SequenceNumber], [a].[AgentId], [a].[AuthorityId], [a].[CurrentHash], [a].[PolicyVersion], [a].[PreviousHash], [a].[PrincipalId], [a].[RecordJson], [a].[Timestamp], [a].[TransactionId]
      FROM [AuditRecords] AS [a]
      ORDER BY [a].[SequenceNumber]
info: Microsoft.EntityFrameworkCore.Database.Command[20101]
      Executed DbCommand (1ms) [Parameters=[@__provider_0='?' (Size = 128), @__key_1='?' (Size = 256)], CommandType='Text', CommandTimeout='30']
      SELECT TOP(2) [a].[UserId]
      FROM [AspNetUserLogins] AS [a]
      WHERE [a].[LoginProvider] = @__provider_0 AND [a].[ProviderKey] = @__key_1
info: Microsoft.EntityFrameworkCore.Database.Command[20101]
      Executed DbCommand (2ms) [Parameters=[@__id_0='?' (Size = 128)], CommandType='Text', CommandTimeout='30']
      SELECT TOP(2) [a].[Id], [a].[AccessFailedCount], [a].[ConcurrencyStamp], [a].[CreatedAt], [a].[Email], [a].[EmailConfirmed], [a].[ExternalIssuer], [a].[ExternalSubject], [a].[LockoutEnabled], [a].[LockoutEnd], [a].[NormalizedEmail], [a].[NormalizedUserName], [a].[PasswordHash], [a].[PhoneNumber], [a].[PhoneNumberConfirmed], [a].[PrincipalId], [a].[SecurityStamp], [a].[TwoFactorEnabled], [a].[UserName], [a].[Version]
      FROM [AspNetUsers] AS [a]
      WHERE [a].[Id] = @__id_0
info: Microsoft.EntityFrameworkCore.Database.Command[20101]
      Executed DbCommand (1ms) [Parameters=[], CommandType='Text', CommandTimeout='30']
      SELECT [a].[SequenceNumber], [a].[AgentId], [a].[AuthorityId], [a].[CurrentHash], [a].[PolicyVersion], [a].[PreviousHash], [a].[PrincipalId], [a].[RecordJson], [a].[Timestamp], [a].[TransactionId]
      FROM [AuditRecords] AS [a]
      ORDER BY [a].[SequenceNumber]
info: Microsoft.EntityFrameworkCore.Database.Command[20101]
      Executed DbCommand (3ms) [Parameters=[@__principal_0='?' (Size = 450)], CommandType='Text', CommandTimeout='30']
      SELECT TOP(2) [c].[PrincipalId], [c].[AskBeforeSubstitutions], [c].[InteractionMode], [c].[ShowBasketBeforePayment], [c].[UpdatedAt], [c].[Version]
      FROM [ConsumerConversationPolicies] AS [c]
      WHERE [c].[PrincipalId] = @__principal_0
info: Microsoft.EntityFrameworkCore.Database.Command[20101]
      Executed DbCommand (2ms) [Parameters=[@__principal_0='?' (Size = 450), @__now_1='?' (DbType = DateTimeOffset)], CommandType='Text', CommandTimeout='30']
      SELECT [c].[MemoryId], [c].[Confidence], [c].[Content], [c].[CreatedAt], [c].[Deleted], [c].[ExpiresAt], [c].[Kind], [c].[Polarity], [c].[PrincipalId], [c].[Provenance], [c].[SourceConversationId], [c].[SourcePurchaseIntentId], [c].[Subject], [c].[UpdatedAt], [c].[Version]
      FROM [ConsumerMemories] AS [c]
      WHERE [c].[PrincipalId] = @__principal_0 AND [c].[Deleted] = CAST(0 AS bit) AND ([c].[ExpiresAt] IS NULL OR [c].[ExpiresAt] > @__now_1)
info: Microsoft.EntityFrameworkCore.Database.Command[20101]
      Executed DbCommand (4ms) [Parameters=[@__principal_0='?' (Size = 450)], CommandType='Text', CommandTimeout='30']
      SELECT TOP(2) [c].[PrincipalId], [c].[AllowAlternativeMerchants], [c].[AllowCrossBrandSubstitutions], [c].[AllowSplitOrders], [c].[AskBeforeNonPreferredMerchant], [c].[DeliveryAddress], [c].[ExcludedMerchantsJson], [c].[MaximumAdditionalDeliveryCost], [c].[MaximumDistanceMiles], [c].[Postcode], [c].[PreferredMerchantsJson], [c].[UpdatedAt], [c].[Version]
      FROM [ConsumerShoppingDeliveryPolicies] AS [c]
      WHERE [c].[PrincipalId] = @__principal_0
info: Microsoft.EntityFrameworkCore.Database.Command[20101]
      Executed DbCommand (9ms) [Parameters=[@__principal_0='?' (Size = 450)], CommandType='Text', CommandTimeout='30']
      SELECT [c].[RecipientId], [c].[Active], [c].[AllowSubstitutions], [c].[AllowedCategoriesJson], [c].[CreatedAt], [c].[DeliveryAddress], [c].[DeliveryConsent], [c].[Email], [c].[ExcludedCategoriesJson], [c].[ExcludedMerchantsJson], [c].[Name], [c].[NotifyRecipient], [c].[PayerNotification], [c].[Phone], [c].[PreferredMerchantsJson], [c].[PrincipalId], [c].[Relationship], [c].[UpdatedAt], [c].[Version]
      FROM [ConsumerRecipients] AS [c]
      WHERE [c].[PrincipalId] = @__principal_0
      ORDER BY [c].[Name]
info: Microsoft.EntityFrameworkCore.Database.Command[20101]
      Executed DbCommand (0ms) [Parameters=[@__p_1='?' (DbType = Int32), @__now_0='?' (DbType = DateTimeOffset)], CommandType='Text', CommandTimeout='30']
      SELECT TOP(@__p_1) [f].[FulfilmentIntentId], [f].[AgentId], [f].[CreatedAt], [f].[Currency], [f].[DestinationReference], [f].[ExpiresAt], [f].[MerchantOrderId], [f].[Mode], [f].[PickupLocationId], [f].[PrincipalId], [f].[ProviderId], [f].[QuoteHash], [f].[QuoteId], [f].[TotalAmount], [f].[Version]
      FROM [FulfilmentIntents] AS [f]
      INNER JOIN [FulfilmentExecutions] AS [f0] ON [f].[FulfilmentIntentId] = [f0].[FulfilmentIntentId]
      WHERE [f0].[Status] IN (N'Unknown', N'Pending') AND ([f0].[NextReconciliationAt] IS NULL OR [f0].[NextReconciliationAt] <= @__now_0) AND [f0].[ReconciliationAttempts] < 8
      ORDER BY [f0].[UpdatedAt]
info: Microsoft.EntityFrameworkCore.Database.Command[20101]
      Executed DbCommand (25ms) [Parameters=[@__p_1='?' (DbType = Int32), @__now_0='?' (DbType = DateTimeOffset)], CommandType='Text', CommandTimeout='30']
      SELECT TOP(@__p_1) [f].[FulfilmentIntentId], [f].[AgentId], [f].[CreatedAt], [f].[Currency], [f].[DestinationReference], [f].[ExpiresAt], [f].[MerchantOrderId], [f].[Mode], [f].[PickupLocationId], [f].[PrincipalId], [f].[ProviderId], [f].[QuoteHash], [f].[QuoteId], [f].[TotalAmount], [f].[Version]
      FROM [FulfilmentIntents] AS [f]
      INNER JOIN [FulfilmentExecutions] AS [f0] ON [f].[FulfilmentIntentId] = [f0].[FulfilmentIntentId]
      WHERE [f0].[Status] IN (N'Unknown', N'Pending') AND ([f0].[NextReconciliationAt] IS NULL OR [f0].[NextReconciliationAt] <= @__now_0) AND [f0].[ReconciliationAttempts] < 8
      ORDER BY [f0].[UpdatedAt]
info: Microsoft.EntityFrameworkCore.Database.Command[20101]
      Executed DbCommand (1ms) [Parameters=[@__p_1='?' (DbType = Int32), @__now_0='?' (DbType = DateTimeOffset)], CommandType='Text', CommandTimeout='30']
      SELECT TOP(@__p_1) [f].[FulfilmentIntentId], [f].[AgentId], [f].[CreatedAt], [f].[Currency], [f].[DestinationReference], [f].[ExpiresAt], [f].[MerchantOrderId], [f].[Mode], [f].[PickupLocationId], [f].[PrincipalId], [f].[ProviderId], [f].[QuoteHash], [f].[QuoteId], [f].[TotalAmount], [f].[Version]
      FROM [FulfilmentIntents] AS [f]
      INNER JOIN [FulfilmentExecutions] AS [f0] ON [f].[FulfilmentIntentId] = [f0].[FulfilmentIntentId]
      WHERE [f0].[Status] IN (N'Unknown', N'Pending') AND ([f0].[NextReconciliationAt] IS NULL OR [f0].[NextReconciliationAt] <= @__now_0) AND [f0].[ReconciliationAttempts] < 8
      ORDER BY [f0].[UpdatedAt]
info: Microsoft.EntityFrameworkCore.Database.Command[20101]
      Executed DbCommand (27ms) [Parameters=[@__p_1='?' (DbType = Int32), @__now_0='?' (DbType = DateTimeOffset)], CommandType='Text', CommandTimeout='30']
      SELECT TOP(@__p_1) [f].[FulfilmentIntentId], [f].[AgentId], [f].[CreatedAt], [f].[Currency], [f].[DestinationReference], [f].[ExpiresAt], [f].[MerchantOrderId], [f].[Mode], [f].[PickupLocationId], [f].[PrincipalId], [f].[ProviderId], [f].[QuoteHash], [f].[QuoteId], [f].[TotalAmount], [f].[Version]
      FROM [FulfilmentIntents] AS [f]
      INNER JOIN [FulfilmentExecutions] AS [f0] ON [f].[FulfilmentIntentId] = [f0].[FulfilmentIntentId]
      WHERE [f0].[Status] IN (N'Unknown', N'Pending') AND ([f0].[NextReconciliationAt] IS NULL OR [f0].[NextReconciliationAt] <= @__now_0) AND [f0].[ReconciliationAttempts] < 8
      ORDER BY [f0].[UpdatedAt]
info: Microsoft.EntityFrameworkCore.Database.Command[20101]
      Executed DbCommand (1ms) [Parameters=[@__p_1='?' (DbType = Int32), @__now_0='?' (DbType = DateTimeOffset)], CommandType='Text', CommandTimeout='30']
      SELECT TOP(@__p_1) [f].[FulfilmentIntentId], [f].[AgentId], [f].[CreatedAt], [f].[Currency], [f].[DestinationReference], [f].[ExpiresAt], [f].[MerchantOrderId], [f].[Mode], [f].[PickupLocationId], [f].[PrincipalId], [f].[ProviderId], [f].[QuoteHash], [f].[QuoteId], [f].[TotalAmount], [f].[Version]
      FROM [FulfilmentIntents] AS [f]
      INNER JOIN [FulfilmentExecutions] AS [f0] ON [f].[FulfilmentIntentId] = [f0].[FulfilmentIntentId]
      WHERE [f0].[Status] IN (N'Unknown', N'Pending') AND ([f0].[NextReconciliationAt] IS NULL OR [f0].[NextReconciliationAt] <= @__now_0) AND [f0].[ReconciliationAttempts] < 8
      ORDER BY [f0].[UpdatedAt]
info: Microsoft.EntityFrameworkCore.Database.Command[20101]
      Executed DbCommand (26ms) [Parameters=[@__p_1='?' (DbType = Int32), @__now_0='?' (DbType = DateTimeOffset)], CommandType='Text', CommandTimeout='30']
      SELECT TOP(@__p_1) [f].[FulfilmentIntentId], [f].[AgentId], [f].[CreatedAt], [f].[Currency], [f].[DestinationReference], [f].[ExpiresAt], [f].[MerchantOrderId], [f].[Mode], [f].[PickupLocationId], [f].[PrincipalId], [f].[ProviderId], [f].[QuoteHash], [f].[QuoteId], [f].[TotalAmount], [f].[Version]
      FROM [FulfilmentIntents] AS [f]
      INNER JOIN [FulfilmentExecutions] AS [f0] ON [f].[FulfilmentIntentId] = [f0].[FulfilmentIntentId]
      WHERE [f0].[Status] IN (N'Unknown', N'Pending') AND ([f0].[NextReconciliationAt] IS NULL OR [f0].[NextReconciliationAt] <= @__now_0) AND [f0].[ReconciliationAttempts] < 8
      ORDER BY [f0].[UpdatedAt]
info: Microsoft.EntityFrameworkCore.Database.Command[20101]
      Executed DbCommand (1ms) [Parameters=[@__p_1='?' (DbType = Int32), @__now_0='?' (DbType = DateTimeOffset)], CommandType='Text', CommandTimeout='30']
      SELECT TOP(@__p_1) [f].[FulfilmentIntentId], [f].[AgentId], [f].[CreatedAt], [f].[Currency], [f].[DestinationReference], [f].[ExpiresAt], [f].[MerchantOrderId], [f].[Mode], [f].[PickupLocationId], [f].[PrincipalId], [f].[ProviderId], [f].[QuoteHash], [f].[QuoteId], [f].[TotalAmount], [f].[Version]
      FROM [FulfilmentIntents] AS [f]
      INNER JOIN [FulfilmentExecutions] AS [f0] ON [f].[FulfilmentIntentId] = [f0].[FulfilmentIntentId]
      WHERE [f0].[Status] IN (N'Unknown', N'Pending') AND ([f0].[NextReconciliationAt] IS NULL OR [f0].[NextReconciliationAt] <= @__now_0) AND [f0].[ReconciliationAttempts] < 8
      ORDER BY [f0].[UpdatedAt]
info: Microsoft.EntityFrameworkCore.Database.Command[20101]
      Executed DbCommand (22ms) [Parameters=[@__p_1='?' (DbType = Int32), @__now_0='?' (DbType = DateTimeOffset)], CommandType='Text', CommandTimeout='30']
      SELECT TOP(@__p_1) [f].[FulfilmentIntentId], [f].[AgentId], [f].[CreatedAt], [f].[Currency], [f].[DestinationReference], [f].[ExpiresAt], [f].[MerchantOrderId], [f].[Mode], [f].[PickupLocationId], [f].[PrincipalId], [f].[ProviderId], [f].[QuoteHash], [f].[QuoteId], [f].[TotalAmount], [f].[Version]
      FROM [FulfilmentIntents] AS [f]
      INNER JOIN [FulfilmentExecutions] AS [f0] ON [f].[FulfilmentIntentId] = [f0].[FulfilmentIntentId]
      WHERE [f0].[Status] IN (N'Unknown', N'Pending') AND ([f0].[NextReconciliationAt] IS NULL OR [f0].[NextReconciliationAt] <= @__now_0) AND [f0].[ReconciliationAttempts] < 8
      ORDER BY [f0].[UpdatedAt]
info: Microsoft.EntityFrameworkCore.Database.Command[20101]
      Executed DbCommand (15ms) [Parameters=[@__p_1='?' (DbType = Int32), @__now_0='?' (DbType = DateTimeOffset)], CommandType='Text', CommandTimeout='30']
      SELECT TOP(@__p_1) [f].[FulfilmentIntentId], [f].[AgentId], [f].[CreatedAt], [f].[Currency], [f].[DestinationReference], [f].[ExpiresAt], [f].[MerchantOrderId], [f].[Mode], [f].[PickupLocationId], [f].[PrincipalId], [f].[ProviderId], [f].[QuoteHash], [f].[QuoteId], [f].[TotalAmount], [f].[Version]
      FROM [FulfilmentIntents] AS [f]
      INNER JOIN [FulfilmentExecutions] AS [f0] ON [f].[FulfilmentIntentId] = [f0].[FulfilmentIntentId]
      WHERE [f0].[Status] IN (N'Unknown', N'Pending') AND ([f0].[NextReconciliationAt] IS NULL OR [f0].[NextReconciliationAt] <= @__now_0) AND [f0].[ReconciliationAttempts] < 8
      ORDER BY [f0].[UpdatedAt]
info: Microsoft.EntityFrameworkCore.Database.Command[20101]
      Executed DbCommand (24ms) [Parameters=[@__p_1='?' (DbType = Int32), @__now_0='?' (DbType = DateTimeOffset)], CommandType='Text', CommandTimeout='30']
      SELECT TOP(@__p_1) [f].[FulfilmentIntentId], [f].[AgentId], [f].[CreatedAt], [f].[Currency], [f].[DestinationReference], [f].[ExpiresAt], [f].[MerchantOrderId], [f].[Mode], [f].[PickupLocationId], [f].[PrincipalId], [f].[ProviderId], [f].[QuoteHash], [f].[QuoteId], [f].[TotalAmount], [f].[Version]
      FROM [FulfilmentIntents] AS [f]
      INNER JOIN [FulfilmentExecutions] AS [f0] ON [f].[FulfilmentIntentId] = [f0].[FulfilmentIntentId]
      WHERE [f0].[Status] IN (N'Unknown', N'Pending') AND ([f0].[NextReconciliationAt] IS NULL OR [f0].[NextReconciliationAt] <= @__now_0) AND [f0].[ReconciliationAttempts] < 8
      ORDER BY [f0].[UpdatedAt]
info: Microsoft.EntityFrameworkCore.Database.Command[20101]
      Executed DbCommand (0ms) [Parameters=[@__p_1='?' (DbType = Int32), @__now_0='?' (DbType = DateTimeOffset)], CommandType='Text', CommandTimeout='30']
      SELECT TOP(@__p_1) [f].[FulfilmentIntentId], [f].[AgentId], [f].[CreatedAt], [f].[Currency], [f].[DestinationReference], [f].[ExpiresAt], [f].[MerchantOrderId], [f].[Mode], [f].[PickupLocationId], [f].[PrincipalId], [f].[ProviderId], [f].[QuoteHash], [f].[QuoteId], [f].[TotalAmount], [f].[Version]
      FROM [FulfilmentIntents] AS [f]
      INNER JOIN [FulfilmentExecutions] AS [f0] ON [f].[FulfilmentIntentId] = [f0].[FulfilmentIntentId]
      WHERE [f0].[Status] IN (N'Unknown', N'Pending') AND ([f0].[NextReconciliationAt] IS NULL OR [f0].[NextReconciliationAt] <= @__now_0) AND [f0].[ReconciliationAttempts] < 8
      ORDER BY [f0].[UpdatedAt]
info: Microsoft.EntityFrameworkCore.Database.Command[20101]
      Executed DbCommand (37ms) [Parameters=[@__p_1='?' (DbType = Int32), @__now_0='?' (DbType = DateTimeOffset)], CommandType='Text', CommandTimeout='30']
      SELECT TOP(@__p_1) [f].[FulfilmentIntentId], [f].[AgentId], [f].[CreatedAt], [f].[Currency], [f].[DestinationReference], [f].[ExpiresAt], [f].[MerchantOrderId], [f].[Mode], [f].[PickupLocationId], [f].[PrincipalId], [f].[ProviderId], [f].[QuoteHash], [f].[QuoteId], [f].[TotalAmount], [f].[Version]
      FROM [FulfilmentIntents] AS [f]
      INNER JOIN [FulfilmentExecutions] AS [f0] ON [f].[FulfilmentIntentId] = [f0].[FulfilmentIntentId]
      WHERE [f0].[Status] IN (N'Unknown', N'Pending') AND ([f0].[NextReconciliationAt] IS NULL OR [f0].[NextReconciliationAt] <= @__now_0) AND [f0].[ReconciliationAttempts] < 8
      ORDER BY [f0].[UpdatedAt]
info: Microsoft.EntityFrameworkCore.Database.Command[20101]
      Executed DbCommand (19ms) [Parameters=[@__p_1='?' (DbType = Int32), @__now_0='?' (DbType = DateTimeOffset)], CommandType='Text', CommandTimeout='30']
      SELECT TOP(@__p_1) [f].[FulfilmentIntentId], [f].[AgentId], [f].[CreatedAt], [f].[Currency], [f].[DestinationReference], [f].[ExpiresAt], [f].[MerchantOrderId], [f].[Mode], [f].[PickupLocationId], [f].[PrincipalId], [f].[ProviderId], [f].[QuoteHash], [f].[QuoteId], [f].[TotalAmount], [f].[Version]
      FROM [FulfilmentIntents] AS [f]
      INNER JOIN [FulfilmentExecutions] AS [f0] ON [f].[FulfilmentIntentId] = [f0].[FulfilmentIntentId]
      WHERE [f0].[Status] IN (N'Unknown', N'Pending') AND ([f0].[NextReconciliationAt] IS NULL OR [f0].[NextReconciliationAt] <= @__now_0) AND [f0].[ReconciliationAttempts] < 8
      ORDER BY [f0].[UpdatedAt]
info: Microsoft.EntityFrameworkCore.Database.Command[20101]
      Executed DbCommand (25ms) [Parameters=[@__p_1='?' (DbType = Int32), @__now_0='?' (DbType = DateTimeOffset)], CommandType='Text', CommandTimeout='30']
      SELECT TOP(@__p_1) [f].[FulfilmentIntentId], [f].[AgentId], [f].[CreatedAt], [f].[Currency], [f].[DestinationReference], [f].[ExpiresAt], [f].[MerchantOrderId], [f].[Mode], [f].[PickupLocationId], [f].[PrincipalId], [f].[ProviderId], [f].[QuoteHash], [f].[QuoteId], [f].[TotalAmount], [f].[Version]
      FROM [FulfilmentIntents] AS [f]
      INNER JOIN [FulfilmentExecutions] AS [f0] ON [f].[FulfilmentIntentId] = [f0].[FulfilmentIntentId]
      WHERE [f0].[Status] IN (N'Unknown', N'Pending') AND ([f0].[NextReconciliationAt] IS NULL OR [f0].[NextReconciliationAt] <= @__now_0) AND [f0].[ReconciliationAttempts] < 8
      ORDER BY [f0].[UpdatedAt]
